  0
SECTION
  2
HEADER
  9
$ACADVER
  1
AC1024
  9
$ACADMAINTVER
 70
6
  9
$DWGCODEPAGE
  3
ANSI_1252
  9
$LASTSAVEDBY
  1
ezdxf
  9
$INSBASE
 10
0.0
 20
0.0
 30
0.0
  9
$EXTMIN
 10
1e+20
 20
1e+20
 30
1e+20
  9
$EXTMAX
 10
-1e+20
 20
-1e+20
 30
-1e+20
  9
$LIMMIN
 10
0.0
 20
0.0
  9
$LIMMAX
 10
420.0
 20
297.0
  9
$ORTHOMODE
 70
0
  9
$REGENMODE
 70
1
  9
$FILLMODE
 70
1
  9
$QTEXTMODE
 70
0
  9
$MIRRTEXT
 70
1
  9
$LTSCALE
 40
1.0
  9
$ATTMODE
 70
1
  9
$TEXTSIZE
 40
2.5
  9
$TRACEWID
 40
1.0
  9
$TEXTSTYLE
  7
Standard
  9
$CLAYER
  8
0
  9
$CELTYPE
  6
ByLayer
  9
$CECOLOR
 62
256
  9
$CELTSCALE
 40
1.0
  9
$DISPSILH
 70
0
  9
$DIMSCALE
 40
1.0
  9
$DIMASZ
 40
2.5
  9
$DIMEXO
 40
0.625
  9
$DIMDLI
 40
3.75
  9
$DIMRND
 40
0.0
  9
$DIMDLE
 40
0.0
  9
$DIMEXE
 40
1.25
  9
$DIMTP
 40
0.0
  9
$DIMTM
 40
0.0
  9
$DIMTXT
 40
2.5
  9
$DIMCEN
 40
2.5
  9
$DIMTSZ
 40
0.0
  9
$DIMTOL
 70
0
  9
$DIMLIM
 70
0
  9
$DIMTIH
 70
0
  9
$DIMTOH
 70
0
  9
$DIMSE1
 70
0
  9
$DIMSE2
 70
0
  9
$DIMTAD
 70
1
  9
$DIMZIN
 70
8
  9
$DIMBLK
  1

  9
$DIMASO
 70
1
  9
$DIMSHO
 70
1
  9
$DIMPOST
  1

  9
$DIMAPOST
  1

  9
$DIMALT
 70
0
  9
$DIMALTD
 70
3
  9
$DIMALTF
 40
0.03937007874
  9
$DIMLFAC
 40
1.0
  9
$DIMTOFL
 70
1
  9
$DIMTVP
 40
0.0
  9
$DIMTIX
 70
0
  9
$DIMSOXD
 70
0
  9
$DIMSAH
 70
0
  9
$DIMBLK1
  1

  9
$DIMBLK2
  1

  9
$DIMSTYLE
  2
ISO-25
  9
$DIMCLRD
 70
0
  9
$DIMCLRE
 70
0
  9
$DIMCLRT
 70
0
  9
$DIMTFAC
 40
1.0
  9
$DIMGAP
 40
0.625
  9
$DIMJUST
 70
0
  9
$DIMSD1
 70
0
  9
$DIMSD2
 70
0
  9
$DIMTOLJ
 70
0
  9
$DIMTZIN
 70
8
  9
$DIMALTZ
 70
0
  9
$DIMALTTZ
 70
0
  9
$DIMUPT
 70
0
  9
$DIMDEC
 70
2
  9
$DIMTDEC
 70
2
  9
$DIMALTU
 70
2
  9
$DIMALTTD
 70
3
  9
$DIMTXSTY
  7
Standard
  9
$DIMAUNIT
 70
0
  9
$DIMADEC
 70
0
  9
$DIMALTRND
 40
0.0
  9
$DIMAZIN
 70
0
  9
$DIMDSEP
 70
44
  9
$DIMATFIT
 70
3
  9
$DIMFRAC
 70
0
  9
$DIMLDRBLK
  1

  9
$DIMLUNIT
 70
2
  9
$DIMLWD
 70
-2
  9
$DIMLWE
 70
-2
  9
$DIMTMOVE
 70
0
  9
$DIMFXL
 40
1.0
  9
$DIMFXLON
 70
0
  9
$DIMJOGANG
 40
0.785398163397
  9
$DIMTFILL
 70
0
  9
$DIMTFILLCLR
 70
0
  9
$DIMARCSYM
 70
0
  9
$DIMLTYPE
  6

  9
$DIMLTEX1
  6

  9
$DIMLTEX2
  6

  9
$DIMTXTDIRECTION
 70
0
  9
$LUNITS
 70
2
  9
$LUPREC
 70
4
  9
$SKETCHINC
 40
1.0
  9
$FILLETRAD
 40
10.0
  9
$AUNITS
 70
0
  9
$AUPREC
 70
2
  9
$MENU
  1
.
  9
$ELEVATION
 40
0.0
  9
$PELEVATION
 40
0.0
  9
$THICKNESS
 40
0.0
  9
$LIMCHECK
 70
0
  9
$CHAMFERA
 40
0.0
  9
$CHAMFERB
 40
0.0
  9
$CHAMFERC
 40
0.0
  9
$CHAMFERD
 40
0.0
  9
$SKPOLY
 70
0
  9
$TDCREATE
 40
2461203.638113426
  9
$TDUCREATE
 40
2458532.153996898
  9
$TDUPDATE
 40
2461203.638113426
  9
$TDUUPDATE
 40
2458532.1544311
  9
$TDINDWG
 40
0.0
  9
$TDUSRTIMER
 40
0.0
  9
$USRTIMER
 70
1
  9
$ANGBASE
 50
0.0
  9
$ANGDIR
 70
0
  9
$PDMODE
 70
0
  9
$PDSIZE
 40
0.0
  9
$PLINEWID
 40
0.0
  9
$SPLFRAME
 70
0
  9
$SPLINETYPE
 70
6
  9
$SPLINESEGS
 70
8
  9
$HANDSEED
  5
970
  9
$SURFTAB1
 70
6
  9
$SURFTAB2
 70
6
  9
$SURFTYPE
 70
6
  9
$SURFU
 70
6
  9
$SURFV
 70
6
  9
$UCSBASE
  2

  9
$UCSNAME
  2

  9
$UCSORG
 10
0.0
 20
0.0
 30
0.0
  9
$UCSXDIR
 10
1.0
 20
0.0
 30
0.0
  9
$UCSYDIR
 10
0.0
 20
1.0
 30
0.0
  9
$UCSORTHOREF
  2

  9
$UCSORTHOVIEW
 70
0
  9
$UCSORGTOP
 10
0.0
 20
0.0
 30
0.0
  9
$UCSORGBOTTOM
 10
0.0
 20
0.0
 30
0.0
  9
$UCSORGLEFT
 10
0.0
 20
0.0
 30
0.0
  9
$UCSORGRIGHT
 10
0.0
 20
0.0
 30
0.0
  9
$UCSORGFRONT
 10
0.0
 20
0.0
 30
0.0
  9
$UCSORGBACK
 10
0.0
 20
0.0
 30
0.0
  9
$PUCSBASE
  2

  9
$PUCSNAME
  2

  9
$PUCSORG
 10
0.0
 20
0.0
 30
0.0
  9
$PUCSXDIR
 10
1.0
 20
0.0
 30
0.0
  9
$PUCSYDIR
 10
0.0
 20
1.0
 30
0.0
  9
$PUCSORTHOREF
  2

  9
$PUCSORTHOVIEW
 70
0
  9
$PUCSORGTOP
 10
0.0
 20
0.0
 30
0.0
  9
$PUCSORGBOTTOM
 10
0.0
 20
0.0
 30
0.0
  9
$PUCSORGLEFT
 10
0.0
 20
0.0
 30
0.0
  9
$PUCSORGRIGHT
 10
0.0
 20
0.0
 30
0.0
  9
$PUCSORGFRONT
 10
0.0
 20
0.0
 30
0.0
  9
$PUCSORGBACK
 10
0.0
 20
0.0
 30
0.0
  9
$USERI1
 70
0
  9
$USERI2
 70
0
  9
$USERI3
 70
0
  9
$USERI4
 70
0
  9
$USERI5
 70
0
  9
$USERR1
 40
0.0
  9
$USERR2
 40
0.0
  9
$USERR3
 40
0.0
  9
$USERR4
 40
0.0
  9
$USERR5
 40
0.0
  9
$WORLDVIEW
 70
1
  9
$SHADEDGE
 70
3
  9
$SHADEDIF
 70
70
  9
$TILEMODE
 70
1
  9
$MAXACTVP
 70
64
  9
$PINSBASE
 10
0.0
 20
0.0
 30
0.0
  9
$PLIMCHECK
 70
0
  9
$PEXTMIN
 10
1e+20
 20
1e+20
 30
1e+20
  9
$PEXTMAX
 10
-1e+20
 20
-1e+20
 30
-1e+20
  9
$PLIMMIN
 10
0.0
 20
0.0
  9
$PLIMMAX
 10
420.0
 20
297.0
  9
$UNITMODE
 70
0
  9
$VISRETAIN
 70
1
  9
$PLINEGEN
 70
0
  9
$PSLTSCALE
 70
1
  9
$TREEDEPTH
 70
3020
  9
$CMLSTYLE
  2
Standard
  9
$CMLJUST
 70
0
  9
$CMLSCALE
 40
20.0
  9
$PROXYGRAPHICS
 70
1
  9
$MEASUREMENT
 70
1
  9
$CELWEIGHT
370
-1
  9
$ENDCAPS
280
0
  9
$JOINSTYLE
280
0
  9
$LWDISPLAY
290
0
  9
$INSUNITS
 70
4
  9
$HYPERLINKBASE
  1

  9
$STYLESHEET
  1

  9
$XEDIT
290
1
  9
$CEPSNTYPE
380
0
  9
$PSTYLEMODE
290
1
  9
$FINGERPRINTGUID
  2
{F6DC86DE-5539-433B-A0CF-4092D60969EF}
  9
$VERSIONGUID
  2
{F05CAF23-55C3-41D2-933D-2C2AF64F1AE4}
  9
$EXTNAMES
290
1
  9
$PSVPSCALE
 40
0.0
  9
$OLESTARTUP
290
0
  9
$SORTENTS
280
127
  9
$INDEXCTL
280
0
  9
$HIDETEXT
280
1
  9
$XCLIPFRAME
280
1
  9
$HALOGAP
280
0
  9
$OBSCOLOR
 70
257
  9
$OBSLTYPE
280
0
  9
$INTERSECTIONDISPLAY
280
0
  9
$INTERSECTIONCOLOR
 70
257
  9
$DIMASSOC
280
2
  9
$PROJECTNAME
  1

  9
$CAMERADISPLAY
290
0
  9
$LENSLENGTH
 40
50.0
  9
$CAMERAHEIGHT
 40
0.0
  9
$STEPSPERSEC
 40
24.0
  9
$STEPSIZE
 40
100.0
  9
$3DDWFPREC
 40
2.0
  9
$PSOLWIDTH
 40
0.005
  9
$PSOLHEIGHT
 40
0.08
  9
$LOFTANG1
 40
1.570796326795
  9
$LOFTANG2
 40
1.570796326795
  9
$LOFTMAG1
 40
0.0
  9
$LOFTMAG2
 40
0.0
  9
$LOFTPARAM
 70
7
  9
$LOFTNORMALS
280
1
  9
$LATITUDE
 40
37.795
  9
$LONGITUDE
 40
-122.394
  9
$NORTHDIRECTION
 40
0.0
  9
$TIMEZONE
 70
-8000
  9
$LIGHTGLYPHDISPLAY
280
1
  9
$TILEMODELIGHTSYNCH
280
1
  9
$CMATERIAL
347
20
  9
$SOLIDHIST
280
0
  9
$SHOWHIST
280
1
  9
$DWFFRAME
280
2
  9
$DGNFRAME
280
2
  9
$REALWORLDSCALE
290
1
  9
$INTERFERECOLOR
 62
256
  9
$CSHADOW
280
0
  9
$SHADOWPLANELOCATION
 40
0.0
  0
ENDSEC
  0
SECTION
  2
CLASSES
  0
CLASS
  1
ACDBDICTIONARYWDFLT
  2
AcDbDictionaryWithDefault
  3
ObjectDBX Classes
 90
0
 91
0
280
0
281
0
  0
CLASS
  1
SUN
  2
AcDbSun
  3
SCENEOE
 90
1153
 91
0
280
0
281
0
  0
CLASS
  1
VISUALSTYLE
  2
AcDbVisualStyle
  3
ObjectDBX Classes
 90
4095
 91
0
280
0
281
0
  0
CLASS
  1
MATERIAL
  2
AcDbMaterial
  3
ObjectDBX Classes
 90
1153
 91
0
280
0
281
0
  0
CLASS
  1
SCALE
  2
AcDbScale
  3
ObjectDBX Classes
 90
1153
 91
0
280
0
281
0
  0
CLASS
  1
TABLESTYLE
  2
AcDbTableStyle
  3
ObjectDBX Classes
 90
4095
 91
0
280
0
281
0
  0
CLASS
  1
MLEADERSTYLE
  2
AcDbMLeaderStyle
  3
ACDB_MLEADERSTYLE_CLASS
 90
4095
 91
0
280
0
281
0
  0
CLASS
  1
DICTIONARYVAR
  2
AcDbDictionaryVar
  3
ObjectDBX Classes
 90
0
 91
0
280
0
281
0
  0
CLASS
  1
CELLSTYLEMAP
  2
AcDbCellStyleMap
  3
ObjectDBX Classes
 90
1152
 91
0
280
0
281
0
  0
CLASS
  1
MENTALRAYRENDERSETTINGS
  2
AcDbMentalRayRenderSettings
  3
SCENEOE
 90
1024
 91
0
280
0
281
0
  0
CLASS
  1
ACDBDETAILVIEWSTYLE
  2
AcDbDetailViewStyle
  3
ObjectDBX Classes
 90
1025
 91
0
280
0
281
0
  0
CLASS
  1
ACDBSECTIONVIEWSTYLE
  2
AcDbSectionViewStyle
  3
ObjectDBX Classes
 90
1025
 91
0
280
0
281
0
  0
CLASS
  1
RASTERVARIABLES
  2
AcDbRasterVariables
  3
ISM
 90
0
 91
0
280
0
281
0
  0
CLASS
  1
ACDBPLACEHOLDER
  2
AcDbPlaceHolder
  3
ObjectDBX Classes
 90
0
 91
0
280
0
281
0
  0
CLASS
  1
LAYOUT
  2
AcDbLayout
  3
ObjectDBX Classes
 90
0
 91
0
280
0
281
0
  0
ENDSEC
  0
SECTION
  2
TABLES
  0
TABLE
  2
VPORT
  5
8
330
0
100
AcDbSymbolTable
 70
1
  0
VPORT
  5
23
330
8
100
AcDbSymbolTableRecord
100
AcDbViewportTableRecord
  2
*Active
 70
0
 10
0.0
 20
0.0
 11
1.0
 21
1.0
 12
0.0
 22
0.0
 13
0.0
 23
0.0
 14
0.5
 24
0.5
 15
0.5
 25
0.5
 16
0.0
 26
0.0
 36
1.0
 17
0.0
 27
0.0
 37
0.0
 40
1000.0
 41
1.34
 42
50.0
 43
0.0
 44
0.0
 50
0.0
 51
0.0
 71
0
 72
1000
 73
1
 74
3
 75
0
 76
0
 77
0
 78
0
281
0
 65
0
146
0.0
  0
ENDTAB
  0
TABLE
  2
LTYPE
  5
2
330
0
100
AcDbSymbolTable
 70
3
  0
LTYPE
  5
24
330
2
100
AcDbSymbolTableRecord
100
AcDbLinetypeTableRecord
  2
ByBlock
 70
0
  3

 72
65
 73
0
 40
0.0
  0
LTYPE
  5
25
330
2
100
AcDbSymbolTableRecord
100
AcDbLinetypeTableRecord
  2
ByLayer
 70
0
  3

 72
65
 73
0
 40
0.0
  0
LTYPE
  5
26
330
2
100
AcDbSymbolTableRecord
100
AcDbLinetypeTableRecord
  2
Continuous
 70
0
  3

 72
65
 73
0
 40
0.0
  0
ENDTAB
  0
TABLE
  2
LAYER
  5
1
330
0
100
AcDbSymbolTable
 70
8
  0
LAYER
  5
27
330
1
100
AcDbSymbolTableRecord
100
AcDbLayerTableRecord
  2
0
 70
0
 62
7
  6
Continuous
370
-3
390
13
347
21
  0
LAYER
  5
28
330
1
100
AcDbSymbolTableRecord
100
AcDbLayerTableRecord
  2
Defpoints
 70
0
 62
7
  6
Continuous
290
0
370
-3
390
13
347
21
  0
LAYER
  5
2F
330
1
100
AcDbSymbolTableRecord
100
AcDbLayerTableRecord
  2
BETON
 70
0
 62
7
  6
Continuous
370
50
390
13
347
21
  0
LAYER
  5
30
330
1
100
AcDbSymbolTableRecord
100
AcDbLayerTableRecord
  2
ACIER_LONG
 70
0
 62
1
  6
Continuous
370
35
390
13
347
21
  0
LAYER
  5
31
330
1
100
AcDbSymbolTableRecord
100
AcDbLayerTableRecord
  2
ETRIERS
 70
0
 62
3
  6
Continuous
370
25
390
13
347
21
  0
LAYER
  5
32
330
1
100
AcDbSymbolTableRecord
100
AcDbLayerTableRecord
  2
COTATIONS
 70
0
 62
2
  6
Continuous
370
18
390
13
347
21
  0
LAYER
  5
33
330
1
100
AcDbSymbolTableRecord
100
AcDbLayerTableRecord
  2
TEXTES
 70
0
 62
4
  6
Continuous
370
18
390
13
347
21
  0
LAYER
  5
34
330
1
100
AcDbSymbolTableRecord
100
AcDbLayerTableRecord
  2
AXES
 70
0
 62
5
  6
Continuous
370
13
390
13
347
21
  0
ENDTAB
  0
TABLE
  2
STYLE
  5
5
330
0
100
AcDbSymbolTable
 70
1
  0
STYLE
  5
29
330
5
100
AcDbSymbolTableRecord
100
AcDbTextStyleTableRecord
  2
Standard
 70
0
 40
0.0
 41
1.0
 50
0.0
 71
0
 42
2.5
  3
txt
  4

  0
ENDTAB
  0
TABLE
  2
VIEW
  5
7
330
0
100
AcDbSymbolTable
 70
0
  0
ENDTAB
  0
TABLE
  2
UCS
  5
6
330
0
100
AcDbSymbolTable
 70
0
  0
ENDTAB
  0
TABLE
  2
APPID
  5
3
330
0
100
AcDbSymbolTable
 70
3
  0
APPID
  5
2A
330
3
100
AcDbSymbolTableRecord
100
AcDbRegAppTableRecord
  2
ACAD
 70
0
  0
APPID
  5
96D
330
3
100
AcDbSymbolTableRecord
100
AcDbRegAppTableRecord
  2
HATCHBACKGROUNDCOLOR
 70
0
  0
APPID
  5
96E
330
3
100
AcDbSymbolTableRecord
100
AcDbRegAppTableRecord
  2
EZDXF
 70
0
  0
ENDTAB
  0
TABLE
  2
DIMSTYLE
  5
4
330
0
100
AcDbSymbolTable
 70
1
100
AcDbDimStyleTable
  0
DIMSTYLE
105
2B
330
4
100
AcDbSymbolTableRecord
100
AcDbDimStyleTableRecord
  2
Standard
 70
0
 40
1.0
 41
2.5
 42
0.625
 43
3.75
 44
1.25
 45
0.0
 46
0.0
 47
0.0
 48
0.0
 49
2.5
140
2.5
141
2.5
142
0.0
143
0.03937007874
144
1.0
145
0.0
146
1.0
147
0.625
148
0.0
 69
0
 70
0
 71
0
 72
0
 73
0
 74
0
 75
0
 76
0
 77
1
 78
8
 79
3
170
0
171
3
172
1
173
0
174
0
175
0
176
0
177
0
178
0
179
2
271
2
272
2
273
2
274
3
275
0
276
0
277
2
278
44
279
0
280
0
281
0
282
0
283
0
284
8
285
0
286
0
288
0
289
3
290
0
371
-2
372
-2
  0
ENDTAB
  0
TABLE
  2
BLOCK_RECORD
  5
9
330
0
100
AcDbSymbolTable
 70
2
  0
BLOCK_RECORD
  5
17
330
9
100
AcDbSymbolTableRecord
100
AcDbBlockTableRecord
  2
*Model_Space
340
1A
 70
0
280
1
281
0
  0
BLOCK_RECORD
  5
1B
330
9
100
AcDbSymbolTableRecord
100
AcDbBlockTableRecord
  2
*Paper_Space
340
1E
 70
0
280
1
281
0
  0
ENDTAB
  0
ENDSEC
  0
SECTION
  2
BLOCKS
  0
BLOCK
  5
18
330
17
100
AcDbEntity
  8
0
100
AcDbBlockBegin
  2
*Model_Space
 70
0
 10
0.0
 20
0.0
 30
0.0
  3
*Model_Space
  1

  0
ENDBLK
  5
19
330
17
100
AcDbEntity
  8
0
100
AcDbBlockEnd
  0
BLOCK
  5
1C
330
1B
100
AcDbEntity
  8
0
100
AcDbBlockBegin
  2
*Paper_Space
 70
0
 10
0.0
 20
0.0
 30
0.0
  3
*Paper_Space
  1

  0
ENDBLK
  5
1D
330
1B
100
AcDbEntity
  8
0
100
AcDbBlockEnd
  0
ENDSEC
  0
SECTION
  2
ENTITIES
  0
LWPOLYLINE
  5
35
330
17
100
AcDbEntity
  8
BETON
100
AcDbPolyline
 90
4
 70
1
 10
0.0
 20
0.0
 10
5000.0
 20
0.0
 10
5000.0
 20
10000.0
 10
0.0
 20
10000.0
  0
LWPOLYLINE
  5
36
330
17
100
AcDbEntity
  8
ETRIERS
100
AcDbPolyline
 90
4
 70
1
 10
30.0
 20
30.0
 10
4970.0
 20
30.0
 10
4970.0
 20
9970.0
 10
30.0
 20
9970.0
  0
CIRCLE
  5
37
330
17
100
AcDbEntity
  8
ACIER_LONG
100
AcDbCircle
 10
41.0
 20
41.0
 30
0.0
 40
5.0
  0
CIRCLE
  5
38
330
17
100
AcDbEntity
  8
ACIER_LONG
100
AcDbCircle
 10
54.70531177829099
 20
41.0
 30
0.0
 40
5.0
  0
CIRCLE
  5
39
330
17
100
AcDbEntity
  8
ACIER_LONG
100
AcDbCircle
 10
68.41062355658198
 20
41.0
 30
0.0
 40
5.0
  0
CIRCLE
  5
3A
330
17
100
AcDbEntity
  8
ACIER_LONG
100
AcDbCircle
 10
82.11593533487297
 20
41.0
 30
0.0
 40
5.0
  0
CIRCLE
  5
3B
330
17
100
AcDbEntity
  8
ACIER_LONG
100
AcDbCircle
 10
95.82124711316396
 20
41.0
 30
0.0
 40
5.0
  0
CIRCLE
  5
3C
330
17
100
AcDbEntity
  8
ACIER_LONG
100
AcDbCircle
 10
109.52655889145497
 20
41.0
 30
0.0
 40
5.0
  0
CIRCLE
  5
3D
330
17
100
AcDbEntity
  8
ACIER_LONG
100
AcDbCircle
 10
123.23187066974596
 20
41.0
 30
0.0
 40
5.0
  0
CIRCLE
  5
3E
330
17
100
AcDbEntity
  8
ACIER_LONG
100
AcDbCircle
 10
136.93718244803694
 20
41.0
 30
0.0
 40
5.0
  0
CIRCLE
  5
3F
330
17
100
AcDbEntity
  8
ACIER_LONG
100
AcDbCircle
 10
150.64249422632793
 20
41.0
 30
0.0
 40
5.0
  0
CIRCLE
  5
40
330
17
100
AcDbEntity
  8
ACIER_LONG
100
AcDbCircle
 10
164.34780600461892
 20
41.0
 30
0.0
 40
5.0
  0
CIRCLE
  5
41
330
17
100
AcDbEntity
  8
ACIER_LONG
100
AcDbCircle
 10
178.05311778290994
 20
41.0
 30
0.0
 40
5.0
  0
CIRCLE
  5
42
330
17
100
AcDbEntity
  8
ACIER_LONG
100
AcDbCircle
 10
191.75842956120093
 20
41.0
 30
0.0
 40
5.0
  0
CIRCLE
  5
43
330
17
100
AcDbEntity
  8
ACIER_LONG
100
AcDbCircle
 10
205.46374133949192
 20
41.0
 30
0.0
 40
5.0
  0
CIRCLE
  5
44
330
17
100
AcDbEntity
  8
ACIER_LONG
100
AcDbCircle
 10
219.1690531177829
 20
41.0
 30
0.0
 40
5.0
  0
CIRCLE
  5
45
330
17
100
AcDbEntity
  8
ACIER_LONG
100
AcDbCircle
 10
232.8743648960739
 20
41.0
 30
0.0
 40
5.0
  0
CIRCLE
  5
46
330
17
100
AcDbEntity
  8
ACIER_LONG
100
AcDbCircle
 10
246.5796766743649
 20
41.0
 30
0.0
 40
5.0
  0
CIRCLE
  5
47
330
17
100
AcDbEntity
  8
ACIER_LONG
100
AcDbCircle
 10
260.28498845265585
 20
41.0
 30
0.0
 40
5.0
  0
CIRCLE
  5
48
330
17
100
AcDbEntity
  8
ACIER_LONG
100
AcDbCircle
 10
273.9903002309469
 20
41.0
 30
0.0
 40
5.0
  0
CIRCLE
  5
49
330
17
100
AcDbEntity
  8
ACIER_LONG
100
AcDbCircle
 10
287.69561200923783
 20
41.0
 30
0.0
 40
5.0
  0
CIRCLE
  5
4A
330
17
100
AcDbEntity
  8
ACIER_LONG
100
AcDbCircle
 10
301.4009237875289
 20
41.0
 30
0.0
 40
5.0
  0
CIRCLE
  5
4B
330
17
100
AcDbEntity
  8
ACIER_LONG
100
AcDbCircle
 10
315.1062355658199
 20
41.0
 30
0.0
 40
5.0
  0
CIRCLE
  5
4C
330
17
100
AcDbEntity
  8
ACIER_LONG
100
AcDbCircle
 10
328.81154734411086
 20
41.0
 30
0.0
 40
5.0
  0
CIRCLE
  5
4D
330
17
100
AcDbEntity
  8
ACIER_LONG
100
AcDbCircle
 10
342.51685912240185
 20
41.0
 30
0.0
 40
5.0
  0
CIRCLE
  5
4E
330
17
100
AcDbEntity
  8
ACIER_LONG
100
AcDbCircle
 10
356.22217090069284
 20
41.0
 30
0.0
 40
5.0
  0
CIRCLE
  5
4F
330
17
100
AcDbEntity
  8
ACIER_LONG
100
AcDbCircle
 10
369.92748267898384
 20
41.0
 30
0.0
 40
5.0
  0
CIRCLE
  5
50
330
17
100
AcDbEntity
  8
ACIER_LONG
100
AcDbCircle
 10
383.6327944572748
 20
41.0
 30
0.0
 40
5.0
  0
CIRCLE
  5
51
330
17
100
AcDbEntity
  8
ACIER_LONG
100
AcDbCircle
 10
397.3381062355658
 20
41.0
 30
0.0
 40
5.0
  0
CIRCLE
  5
52
330
17
100
AcDbEntity
  8
ACIER_LONG
100
AcDbCircle
 10
411.0434180138568
 20
41.0
 30
0.0
 40
5.0
  0
CIRCLE
  5
53
330
17
100
AcDbEntity
  8
ACIER_LONG
100
AcDbCircle
 10
424.7487297921478
 20
41.0
 30
0.0
 40
5.0
  0
CIRCLE
  5
54
330
17
100
AcDbEntity
  8
ACIER_LONG
100
AcDbCircle
 10
438.4540415704388
 20
41.0
 30
0.0
 40
5.0
  0
CIRCLE
  5
55
330
17
100
AcDbEntity
  8
ACIER_LONG
100
AcDbCircle
 10
452.1593533487298
 20
41.0
 30
0.0
 40
5.0
  0
CIRCLE
  5
56
330
17
100
AcDbEntity
  8
ACIER_LONG
100
AcDbCircle
 10
465.86466512702077
 20
41.0
 30
0.0
 40
5.0
  0
CIRCLE
  5
57
330
17
100
AcDbEntity
  8
ACIER_LONG
100
AcDbCircle
 10
479.56997690531176
 20
41.0
 30
0.0
 40
5.0
  0
CIRCLE
  5
58
330
17
100
AcDbEntity
  8
ACIER_LONG
100
AcDbCircle
 10
493.27528868360275
 20
41.0
 30
0.0
 40
5.0
  0
CIRCLE
  5
59
330
17
100
AcDbEntity
  8
ACIER_LONG
100
AcDbCircle
 10
506.98060046189374
 20
41.0
 30
0.0
 40
5.0
  0
CIRCLE
  5
5A
330
17
100
AcDbEntity
  8
ACIER_LONG
100
AcDbCircle
 10
520.6859122401847
 20
41.0
 30
0.0
 40
5.0
  0
CIRCLE
  5
5B
330
17
100
AcDbEntity
  8
ACIER_LONG
100
AcDbCircle
 10
534.3912240184757
 20
41.0
 30
0.0
 40
5.0
  0
CIRCLE
  5
5C
330
17
100
AcDbEntity
  8
ACIER_LONG
100
AcDbCircle
 10
548.0965357967667
 20
41.0
 30
0.0
 40
5.0
  0
CIRCLE
  5
5D
330
17
100
AcDbEntity
  8
ACIER_LONG
100
AcDbCircle
 10
561.8018475750578
 20
41.0
 30
0.0
 40
5.0
  0
CIRCLE
  5
5E
330
17
100
AcDbEntity
  8
ACIER_LONG
100
AcDbCircle
 10
575.5071593533487
 20
41.0
 30
0.0
 40
5.0
  0
CIRCLE
  5
5F
330
17
100
AcDbEntity
  8
ACIER_LONG
100
AcDbCircle
 10
589.2124711316397
 20
41.0
 30
0.0
 40
5.0
  0
CIRCLE
  5
60
330
17
100
AcDbEntity
  8
ACIER_LONG
100
AcDbCircle
 10
602.9177829099307
 20
41.0
 30
0.0
 40
5.0
  0
CIRCLE
  5
61
330
17
100
AcDbEntity
  8
ACIER_LONG
100
AcDbCircle
 10
616.6230946882217
 20
41.0
 30
0.0
 40
5.0
  0
CIRCLE
  5
62
330
17
100
AcDbEntity
  8
ACIER_LONG
100
AcDbCircle
 10
630.3284064665127
 20
41.0
 30
0.0
 40
5.0
  0
CIRCLE
  5
63
330
17
100
AcDbEntity
  8
ACIER_LONG
100
AcDbCircle
 10
644.0337182448037
 20
41.0
 30
0.0
 40
5.0
  0
CIRCLE
  5
64
330
17
100
AcDbEntity
  8
ACIER_LONG
100
AcDbCircle
 10
657.7390300230946
 20
41.0
 30
0.0
 40
5.0
  0
CIRCLE
  5
65
330
17
100
AcDbEntity
  8
ACIER_LONG
100
AcDbCircle
 10
671.4443418013857
 20
41.0
 30
0.0
 40
5.0
  0
CIRCLE
  5
66
330
17
100
AcDbEntity
  8
ACIER_LONG
100
AcDbCircle
 10
685.1496535796766
 20
41.0
 30
0.0
 40
5.0
  0
CIRCLE
  5
67
330
17
100
AcDbEntity
  8
ACIER_LONG
100
AcDbCircle
 10
698.8549653579677
 20
41.0
 30
0.0
 40
5.0
  0
CIRCLE
  5
68
330
17
100
AcDbEntity
  8
ACIER_LONG
100
AcDbCircle
 10
712.5602771362586
 20
41.0
 30
0.0
 40
5.0
  0
CIRCLE
  5
69
330
17
100
AcDbEntity
  8
ACIER_LONG
100
AcDbCircle
 10
726.2655889145497
 20
41.0
 30
0.0
 40
5.0
  0
CIRCLE
  5
6A
330
17
100
AcDbEntity
  8
ACIER_LONG
100
AcDbCircle
 10
739.9709006928407
 20
41.0
 30
0.0
 40
5.0
  0
CIRCLE
  5
6B
330
17
100
AcDbEntity
  8
ACIER_LONG
100
AcDbCircle
 10
753.6762124711316
 20
41.0
 30
0.0
 40
5.0
  0
CIRCLE
  5
6C
330
17
100
AcDbEntity
  8
ACIER_LONG
100
AcDbCircle
 10
767.3815242494227
 20
41.0
 30
0.0
 40
5.0
  0
CIRCLE
  5
6D
330
17
100
AcDbEntity
  8
ACIER_LONG
100
AcDbCircle
 10
781.0868360277136
 20
41.0
 30
0.0
 40
5.0
  0
CIRCLE
  5
6E
330
17
100
AcDbEntity
  8
ACIER_LONG
100
AcDbCircle
 10
794.7921478060047
 20
41.0
 30
0.0
 40
5.0
  0
CIRCLE
  5
6F
330
17
100
AcDbEntity
  8
ACIER_LONG
100
AcDbCircle
 10
808.4974595842956
 20
41.0
 30
0.0
 40
5.0
  0
CIRCLE
  5
70
330
17
100
AcDbEntity
  8
ACIER_LONG
100
AcDbCircle
 10
822.2027713625866
 20
41.0
 30
0.0
 40
5.0
  0
CIRCLE
  5
71
330
17
100
AcDbEntity
  8
ACIER_LONG
100
AcDbCircle
 10
835.9080831408776
 20
41.0
 30
0.0
 40
5.0
  0
CIRCLE
  5
72
330
17
100
AcDbEntity
  8
ACIER_LONG
100
AcDbCircle
 10
849.6133949191686
 20
41.0
 30
0.0
 40
5.0
  0
CIRCLE
  5
73
330
17
100
AcDbEntity
  8
ACIER_LONG
100
AcDbCircle
 10
863.3187066974596
 20
41.0
 30
0.0
 40
5.0
  0
CIRCLE
  5
74
330
17
100
AcDbEntity
  8
ACIER_LONG
100
AcDbCircle
 10
877.0240184757506
 20
41.0
 30
0.0
 40
5.0
  0
CIRCLE
  5
75
330
17
100
AcDbEntity
  8
ACIER_LONG
100
AcDbCircle
 10
890.7293302540415
 20
41.0
 30
0.0
 40
5.0
  0
CIRCLE
  5
76
330
17
100
AcDbEntity
  8
ACIER_LONG
100
AcDbCircle
 10
904.4346420323326
 20
41.0
 30
0.0
 40
5.0
  0
CIRCLE
  5
77
330
17
100
AcDbEntity
  8
ACIER_LONG
100
AcDbCircle
 10
918.1399538106235
 20
41.0
 30
0.0
 40
5.0
  0
CIRCLE
  5
78
330
17
100
AcDbEntity
  8
ACIER_LONG
100
AcDbCircle
 10
931.8452655889146
 20
41.0
 30
0.0
 40
5.0
  0
CIRCLE
  5
79
330
17
100
AcDbEntity
  8
ACIER_LONG
100
AcDbCircle
 10
945.5505773672055
 20
41.0
 30
0.0
 40
5.0
  0
CIRCLE
  5
7A
330
17
100
AcDbEntity
  8
ACIER_LONG
100
AcDbCircle
 10
959.2558891454966
 20
41.0
 30
0.0
 40
5.0
  0
CIRCLE
  5
7B
330
17
100
AcDbEntity
  8
ACIER_LONG
100
AcDbCircle
 10
972.9612009237875
 20
41.0
 30
0.0
 40
5.0
  0
CIRCLE
  5
7C
330
17
100
AcDbEntity
  8
ACIER_LONG
100
AcDbCircle
 10
986.6665127020785
 20
41.0
 30
0.0
 40
5.0
  0
CIRCLE
  5
7D
330
17
100
AcDbEntity
  8
ACIER_LONG
100
AcDbCircle
 10
1000.3718244803695
 20
41.0
 30
0.0
 40
5.0
  0
CIRCLE
  5
7E
330
17
100
AcDbEntity
  8
ACIER_LONG
100
AcDbCircle
 10
1014.0771362586605
 20
41.0
 30
0.0
 40
5.0
  0
CIRCLE
  5
7F
330
17
100
AcDbEntity
  8
ACIER_LONG
100
AcDbCircle
 10
1027.7824480369513
 20
41.0
 30
0.0
 40
5.0
  0
CIRCLE
  5
80
330
17
100
AcDbEntity
  8
ACIER_LONG
100
AcDbCircle
 10
1041.4877598152425
 20
41.0
 30
0.0
 40
5.0
  0
CIRCLE
  5
81
330
17
100
AcDbEntity
  8
ACIER_LONG
100
AcDbCircle
 10
1055.1930715935334
 20
41.0
 30
0.0
 40
5.0
  0
CIRCLE
  5
82
330
17
100
AcDbEntity
  8
ACIER_LONG
100
AcDbCircle
 10
1068.8983833718246
 20
41.0
 30
0.0
 40
5.0
  0
CIRCLE
  5
83
330
17
100
AcDbEntity
  8
ACIER_LONG
100
AcDbCircle
 10
1082.6036951501155
 20
41.0
 30
0.0
 40
5.0
  0
CIRCLE
  5
84
330
17
100
AcDbEntity
  8
ACIER_LONG
100
AcDbCircle
 10
1096.3090069284065
 20
41.0
 30
0.0
 40
5.0
  0
CIRCLE
  5
85
330
17
100
AcDbEntity
  8
ACIER_LONG
100
AcDbCircle
 10
1110.0143187066974
 20
41.0
 30
0.0
 40
5.0
  0
CIRCLE
  5
86
330
17
100
AcDbEntity
  8
ACIER_LONG
100
AcDbCircle
 10
1123.7196304849886
 20
41.0
 30
0.0
 40
5.0
  0
CIRCLE
  5
87
330
17
100
AcDbEntity
  8
ACIER_LONG
100
AcDbCircle
 10
1137.4249422632795
 20
41.0
 30
0.0
 40
5.0
  0
CIRCLE
  5
88
330
17
100
AcDbEntity
  8
ACIER_LONG
100
AcDbCircle
 10
1151.1302540415704
 20
41.0
 30
0.0
 40
5.0
  0
CIRCLE
  5
89
330
17
100
AcDbEntity
  8
ACIER_LONG
100
AcDbCircle
 10
1164.8355658198614
 20
41.0
 30
0.0
 40
5.0
  0
CIRCLE
  5
8A
330
17
100
AcDbEntity
  8
ACIER_LONG
100
AcDbCircle
 10
1178.5408775981525
 20
41.0
 30
0.0
 40
5.0
  0
CIRCLE
  5
8B
330
17
100
AcDbEntity
  8
ACIER_LONG
100
AcDbCircle
 10
1192.2461893764435
 20
41.0
 30
0.0
 40
5.0
  0
CIRCLE
  5
8C
330
17
100
AcDbEntity
  8
ACIER_LONG
100
AcDbCircle
 10
1205.9515011547344
 20
41.0
 30
0.0
 40
5.0
  0
CIRCLE
  5
8D
330
17
100
AcDbEntity
  8
ACIER_LONG
100
AcDbCircle
 10
1219.6568129330253
 20
41.0
 30
0.0
 40
5.0
  0
CIRCLE
  5
8E
330
17
100
AcDbEntity
  8
ACIER_LONG
100
AcDbCircle
 10
1233.3621247113165
 20
41.0
 30
0.0
 40
5.0
  0
CIRCLE
  5
8F
330
17
100
AcDbEntity
  8
ACIER_LONG
100
AcDbCircle
 10
1247.0674364896074
 20
41.0
 30
0.0
 40
5.0
  0
CIRCLE
  5
90
330
17
100
AcDbEntity
  8
ACIER_LONG
100
AcDbCircle
 10
1260.7727482678984
 20
41.0
 30
0.0
 40
5.0
  0
CIRCLE
  5
91
330
17
100
AcDbEntity
  8
ACIER_LONG
100
AcDbCircle
 10
1274.4780600461893
 20
41.0
 30
0.0
 40
5.0
  0
CIRCLE
  5
92
330
17
100
AcDbEntity
  8
ACIER_LONG
100
AcDbCircle
 10
1288.1833718244804
 20
41.0
 30
0.0
 40
5.0
  0
CIRCLE
  5
93
330
17
100
AcDbEntity
  8
ACIER_LONG
100
AcDbCircle
 10
1301.8886836027714
 20
41.0
 30
0.0
 40
5.0
  0
CIRCLE
  5
94
330
17
100
AcDbEntity
  8
ACIER_LONG
100
AcDbCircle
 10
1315.5939953810623
 20
41.0
 30
0.0
 40
5.0
  0
CIRCLE
  5
95
330
17
100
AcDbEntity
  8
ACIER_LONG
100
AcDbCircle
 10
1329.2993071593532
 20
41.0
 30
0.0
 40
5.0
  0
CIRCLE
  5
96
330
17
100
AcDbEntity
  8
ACIER_LONG
100
AcDbCircle
 10
1343.0046189376444
 20
41.0
 30
0.0
 40
5.0
  0
CIRCLE
  5
97
330
17
100
AcDbEntity
  8
ACIER_LONG
100
AcDbCircle
 10
1356.7099307159353
 20
41.0
 30
0.0
 40
5.0
  0
CIRCLE
  5
98
330
17
100
AcDbEntity
  8
ACIER_LONG
100
AcDbCircle
 10
1370.4152424942263
 20
41.0
 30
0.0
 40
5.0
  0
CIRCLE
  5
99
330
17
100
AcDbEntity
  8
ACIER_LONG
100
AcDbCircle
 10
1384.1205542725172
 20
41.0
 30
0.0
 40
5.0
  0
CIRCLE
  5
9A
330
17
100
AcDbEntity
  8
ACIER_LONG
100
AcDbCircle
 10
1397.8258660508084
 20
41.0
 30
0.0
 40
5.0
  0
CIRCLE
  5
9B
330
17
100
AcDbEntity
  8
ACIER_LONG
100
AcDbCircle
 10
1411.5311778290993
 20
41.0
 30
0.0
 40
5.0
  0
CIRCLE
  5
9C
330
17
100
AcDbEntity
  8
ACIER_LONG
100
AcDbCircle
 10
1425.2364896073902
 20
41.0
 30
0.0
 40
5.0
  0
CIRCLE
  5
9D
330
17
100
AcDbEntity
  8
ACIER_LONG
100
AcDbCircle
 10
1438.9418013856814
 20
41.0
 30
0.0
 40
5.0
  0
CIRCLE
  5
9E
330
17
100
AcDbEntity
  8
ACIER_LONG
100
AcDbCircle
 10
1452.6471131639723
 20
41.0
 30
0.0
 40
5.0
  0
CIRCLE
  5
9F
330
17
100
AcDbEntity
  8
ACIER_LONG
100
AcDbCircle
 10
1466.3524249422633
 20
41.0
 30
0.0
 40
5.0
  0
CIRCLE
  5
A0
330
17
100
AcDbEntity
  8
ACIER_LONG
100
AcDbCircle
 10
1480.0577367205542
 20
41.0
 30
0.0
 40
5.0
  0
CIRCLE
  5
A1
330
17
100
AcDbEntity
  8
ACIER_LONG
100
AcDbCircle
 10
1493.7630484988454
 20
41.0
 30
0.0
 40
5.0
  0
CIRCLE
  5
A2
330
17
100
AcDbEntity
  8
ACIER_LONG
100
AcDbCircle
 10
1507.4683602771363
 20
41.0
 30
0.0
 40
5.0
  0
CIRCLE
  5
A3
330
17
100
AcDbEntity
  8
ACIER_LONG
100
AcDbCircle
 10
1521.1736720554272
 20
41.0
 30
0.0
 40
5.0
  0
CIRCLE
  5
A4
330
17
100
AcDbEntity
  8
ACIER_LONG
100
AcDbCircle
 10
1534.8789838337182
 20
41.0
 30
0.0
 40
5.0
  0
CIRCLE
  5
A5
330
17
100
AcDbEntity
  8
ACIER_LONG
100
AcDbCircle
 10
1548.5842956120093
 20
41.0
 30
0.0
 40
5.0
  0
CIRCLE
  5
A6
330
17
100
AcDbEntity
  8
ACIER_LONG
100
AcDbCircle
 10
1562.2896073903003
 20
41.0
 30
0.0
 40
5.0
  0
CIRCLE
  5
A7
330
17
100
AcDbEntity
  8
ACIER_LONG
100
AcDbCircle
 10
1575.9949191685912
 20
41.0
 30
0.0
 40
5.0
  0
CIRCLE
  5
A8
330
17
100
AcDbEntity
  8
ACIER_LONG
100
AcDbCircle
 10
1589.7002309468821
 20
41.0
 30
0.0
 40
5.0
  0
CIRCLE
  5
A9
330
17
100
AcDbEntity
  8
ACIER_LONG
100
AcDbCircle
 10
1603.4055427251733
 20
41.0
 30
0.0
 40
5.0
  0
CIRCLE
  5
AA
330
17
100
AcDbEntity
  8
ACIER_LONG
100
AcDbCircle
 10
1617.1108545034642
 20
41.0
 30
0.0
 40
5.0
  0
CIRCLE
  5
AB
330
17
100
AcDbEntity
  8
ACIER_LONG
100
AcDbCircle
 10
1630.8161662817552
 20
41.0
 30
0.0
 40
5.0
  0
CIRCLE
  5
AC
330
17
100
AcDbEntity
  8
ACIER_LONG
100
AcDbCircle
 10
1644.521478060046
 20
41.0
 30
0.0
 40
5.0
  0
CIRCLE
  5
AD
330
17
100
AcDbEntity
  8
ACIER_LONG
100
AcDbCircle
 10
1658.2267898383373
 20
41.0
 30
0.0
 40
5.0
  0
CIRCLE
  5
AE
330
17
100
AcDbEntity
  8
ACIER_LONG
100
AcDbCircle
 10
1671.9321016166282
 20
41.0
 30
0.0
 40
5.0
  0
CIRCLE
  5
AF
330
17
100
AcDbEntity
  8
ACIER_LONG
100
AcDbCircle
 10
1685.6374133949191
 20
41.0
 30
0.0
 40
5.0
  0
CIRCLE
  5
B0
330
17
100
AcDbEntity
  8
ACIER_LONG
100
AcDbCircle
 10
1699.34272517321
 20
41.0
 30
0.0
 40
5.0
  0
CIRCLE
  5
B1
330
17
100
AcDbEntity
  8
ACIER_LONG
100
AcDbCircle
 10
1713.0480369515012
 20
41.0
 30
0.0
 40
5.0
  0
CIRCLE
  5
B2
330
17
100
AcDbEntity
  8
ACIER_LONG
100
AcDbCircle
 10
1726.7533487297922
 20
41.0
 30
0.0
 40
5.0
  0
CIRCLE
  5
B3
330
17
100
AcDbEntity
  8
ACIER_LONG
100
AcDbCircle
 10
1740.458660508083
 20
41.0
 30
0.0
 40
5.0
  0
CIRCLE
  5
B4
330
17
100
AcDbEntity
  8
ACIER_LONG
100
AcDbCircle
 10
1754.1639722863742
 20
41.0
 30
0.0
 40
5.0
  0
CIRCLE
  5
B5
330
17
100
AcDbEntity
  8
ACIER_LONG
100
AcDbCircle
 10
1767.8692840646652
 20
41.0
 30
0.0
 40
5.0
  0
CIRCLE
  5
B6
330
17
100
AcDbEntity
  8
ACIER_LONG
100
AcDbCircle
 10
1781.5745958429561
 20
41.0
 30
0.0
 40
5.0
  0
CIRCLE
  5
B7
330
17
100
AcDbEntity
  8
ACIER_LONG
100
AcDbCircle
 10
1795.279907621247
 20
41.0
 30
0.0
 40
5.0
  0
CIRCLE
  5
B8
330
17
100
AcDbEntity
  8
ACIER_LONG
100
AcDbCircle
 10
1808.9852193995382
 20
41.0
 30
0.0
 40
5.0
  0
CIRCLE
  5
B9
330
17
100
AcDbEntity
  8
ACIER_LONG
100
AcDbCircle
 10
1822.6905311778291
 20
41.0
 30
0.0
 40
5.0
  0
CIRCLE
  5
BA
330
17
100
AcDbEntity
  8
ACIER_LONG
100
AcDbCircle
 10
1836.39584295612
 20
41.0
 30
0.0
 40
5.0
  0
CIRCLE
  5
BB
330
17
100
AcDbEntity
  8
ACIER_LONG
100
AcDbCircle
 10
1850.101154734411
 20
41.0
 30
0.0
 40
5.0
  0
CIRCLE
  5
BC
330
17
100
AcDbEntity
  8
ACIER_LONG
100
AcDbCircle
 10
1863.8064665127022
 20
41.0
 30
0.0
 40
5.0
  0
CIRCLE
  5
BD
330
17
100
AcDbEntity
  8
ACIER_LONG
100
AcDbCircle
 10
1877.511778290993
 20
41.0
 30
0.0
 40
5.0
  0
CIRCLE
  5
BE
330
17
100
AcDbEntity
  8
ACIER_LONG
100
AcDbCircle
 10
1891.217090069284
 20
41.0
 30
0.0
 40
5.0
  0
CIRCLE
  5
BF
330
17
100
AcDbEntity
  8
ACIER_LONG
100
AcDbCircle
 10
1904.922401847575
 20
41.0
 30
0.0
 40
5.0
  0
CIRCLE
  5
C0
330
17
100
AcDbEntity
  8
ACIER_LONG
100
AcDbCircle
 10
1918.6277136258661
 20
41.0
 30
0.0
 40
5.0
  0
CIRCLE
  5
C1
330
17
100
AcDbEntity
  8
ACIER_LONG
100
AcDbCircle
 10
1932.333025404157
 20
41.0
 30
0.0
 40
5.0
  0
CIRCLE
  5
C2
330
17
100
AcDbEntity
  8
ACIER_LONG
100
AcDbCircle
 10
1946.038337182448
 20
41.0
 30
0.0
 40
5.0
  0
CIRCLE
  5
C3
330
17
100
AcDbEntity
  8
ACIER_LONG
100
AcDbCircle
 10
1959.743648960739
 20
41.0
 30
0.0
 40
5.0
  0
CIRCLE
  5
C4
330
17
100
AcDbEntity
  8
ACIER_LONG
100
AcDbCircle
 10
1973.44896073903
 20
41.0
 30
0.0
 40
5.0
  0
CIRCLE
  5
C5
330
17
100
AcDbEntity
  8
ACIER_LONG
100
AcDbCircle
 10
1987.154272517321
 20
41.0
 30
0.0
 40
5.0
  0
CIRCLE
  5
C6
330
17
100
AcDbEntity
  8
ACIER_LONG
100
AcDbCircle
 10
2000.859584295612
 20
41.0
 30
0.0
 40
5.0
  0
CIRCLE
  5
C7
330
17
100
AcDbEntity
  8
ACIER_LONG
100
AcDbCircle
 10
2014.564896073903
 20
41.0
 30
0.0
 40
5.0
  0
CIRCLE
  5
C8
330
17
100
AcDbEntity
  8
ACIER_LONG
100
AcDbCircle
 10
2028.270207852194
 20
41.0
 30
0.0
 40
5.0
  0
CIRCLE
  5
C9
330
17
100
AcDbEntity
  8
ACIER_LONG
100
AcDbCircle
 10
2041.975519630485
 20
41.0
 30
0.0
 40
5.0
  0
CIRCLE
  5
CA
330
17
100
AcDbEntity
  8
ACIER_LONG
100
AcDbCircle
 10
2055.6808314087757
 20
41.0
 30
0.0
 40
5.0
  0
CIRCLE
  5
CB
330
17
100
AcDbEntity
  8
ACIER_LONG
100
AcDbCircle
 10
2069.386143187067
 20
41.0
 30
0.0
 40
5.0
  0
CIRCLE
  5
CC
330
17
100
AcDbEntity
  8
ACIER_LONG
100
AcDbCircle
 10
2083.091454965358
 20
41.0
 30
0.0
 40
5.0
  0
CIRCLE
  5
CD
330
17
100
AcDbEntity
  8
ACIER_LONG
100
AcDbCircle
 10
2096.796766743649
 20
41.0
 30
0.0
 40
5.0
  0
CIRCLE
  5
CE
330
17
100
AcDbEntity
  8
ACIER_LONG
100
AcDbCircle
 10
2110.50207852194
 20
41.0
 30
0.0
 40
5.0
  0
CIRCLE
  5
CF
330
17
100
AcDbEntity
  8
ACIER_LONG
100
AcDbCircle
 10
2124.207390300231
 20
41.0
 30
0.0
 40
5.0
  0
CIRCLE
  5
D0
330
17
100
AcDbEntity
  8
ACIER_LONG
100
AcDbCircle
 10
2137.9127020785218
 20
41.0
 30
0.0
 40
5.0
  0
CIRCLE
  5
D1
330
17
100
AcDbEntity
  8
ACIER_LONG
100
AcDbCircle
 10
2151.618013856813
 20
41.0
 30
0.0
 40
5.0
  0
CIRCLE
  5
D2
330
17
100
AcDbEntity
  8
ACIER_LONG
100
AcDbCircle
 10
2165.323325635104
 20
41.0
 30
0.0
 40
5.0
  0
CIRCLE
  5
D3
330
17
100
AcDbEntity
  8
ACIER_LONG
100
AcDbCircle
 10
2179.028637413395
 20
41.0
 30
0.0
 40
5.0
  0
CIRCLE
  5
D4
330
17
100
AcDbEntity
  8
ACIER_LONG
100
AcDbCircle
 10
2192.733949191686
 20
41.0
 30
0.0
 40
5.0
  0
CIRCLE
  5
D5
330
17
100
AcDbEntity
  8
ACIER_LONG
100
AcDbCircle
 10
2206.439260969977
 20
41.0
 30
0.0
 40
5.0
  0
CIRCLE
  5
D6
330
17
100
AcDbEntity
  8
ACIER_LONG
100
AcDbCircle
 10
2220.144572748268
 20
41.0
 30
0.0
 40
5.0
  0
CIRCLE
  5
D7
330
17
100
AcDbEntity
  8
ACIER_LONG
100
AcDbCircle
 10
2233.849884526559
 20
41.0
 30
0.0
 40
5.0
  0
CIRCLE
  5
D8
330
17
100
AcDbEntity
  8
ACIER_LONG
100
AcDbCircle
 10
2247.5551963048497
 20
41.0
 30
0.0
 40
5.0
  0
CIRCLE
  5
D9
330
17
100
AcDbEntity
  8
ACIER_LONG
100
AcDbCircle
 10
2261.260508083141
 20
41.0
 30
0.0
 40
5.0
  0
CIRCLE
  5
DA
330
17
100
AcDbEntity
  8
ACIER_LONG
100
AcDbCircle
 10
2274.965819861432
 20
41.0
 30
0.0
 40
5.0
  0
CIRCLE
  5
DB
330
17
100
AcDbEntity
  8
ACIER_LONG
100
AcDbCircle
 10
2288.6711316397227
 20
41.0
 30
0.0
 40
5.0
  0
CIRCLE
  5
DC
330
17
100
AcDbEntity
  8
ACIER_LONG
100
AcDbCircle
 10
2302.376443418014
 20
41.0
 30
0.0
 40
5.0
  0
CIRCLE
  5
DD
330
17
100
AcDbEntity
  8
ACIER_LONG
100
AcDbCircle
 10
2316.081755196305
 20
41.0
 30
0.0
 40
5.0
  0
CIRCLE
  5
DE
330
17
100
AcDbEntity
  8
ACIER_LONG
100
AcDbCircle
 10
2329.7870669745957
 20
41.0
 30
0.0
 40
5.0
  0
CIRCLE
  5
DF
330
17
100
AcDbEntity
  8
ACIER_LONG
100
AcDbCircle
 10
2343.492378752887
 20
41.0
 30
0.0
 40
5.0
  0
CIRCLE
  5
E0
330
17
100
AcDbEntity
  8
ACIER_LONG
100
AcDbCircle
 10
2357.1976905311776
 20
41.0
 30
0.0
 40
5.0
  0
CIRCLE
  5
E1
330
17
100
AcDbEntity
  8
ACIER_LONG
100
AcDbCircle
 10
2370.903002309469
 20
41.0
 30
0.0
 40
5.0
  0
CIRCLE
  5
E2
330
17
100
AcDbEntity
  8
ACIER_LONG
100
AcDbCircle
 10
2384.60831408776
 20
41.0
 30
0.0
 40
5.0
  0
CIRCLE
  5
E3
330
17
100
AcDbEntity
  8
ACIER_LONG
100
AcDbCircle
 10
2398.3136258660506
 20
41.0
 30
0.0
 40
5.0
  0
CIRCLE
  5
E4
330
17
100
AcDbEntity
  8
ACIER_LONG
100
AcDbCircle
 10
2412.018937644342
 20
41.0
 30
0.0
 40
5.0
  0
CIRCLE
  5
E5
330
17
100
AcDbEntity
  8
ACIER_LONG
100
AcDbCircle
 10
2425.724249422633
 20
41.0
 30
0.0
 40
5.0
  0
CIRCLE
  5
E6
330
17
100
AcDbEntity
  8
ACIER_LONG
100
AcDbCircle
 10
2439.4295612009237
 20
41.0
 30
0.0
 40
5.0
  0
CIRCLE
  5
E7
330
17
100
AcDbEntity
  8
ACIER_LONG
100
AcDbCircle
 10
2453.134872979215
 20
41.0
 30
0.0
 40
5.0
  0
CIRCLE
  5
E8
330
17
100
AcDbEntity
  8
ACIER_LONG
100
AcDbCircle
 10
2466.840184757506
 20
41.0
 30
0.0
 40
5.0
  0
CIRCLE
  5
E9
330
17
100
AcDbEntity
  8
ACIER_LONG
100
AcDbCircle
 10
2480.5454965357967
 20
41.0
 30
0.0
 40
5.0
  0
CIRCLE
  5
EA
330
17
100
AcDbEntity
  8
ACIER_LONG
100
AcDbCircle
 10
2494.250808314088
 20
41.0
 30
0.0
 40
5.0
  0
CIRCLE
  5
EB
330
17
100
AcDbEntity
  8
ACIER_LONG
100
AcDbCircle
 10
2507.9561200923786
 20
41.0
 30
0.0
 40
5.0
  0
CIRCLE
  5
EC
330
17
100
AcDbEntity
  8
ACIER_LONG
100
AcDbCircle
 10
2521.6614318706697
 20
41.0
 30
0.0
 40
5.0
  0
CIRCLE
  5
ED
330
17
100
AcDbEntity
  8
ACIER_LONG
100
AcDbCircle
 10
2535.366743648961
 20
41.0
 30
0.0
 40
5.0
  0
CIRCLE
  5
EE
330
17
100
AcDbEntity
  8
ACIER_LONG
100
AcDbCircle
 10
2549.0720554272516
 20
41.0
 30
0.0
 40
5.0
  0
CIRCLE
  5
EF
330
17
100
AcDbEntity
  8
ACIER_LONG
100
AcDbCircle
 10
2562.7773672055428
 20
41.0
 30
0.0
 40
5.0
  0
CIRCLE
  5
F0
330
17
100
AcDbEntity
  8
ACIER_LONG
100
AcDbCircle
 10
2576.482678983834
 20
41.0
 30
0.0
 40
5.0
  0
CIRCLE
  5
F1
330
17
100
AcDbEntity
  8
ACIER_LONG
100
AcDbCircle
 10
2590.1879907621246
 20
41.0
 30
0.0
 40
5.0
  0
CIRCLE
  5
F2
330
17
100
AcDbEntity
  8
ACIER_LONG
100
AcDbCircle
 10
2603.893302540416
 20
41.0
 30
0.0
 40
5.0
  0
CIRCLE
  5
F3
330
17
100
AcDbEntity
  8
ACIER_LONG
100
AcDbCircle
 10
2617.5986143187065
 20
41.0
 30
0.0
 40
5.0
  0
CIRCLE
  5
F4
330
17
100
AcDbEntity
  8
ACIER_LONG
100
AcDbCircle
 10
2631.3039260969977
 20
41.0
 30
0.0
 40
5.0
  0
CIRCLE
  5
F5
330
17
100
AcDbEntity
  8
ACIER_LONG
100
AcDbCircle
 10
2645.009237875289
 20
41.0
 30
0.0
 40
5.0
  0
CIRCLE
  5
F6
330
17
100
AcDbEntity
  8
ACIER_LONG
100
AcDbCircle
 10
2658.7145496535795
 20
41.0
 30
0.0
 40
5.0
  0
CIRCLE
  5
F7
330
17
100
AcDbEntity
  8
ACIER_LONG
100
AcDbCircle
 10
2672.4198614318707
 20
41.0
 30
0.0
 40
5.0
  0
CIRCLE
  5
F8
330
17
100
AcDbEntity
  8
ACIER_LONG
100
AcDbCircle
 10
2686.125173210162
 20
41.0
 30
0.0
 40
5.0
  0
CIRCLE
  5
F9
330
17
100
AcDbEntity
  8
ACIER_LONG
100
AcDbCircle
 10
2699.8304849884526
 20
41.0
 30
0.0
 40
5.0
  0
CIRCLE
  5
FA
330
17
100
AcDbEntity
  8
ACIER_LONG
100
AcDbCircle
 10
2713.5357967667437
 20
41.0
 30
0.0
 40
5.0
  0
CIRCLE
  5
FB
330
17
100
AcDbEntity
  8
ACIER_LONG
100
AcDbCircle
 10
2727.2411085450344
 20
41.0
 30
0.0
 40
5.0
  0
CIRCLE
  5
FC
330
17
100
AcDbEntity
  8
ACIER_LONG
100
AcDbCircle
 10
2740.9464203233256
 20
41.0
 30
0.0
 40
5.0
  0
CIRCLE
  5
FD
330
17
100
AcDbEntity
  8
ACIER_LONG
100
AcDbCircle
 10
2754.6517321016167
 20
41.0
 30
0.0
 40
5.0
  0
CIRCLE
  5
FE
330
17
100
AcDbEntity
  8
ACIER_LONG
100
AcDbCircle
 10
2768.3570438799075
 20
41.0
 30
0.0
 40
5.0
  0
CIRCLE
  5
FF
330
17
100
AcDbEntity
  8
ACIER_LONG
100
AcDbCircle
 10
2782.0623556581986
 20
41.0
 30
0.0
 40
5.0
  0
CIRCLE
  5
100
330
17
100
AcDbEntity
  8
ACIER_LONG
100
AcDbCircle
 10
2795.76766743649
 20
41.0
 30
0.0
 40
5.0
  0
CIRCLE
  5
101
330
17
100
AcDbEntity
  8
ACIER_LONG
100
AcDbCircle
 10
2809.4729792147805
 20
41.0
 30
0.0
 40
5.0
  0
CIRCLE
  5
102
330
17
100
AcDbEntity
  8
ACIER_LONG
100
AcDbCircle
 10
2823.1782909930716
 20
41.0
 30
0.0
 40
5.0
  0
CIRCLE
  5
103
330
17
100
AcDbEntity
  8
ACIER_LONG
100
AcDbCircle
 10
2836.883602771363
 20
41.0
 30
0.0
 40
5.0
  0
CIRCLE
  5
104
330
17
100
AcDbEntity
  8
ACIER_LONG
100
AcDbCircle
 10
2850.5889145496535
 20
41.0
 30
0.0
 40
5.0
  0
CIRCLE
  5
105
330
17
100
AcDbEntity
  8
ACIER_LONG
100
AcDbCircle
 10
2864.2942263279447
 20
41.0
 30
0.0
 40
5.0
  0
CIRCLE
  5
106
330
17
100
AcDbEntity
  8
ACIER_LONG
100
AcDbCircle
 10
2877.9995381062354
 20
41.0
 30
0.0
 40
5.0
  0
CIRCLE
  5
107
330
17
100
AcDbEntity
  8
ACIER_LONG
100
AcDbCircle
 10
2891.7048498845265
 20
41.0
 30
0.0
 40
5.0
  0
CIRCLE
  5
108
330
17
100
AcDbEntity
  8
ACIER_LONG
100
AcDbCircle
 10
2905.4101616628177
 20
41.0
 30
0.0
 40
5.0
  0
CIRCLE
  5
109
330
17
100
AcDbEntity
  8
ACIER_LONG
100
AcDbCircle
 10
2919.1154734411084
 20
41.0
 30
0.0
 40
5.0
  0
CIRCLE
  5
10A
330
17
100
AcDbEntity
  8
ACIER_LONG
100
AcDbCircle
 10
2932.8207852193996
 20
41.0
 30
0.0
 40
5.0
  0
CIRCLE
  5
10B
330
17
100
AcDbEntity
  8
ACIER_LONG
100
AcDbCircle
 10
2946.5260969976907
 20
41.0
 30
0.0
 40
5.0
  0
CIRCLE
  5
10C
330
17
100
AcDbEntity
  8
ACIER_LONG
100
AcDbCircle
 10
2960.2314087759814
 20
41.0
 30
0.0
 40
5.0
  0
CIRCLE
  5
10D
330
17
100
AcDbEntity
  8
ACIER_LONG
100
AcDbCircle
 10
2973.9367205542726
 20
41.0
 30
0.0
 40
5.0
  0
CIRCLE
  5
10E
330
17
100
AcDbEntity
  8
ACIER_LONG
100
AcDbCircle
 10
2987.6420323325633
 20
41.0
 30
0.0
 40
5.0
  0
CIRCLE
  5
10F
330
17
100
AcDbEntity
  8
ACIER_LONG
100
AcDbCircle
 10
3001.3473441108545
 20
41.0
 30
0.0
 40
5.0
  0
CIRCLE
  5
110
330
17
100
AcDbEntity
  8
ACIER_LONG
100
AcDbCircle
 10
3015.0526558891456
 20
41.0
 30
0.0
 40
5.0
  0
CIRCLE
  5
111
330
17
100
AcDbEntity
  8
ACIER_LONG
100
AcDbCircle
 10
3028.7579676674363
 20
41.0
 30
0.0
 40
5.0
  0
CIRCLE
  5
112
330
17
100
AcDbEntity
  8
ACIER_LONG
100
AcDbCircle
 10
3042.4632794457275
 20
41.0
 30
0.0
 40
5.0
  0
CIRCLE
  5
113
330
17
100
AcDbEntity
  8
ACIER_LONG
100
AcDbCircle
 10
3056.1685912240187
 20
41.0
 30
0.0
 40
5.0
  0
CIRCLE
  5
114
330
17
100
AcDbEntity
  8
ACIER_LONG
100
AcDbCircle
 10
3069.8739030023094
 20
41.0
 30
0.0
 40
5.0
  0
CIRCLE
  5
115
330
17
100
AcDbEntity
  8
ACIER_LONG
100
AcDbCircle
 10
3083.5792147806005
 20
41.0
 30
0.0
 40
5.0
  0
CIRCLE
  5
116
330
17
100
AcDbEntity
  8
ACIER_LONG
100
AcDbCircle
 10
3097.2845265588912
 20
41.0
 30
0.0
 40
5.0
  0
CIRCLE
  5
117
330
17
100
AcDbEntity
  8
ACIER_LONG
100
AcDbCircle
 10
3110.9898383371824
 20
41.0
 30
0.0
 40
5.0
  0
CIRCLE
  5
118
330
17
100
AcDbEntity
  8
ACIER_LONG
100
AcDbCircle
 10
3124.6951501154736
 20
41.0
 30
0.0
 40
5.0
  0
CIRCLE
  5
119
330
17
100
AcDbEntity
  8
ACIER_LONG
100
AcDbCircle
 10
3138.4004618937643
 20
41.0
 30
0.0
 40
5.0
  0
CIRCLE
  5
11A
330
17
100
AcDbEntity
  8
ACIER_LONG
100
AcDbCircle
 10
3152.1057736720554
 20
41.0
 30
0.0
 40
5.0
  0
CIRCLE
  5
11B
330
17
100
AcDbEntity
  8
ACIER_LONG
100
AcDbCircle
 10
3165.8110854503466
 20
41.0
 30
0.0
 40
5.0
  0
CIRCLE
  5
11C
330
17
100
AcDbEntity
  8
ACIER_LONG
100
AcDbCircle
 10
3179.5163972286373
 20
41.0
 30
0.0
 40
5.0
  0
CIRCLE
  5
11D
330
17
100
AcDbEntity
  8
ACIER_LONG
100
AcDbCircle
 10
3193.2217090069284
 20
41.0
 30
0.0
 40
5.0
  0
CIRCLE
  5
11E
330
17
100
AcDbEntity
  8
ACIER_LONG
100
AcDbCircle
 10
3206.9270207852196
 20
41.0
 30
0.0
 40
5.0
  0
CIRCLE
  5
11F
330
17
100
AcDbEntity
  8
ACIER_LONG
100
AcDbCircle
 10
3220.6323325635103
 20
41.0
 30
0.0
 40
5.0
  0
CIRCLE
  5
120
330
17
100
AcDbEntity
  8
ACIER_LONG
100
AcDbCircle
 10
3234.3376443418015
 20
41.0
 30
0.0
 40
5.0
  0
CIRCLE
  5
121
330
17
100
AcDbEntity
  8
ACIER_LONG
100
AcDbCircle
 10
3248.042956120092
 20
41.0
 30
0.0
 40
5.0
  0
CIRCLE
  5
122
330
17
100
AcDbEntity
  8
ACIER_LONG
100
AcDbCircle
 10
3261.7482678983833
 20
41.0
 30
0.0
 40
5.0
  0
CIRCLE
  5
123
330
17
100
AcDbEntity
  8
ACIER_LONG
100
AcDbCircle
 10
3275.4535796766745
 20
41.0
 30
0.0
 40
5.0
  0
CIRCLE
  5
124
330
17
100
AcDbEntity
  8
ACIER_LONG
100
AcDbCircle
 10
3289.158891454965
 20
41.0
 30
0.0
 40
5.0
  0
CIRCLE
  5
125
330
17
100
AcDbEntity
  8
ACIER_LONG
100
AcDbCircle
 10
3302.8642032332564
 20
41.0
 30
0.0
 40
5.0
  0
CIRCLE
  5
126
330
17
100
AcDbEntity
  8
ACIER_LONG
100
AcDbCircle
 10
3316.5695150115475
 20
41.0
 30
0.0
 40
5.0
  0
CIRCLE
  5
127
330
17
100
AcDbEntity
  8
ACIER_LONG
100
AcDbCircle
 10
3330.2748267898382
 20
41.0
 30
0.0
 40
5.0
  0
CIRCLE
  5
128
330
17
100
AcDbEntity
  8
ACIER_LONG
100
AcDbCircle
 10
3343.9801385681294
 20
41.0
 30
0.0
 40
5.0
  0
CIRCLE
  5
129
330
17
100
AcDbEntity
  8
ACIER_LONG
100
AcDbCircle
 10
3357.68545034642
 20
41.0
 30
0.0
 40
5.0
  0
CIRCLE
  5
12A
330
17
100
AcDbEntity
  8
ACIER_LONG
100
AcDbCircle
 10
3371.3907621247113
 20
41.0
 30
0.0
 40
5.0
  0
CIRCLE
  5
12B
330
17
100
AcDbEntity
  8
ACIER_LONG
100
AcDbCircle
 10
3385.0960739030024
 20
41.0
 30
0.0
 40
5.0
  0
CIRCLE
  5
12C
330
17
100
AcDbEntity
  8
ACIER_LONG
100
AcDbCircle
 10
3398.801385681293
 20
41.0
 30
0.0
 40
5.0
  0
CIRCLE
  5
12D
330
17
100
AcDbEntity
  8
ACIER_LONG
100
AcDbCircle
 10
3412.5066974595843
 20
41.0
 30
0.0
 40
5.0
  0
CIRCLE
  5
12E
330
17
100
AcDbEntity
  8
ACIER_LONG
100
AcDbCircle
 10
3426.2120092378755
 20
41.0
 30
0.0
 40
5.0
  0
CIRCLE
  5
12F
330
17
100
AcDbEntity
  8
ACIER_LONG
100
AcDbCircle
 10
3439.917321016166
 20
41.0
 30
0.0
 40
5.0
  0
CIRCLE
  5
130
330
17
100
AcDbEntity
  8
ACIER_LONG
100
AcDbCircle
 10
3453.6226327944573
 20
41.0
 30
0.0
 40
5.0
  0
CIRCLE
  5
131
330
17
100
AcDbEntity
  8
ACIER_LONG
100
AcDbCircle
 10
3467.3279445727485
 20
41.0
 30
0.0
 40
5.0
  0
CIRCLE
  5
132
330
17
100
AcDbEntity
  8
ACIER_LONG
100
AcDbCircle
 10
3481.033256351039
 20
41.0
 30
0.0
 40
5.0
  0
CIRCLE
  5
133
330
17
100
AcDbEntity
  8
ACIER_LONG
100
AcDbCircle
 10
3494.7385681293304
 20
41.0
 30
0.0
 40
5.0
  0
CIRCLE
  5
134
330
17
100
AcDbEntity
  8
ACIER_LONG
100
AcDbCircle
 10
3508.443879907621
 20
41.0
 30
0.0
 40
5.0
  0
CIRCLE
  5
135
330
17
100
AcDbEntity
  8
ACIER_LONG
100
AcDbCircle
 10
3522.1491916859122
 20
41.0
 30
0.0
 40
5.0
  0
CIRCLE
  5
136
330
17
100
AcDbEntity
  8
ACIER_LONG
100
AcDbCircle
 10
3535.8545034642034
 20
41.0
 30
0.0
 40
5.0
  0
CIRCLE
  5
137
330
17
100
AcDbEntity
  8
ACIER_LONG
100
AcDbCircle
 10
3549.559815242494
 20
41.0
 30
0.0
 40
5.0
  0
CIRCLE
  5
138
330
17
100
AcDbEntity
  8
ACIER_LONG
100
AcDbCircle
 10
3563.2651270207853
 20
41.0
 30
0.0
 40
5.0
  0
CIRCLE
  5
139
330
17
100
AcDbEntity
  8
ACIER_LONG
100
AcDbCircle
 10
3576.9704387990764
 20
41.0
 30
0.0
 40
5.0
  0
CIRCLE
  5
13A
330
17
100
AcDbEntity
  8
ACIER_LONG
100
AcDbCircle
 10
3590.675750577367
 20
41.0
 30
0.0
 40
5.0
  0
CIRCLE
  5
13B
330
17
100
AcDbEntity
  8
ACIER_LONG
100
AcDbCircle
 10
3604.3810623556583
 20
41.0
 30
0.0
 40
5.0
  0
CIRCLE
  5
13C
330
17
100
AcDbEntity
  8
ACIER_LONG
100
AcDbCircle
 10
3618.086374133949
 20
41.0
 30
0.0
 40
5.0
  0
CIRCLE
  5
13D
330
17
100
AcDbEntity
  8
ACIER_LONG
100
AcDbCircle
 10
3631.79168591224
 20
41.0
 30
0.0
 40
5.0
  0
CIRCLE
  5
13E
330
17
100
AcDbEntity
  8
ACIER_LONG
100
AcDbCircle
 10
3645.4969976905313
 20
41.0
 30
0.0
 40
5.0
  0
CIRCLE
  5
13F
330
17
100
AcDbEntity
  8
ACIER_LONG
100
AcDbCircle
 10
3659.202309468822
 20
41.0
 30
0.0
 40
5.0
  0
CIRCLE
  5
140
330
17
100
AcDbEntity
  8
ACIER_LONG
100
AcDbCircle
 10
3672.907621247113
 20
41.0
 30
0.0
 40
5.0
  0
CIRCLE
  5
141
330
17
100
AcDbEntity
  8
ACIER_LONG
100
AcDbCircle
 10
3686.6129330254043
 20
41.0
 30
0.0
 40
5.0
  0
CIRCLE
  5
142
330
17
100
AcDbEntity
  8
ACIER_LONG
100
AcDbCircle
 10
3700.318244803695
 20
41.0
 30
0.0
 40
5.0
  0
CIRCLE
  5
143
330
17
100
AcDbEntity
  8
ACIER_LONG
100
AcDbCircle
 10
3714.023556581986
 20
41.0
 30
0.0
 40
5.0
  0
CIRCLE
  5
144
330
17
100
AcDbEntity
  8
ACIER_LONG
100
AcDbCircle
 10
3727.728868360277
 20
41.0
 30
0.0
 40
5.0
  0
CIRCLE
  5
145
330
17
100
AcDbEntity
  8
ACIER_LONG
100
AcDbCircle
 10
3741.434180138568
 20
41.0
 30
0.0
 40
5.0
  0
CIRCLE
  5
146
330
17
100
AcDbEntity
  8
ACIER_LONG
100
AcDbCircle
 10
3755.1394919168592
 20
41.0
 30
0.0
 40
5.0
  0
CIRCLE
  5
147
330
17
100
AcDbEntity
  8
ACIER_LONG
100
AcDbCircle
 10
3768.84480369515
 20
41.0
 30
0.0
 40
5.0
  0
CIRCLE
  5
148
330
17
100
AcDbEntity
  8
ACIER_LONG
100
AcDbCircle
 10
3782.550115473441
 20
41.0
 30
0.0
 40
5.0
  0
CIRCLE
  5
149
330
17
100
AcDbEntity
  8
ACIER_LONG
100
AcDbCircle
 10
3796.2554272517323
 20
41.0
 30
0.0
 40
5.0
  0
CIRCLE
  5
14A
330
17
100
AcDbEntity
  8
ACIER_LONG
100
AcDbCircle
 10
3809.960739030023
 20
41.0
 30
0.0
 40
5.0
  0
CIRCLE
  5
14B
330
17
100
AcDbEntity
  8
ACIER_LONG
100
AcDbCircle
 10
3823.666050808314
 20
41.0
 30
0.0
 40
5.0
  0
CIRCLE
  5
14C
330
17
100
AcDbEntity
  8
ACIER_LONG
100
AcDbCircle
 10
3837.3713625866053
 20
41.0
 30
0.0
 40
5.0
  0
CIRCLE
  5
14D
330
17
100
AcDbEntity
  8
ACIER_LONG
100
AcDbCircle
 10
3851.076674364896
 20
41.0
 30
0.0
 40
5.0
  0
CIRCLE
  5
14E
330
17
100
AcDbEntity
  8
ACIER_LONG
100
AcDbCircle
 10
3864.781986143187
 20
41.0
 30
0.0
 40
5.0
  0
CIRCLE
  5
14F
330
17
100
AcDbEntity
  8
ACIER_LONG
100
AcDbCircle
 10
3878.487297921478
 20
41.0
 30
0.0
 40
5.0
  0
CIRCLE
  5
150
330
17
100
AcDbEntity
  8
ACIER_LONG
100
AcDbCircle
 10
3892.192609699769
 20
41.0
 30
0.0
 40
5.0
  0
CIRCLE
  5
151
330
17
100
AcDbEntity
  8
ACIER_LONG
100
AcDbCircle
 10
3905.89792147806
 20
41.0
 30
0.0
 40
5.0
  0
CIRCLE
  5
152
330
17
100
AcDbEntity
  8
ACIER_LONG
100
AcDbCircle
 10
3919.603233256351
 20
41.0
 30
0.0
 40
5.0
  0
CIRCLE
  5
153
330
17
100
AcDbEntity
  8
ACIER_LONG
100
AcDbCircle
 10
3933.308545034642
 20
41.0
 30
0.0
 40
5.0
  0
CIRCLE
  5
154
330
17
100
AcDbEntity
  8
ACIER_LONG
100
AcDbCircle
 10
3947.013856812933
 20
41.0
 30
0.0
 40
5.0
  0
CIRCLE
  5
155
330
17
100
AcDbEntity
  8
ACIER_LONG
100
AcDbCircle
 10
3960.719168591224
 20
41.0
 30
0.0
 40
5.0
  0
CIRCLE
  5
156
330
17
100
AcDbEntity
  8
ACIER_LONG
100
AcDbCircle
 10
3974.424480369515
 20
41.0
 30
0.0
 40
5.0
  0
CIRCLE
  5
157
330
17
100
AcDbEntity
  8
ACIER_LONG
100
AcDbCircle
 10
3988.129792147806
 20
41.0
 30
0.0
 40
5.0
  0
CIRCLE
  5
158
330
17
100
AcDbEntity
  8
ACIER_LONG
100
AcDbCircle
 10
4001.835103926097
 20
41.0
 30
0.0
 40
5.0
  0
CIRCLE
  5
159
330
17
100
AcDbEntity
  8
ACIER_LONG
100
AcDbCircle
 10
4015.540415704388
 20
41.0
 30
0.0
 40
5.0
  0
CIRCLE
  5
15A
330
17
100
AcDbEntity
  8
ACIER_LONG
100
AcDbCircle
 10
4029.245727482679
 20
41.0
 30
0.0
 40
5.0
  0
CIRCLE
  5
15B
330
17
100
AcDbEntity
  8
ACIER_LONG
100
AcDbCircle
 10
4042.95103926097
 20
41.0
 30
0.0
 40
5.0
  0
CIRCLE
  5
15C
330
17
100
AcDbEntity
  8
ACIER_LONG
100
AcDbCircle
 10
4056.656351039261
 20
41.0
 30
0.0
 40
5.0
  0
CIRCLE
  5
15D
330
17
100
AcDbEntity
  8
ACIER_LONG
100
AcDbCircle
 10
4070.361662817552
 20
41.0
 30
0.0
 40
5.0
  0
CIRCLE
  5
15E
330
17
100
AcDbEntity
  8
ACIER_LONG
100
AcDbCircle
 10
4084.066974595843
 20
41.0
 30
0.0
 40
5.0
  0
CIRCLE
  5
15F
330
17
100
AcDbEntity
  8
ACIER_LONG
100
AcDbCircle
 10
4097.772286374134
 20
41.0
 30
0.0
 40
5.0
  0
CIRCLE
  5
160
330
17
100
AcDbEntity
  8
ACIER_LONG
100
AcDbCircle
 10
4111.477598152425
 20
41.0
 30
0.0
 40
5.0
  0
CIRCLE
  5
161
330
17
100
AcDbEntity
  8
ACIER_LONG
100
AcDbCircle
 10
4125.182909930716
 20
41.0
 30
0.0
 40
5.0
  0
CIRCLE
  5
162
330
17
100
AcDbEntity
  8
ACIER_LONG
100
AcDbCircle
 10
4138.888221709007
 20
41.0
 30
0.0
 40
5.0
  0
CIRCLE
  5
163
330
17
100
AcDbEntity
  8
ACIER_LONG
100
AcDbCircle
 10
4152.593533487298
 20
41.0
 30
0.0
 40
5.0
  0
CIRCLE
  5
164
330
17
100
AcDbEntity
  8
ACIER_LONG
100
AcDbCircle
 10
4166.298845265589
 20
41.0
 30
0.0
 40
5.0
  0
CIRCLE
  5
165
330
17
100
AcDbEntity
  8
ACIER_LONG
100
AcDbCircle
 10
4180.00415704388
 20
41.0
 30
0.0
 40
5.0
  0
CIRCLE
  5
166
330
17
100
AcDbEntity
  8
ACIER_LONG
100
AcDbCircle
 10
4193.7094688221705
 20
41.0
 30
0.0
 40
5.0
  0
CIRCLE
  5
167
330
17
100
AcDbEntity
  8
ACIER_LONG
100
AcDbCircle
 10
4207.414780600462
 20
41.0
 30
0.0
 40
5.0
  0
CIRCLE
  5
168
330
17
100
AcDbEntity
  8
ACIER_LONG
100
AcDbCircle
 10
4221.120092378753
 20
41.0
 30
0.0
 40
5.0
  0
CIRCLE
  5
169
330
17
100
AcDbEntity
  8
ACIER_LONG
100
AcDbCircle
 10
4234.8254041570435
 20
41.0
 30
0.0
 40
5.0
  0
CIRCLE
  5
16A
330
17
100
AcDbEntity
  8
ACIER_LONG
100
AcDbCircle
 10
4248.530715935335
 20
41.0
 30
0.0
 40
5.0
  0
CIRCLE
  5
16B
330
17
100
AcDbEntity
  8
ACIER_LONG
100
AcDbCircle
 10
4262.236027713626
 20
41.0
 30
0.0
 40
5.0
  0
CIRCLE
  5
16C
330
17
100
AcDbEntity
  8
ACIER_LONG
100
AcDbCircle
 10
4275.941339491917
 20
41.0
 30
0.0
 40
5.0
  0
CIRCLE
  5
16D
330
17
100
AcDbEntity
  8
ACIER_LONG
100
AcDbCircle
 10
4289.646651270208
 20
41.0
 30
0.0
 40
5.0
  0
CIRCLE
  5
16E
330
17
100
AcDbEntity
  8
ACIER_LONG
100
AcDbCircle
 10
4303.351963048499
 20
41.0
 30
0.0
 40
5.0
  0
CIRCLE
  5
16F
330
17
100
AcDbEntity
  8
ACIER_LONG
100
AcDbCircle
 10
4317.05727482679
 20
41.0
 30
0.0
 40
5.0
  0
CIRCLE
  5
170
330
17
100
AcDbEntity
  8
ACIER_LONG
100
AcDbCircle
 10
4330.762586605081
 20
41.0
 30
0.0
 40
5.0
  0
CIRCLE
  5
171
330
17
100
AcDbEntity
  8
ACIER_LONG
100
AcDbCircle
 10
4344.467898383372
 20
41.0
 30
0.0
 40
5.0
  0
CIRCLE
  5
172
330
17
100
AcDbEntity
  8
ACIER_LONG
100
AcDbCircle
 10
4358.173210161663
 20
41.0
 30
0.0
 40
5.0
  0
CIRCLE
  5
173
330
17
100
AcDbEntity
  8
ACIER_LONG
100
AcDbCircle
 10
4371.878521939954
 20
41.0
 30
0.0
 40
5.0
  0
CIRCLE
  5
174
330
17
100
AcDbEntity
  8
ACIER_LONG
100
AcDbCircle
 10
4385.583833718245
 20
41.0
 30
0.0
 40
5.0
  0
CIRCLE
  5
175
330
17
100
AcDbEntity
  8
ACIER_LONG
100
AcDbCircle
 10
4399.289145496536
 20
41.0
 30
0.0
 40
5.0
  0
CIRCLE
  5
176
330
17
100
AcDbEntity
  8
ACIER_LONG
100
AcDbCircle
 10
4412.994457274826
 20
41.0
 30
0.0
 40
5.0
  0
CIRCLE
  5
177
330
17
100
AcDbEntity
  8
ACIER_LONG
100
AcDbCircle
 10
4426.699769053118
 20
41.0
 30
0.0
 40
5.0
  0
CIRCLE
  5
178
330
17
100
AcDbEntity
  8
ACIER_LONG
100
AcDbCircle
 10
4440.405080831409
 20
41.0
 30
0.0
 40
5.0
  0
CIRCLE
  5
179
330
17
100
AcDbEntity
  8
ACIER_LONG
100
AcDbCircle
 10
4454.110392609699
 20
41.0
 30
0.0
 40
5.0
  0
CIRCLE
  5
17A
330
17
100
AcDbEntity
  8
ACIER_LONG
100
AcDbCircle
 10
4467.815704387991
 20
41.0
 30
0.0
 40
5.0
  0
CIRCLE
  5
17B
330
17
100
AcDbEntity
  8
ACIER_LONG
100
AcDbCircle
 10
4481.521016166282
 20
41.0
 30
0.0
 40
5.0
  0
CIRCLE
  5
17C
330
17
100
AcDbEntity
  8
ACIER_LONG
100
AcDbCircle
 10
4495.226327944572
 20
41.0
 30
0.0
 40
5.0
  0
CIRCLE
  5
17D
330
17
100
AcDbEntity
  8
ACIER_LONG
100
AcDbCircle
 10
4508.931639722864
 20
41.0
 30
0.0
 40
5.0
  0
CIRCLE
  5
17E
330
17
100
AcDbEntity
  8
ACIER_LONG
100
AcDbCircle
 10
4522.636951501155
 20
41.0
 30
0.0
 40
5.0
  0
CIRCLE
  5
17F
330
17
100
AcDbEntity
  8
ACIER_LONG
100
AcDbCircle
 10
4536.342263279445
 20
41.0
 30
0.0
 40
5.0
  0
CIRCLE
  5
180
330
17
100
AcDbEntity
  8
ACIER_LONG
100
AcDbCircle
 10
4550.047575057737
 20
41.0
 30
0.0
 40
5.0
  0
CIRCLE
  5
181
330
17
100
AcDbEntity
  8
ACIER_LONG
100
AcDbCircle
 10
4563.752886836028
 20
41.0
 30
0.0
 40
5.0
  0
CIRCLE
  5
182
330
17
100
AcDbEntity
  8
ACIER_LONG
100
AcDbCircle
 10
4577.4581986143185
 20
41.0
 30
0.0
 40
5.0
  0
CIRCLE
  5
183
330
17
100
AcDbEntity
  8
ACIER_LONG
100
AcDbCircle
 10
4591.16351039261
 20
41.0
 30
0.0
 40
5.0
  0
CIRCLE
  5
184
330
17
100
AcDbEntity
  8
ACIER_LONG
100
AcDbCircle
 10
4604.868822170901
 20
41.0
 30
0.0
 40
5.0
  0
CIRCLE
  5
185
330
17
100
AcDbEntity
  8
ACIER_LONG
100
AcDbCircle
 10
4618.5741339491915
 20
41.0
 30
0.0
 40
5.0
  0
CIRCLE
  5
186
330
17
100
AcDbEntity
  8
ACIER_LONG
100
AcDbCircle
 10
4632.279445727483
 20
41.0
 30
0.0
 40
5.0
  0
CIRCLE
  5
187
330
17
100
AcDbEntity
  8
ACIER_LONG
100
AcDbCircle
 10
4645.984757505774
 20
41.0
 30
0.0
 40
5.0
  0
CIRCLE
  5
188
330
17
100
AcDbEntity
  8
ACIER_LONG
100
AcDbCircle
 10
4659.6900692840645
 20
41.0
 30
0.0
 40
5.0
  0
CIRCLE
  5
189
330
17
100
AcDbEntity
  8
ACIER_LONG
100
AcDbCircle
 10
4673.395381062355
 20
41.0
 30
0.0
 40
5.0
  0
CIRCLE
  5
18A
330
17
100
AcDbEntity
  8
ACIER_LONG
100
AcDbCircle
 10
4687.100692840647
 20
41.0
 30
0.0
 40
5.0
  0
CIRCLE
  5
18B
330
17
100
AcDbEntity
  8
ACIER_LONG
100
AcDbCircle
 10
4700.806004618938
 20
41.0
 30
0.0
 40
5.0
  0
CIRCLE
  5
18C
330
17
100
AcDbEntity
  8
ACIER_LONG
100
AcDbCircle
 10
4714.511316397228
 20
41.0
 30
0.0
 40
5.0
  0
CIRCLE
  5
18D
330
17
100
AcDbEntity
  8
ACIER_LONG
100
AcDbCircle
 10
4728.21662817552
 20
41.0
 30
0.0
 40
5.0
  0
CIRCLE
  5
18E
330
17
100
AcDbEntity
  8
ACIER_LONG
100
AcDbCircle
 10
4741.921939953811
 20
41.0
 30
0.0
 40
5.0
  0
CIRCLE
  5
18F
330
17
100
AcDbEntity
  8
ACIER_LONG
100
AcDbCircle
 10
4755.627251732101
 20
41.0
 30
0.0
 40
5.0
  0
CIRCLE
  5
190
330
17
100
AcDbEntity
  8
ACIER_LONG
100
AcDbCircle
 10
4769.332563510393
 20
41.0
 30
0.0
 40
5.0
  0
CIRCLE
  5
191
330
17
100
AcDbEntity
  8
ACIER_LONG
100
AcDbCircle
 10
4783.037875288684
 20
41.0
 30
0.0
 40
5.0
  0
CIRCLE
  5
192
330
17
100
AcDbEntity
  8
ACIER_LONG
100
AcDbCircle
 10
4796.743187066974
 20
41.0
 30
0.0
 40
5.0
  0
CIRCLE
  5
193
330
17
100
AcDbEntity
  8
ACIER_LONG
100
AcDbCircle
 10
4810.448498845266
 20
41.0
 30
0.0
 40
5.0
  0
CIRCLE
  5
194
330
17
100
AcDbEntity
  8
ACIER_LONG
100
AcDbCircle
 10
4824.153810623557
 20
41.0
 30
0.0
 40
5.0
  0
CIRCLE
  5
195
330
17
100
AcDbEntity
  8
ACIER_LONG
100
AcDbCircle
 10
4837.859122401847
 20
41.0
 30
0.0
 40
5.0
  0
CIRCLE
  5
196
330
17
100
AcDbEntity
  8
ACIER_LONG
100
AcDbCircle
 10
4851.564434180139
 20
41.0
 30
0.0
 40
5.0
  0
CIRCLE
  5
197
330
17
100
AcDbEntity
  8
ACIER_LONG
100
AcDbCircle
 10
4865.26974595843
 20
41.0
 30
0.0
 40
5.0
  0
CIRCLE
  5
198
330
17
100
AcDbEntity
  8
ACIER_LONG
100
AcDbCircle
 10
4878.97505773672
 20
41.0
 30
0.0
 40
5.0
  0
CIRCLE
  5
199
330
17
100
AcDbEntity
  8
ACIER_LONG
100
AcDbCircle
 10
4892.680369515012
 20
41.0
 30
0.0
 40
5.0
  0
CIRCLE
  5
19A
330
17
100
AcDbEntity
  8
ACIER_LONG
100
AcDbCircle
 10
4906.385681293303
 20
41.0
 30
0.0
 40
5.0
  0
CIRCLE
  5
19B
330
17
100
AcDbEntity
  8
ACIER_LONG
100
AcDbCircle
 10
4920.090993071593
 20
41.0
 30
0.0
 40
5.0
  0
CIRCLE
  5
19C
330
17
100
AcDbEntity
  8
ACIER_LONG
100
AcDbCircle
 10
4933.796304849884
 20
41.0
 30
0.0
 40
5.0
  0
CIRCLE
  5
19D
330
17
100
AcDbEntity
  8
ACIER_LONG
100
AcDbCircle
 10
4947.501616628176
 20
41.0
 30
0.0
 40
5.0
  0
CIRCLE
  5
19E
330
17
100
AcDbEntity
  8
ACIER_LONG
100
AcDbCircle
 10
4959.0
 20
43.20692840646643
 30
0.0
 40
5.0
  0
CIRCLE
  5
19F
330
17
100
AcDbEntity
  8
ACIER_LONG
100
AcDbCircle
 10
4959.0
 20
56.91224018475714
 30
0.0
 40
5.0
  0
CIRCLE
  5
1A0
330
17
100
AcDbEntity
  8
ACIER_LONG
100
AcDbCircle
 10
4959.0
 20
70.61755196304875
 30
0.0
 40
5.0
  0
CIRCLE
  5
1A1
330
17
100
AcDbEntity
  8
ACIER_LONG
100
AcDbCircle
 10
4959.0
 20
84.32286374133946
 30
0.0
 40
5.0
  0
CIRCLE
  5
1A2
330
17
100
AcDbEntity
  8
ACIER_LONG
100
AcDbCircle
 10
4959.0
 20
98.02817551963017
 30
0.0
 40
5.0
  0
CIRCLE
  5
1A3
330
17
100
AcDbEntity
  8
ACIER_LONG
100
AcDbCircle
 10
4959.0
 20
111.73348729792178
 30
0.0
 40
5.0
  0
CIRCLE
  5
1A4
330
17
100
AcDbEntity
  8
ACIER_LONG
100
AcDbCircle
 10
4959.0
 20
125.43879907621249
 30
0.0
 40
5.0
  0
CIRCLE
  5
1A5
330
17
100
AcDbEntity
  8
ACIER_LONG
100
AcDbCircle
 10
4959.0
 20
139.1441108545032
 30
0.0
 40
5.0
  0
CIRCLE
  5
1A6
330
17
100
AcDbEntity
  8
ACIER_LONG
100
AcDbCircle
 10
4959.0
 20
152.8494226327948
 30
0.0
 40
5.0
  0
CIRCLE
  5
1A7
330
17
100
AcDbEntity
  8
ACIER_LONG
100
AcDbCircle
 10
4959.0
 20
166.55473441108552
 30
0.0
 40
5.0
  0
CIRCLE
  5
1A8
330
17
100
AcDbEntity
  8
ACIER_LONG
100
AcDbCircle
 10
4959.0
 20
180.26004618937623
 30
0.0
 40
5.0
  0
CIRCLE
  5
1A9
330
17
100
AcDbEntity
  8
ACIER_LONG
100
AcDbCircle
 10
4959.0
 20
193.96535796766784
 30
0.0
 40
5.0
  0
CIRCLE
  5
1AA
330
17
100
AcDbEntity
  8
ACIER_LONG
100
AcDbCircle
 10
4959.0
 20
207.67066974595855
 30
0.0
 40
5.0
  0
CIRCLE
  5
1AB
330
17
100
AcDbEntity
  8
ACIER_LONG
100
AcDbCircle
 10
4959.0
 20
221.37598152424926
 30
0.0
 40
5.0
  0
CIRCLE
  5
1AC
330
17
100
AcDbEntity
  8
ACIER_LONG
100
AcDbCircle
 10
4959.0
 20
235.08129330253996
 30
0.0
 40
5.0
  0
CIRCLE
  5
1AD
330
17
100
AcDbEntity
  8
ACIER_LONG
100
AcDbCircle
 10
4959.0
 20
248.78660508083158
 30
0.0
 40
5.0
  0
CIRCLE
  5
1AE
330
17
100
AcDbEntity
  8
ACIER_LONG
100
AcDbCircle
 10
4959.0
 20
262.4919168591223
 30
0.0
 40
5.0
  0
CIRCLE
  5
1AF
330
17
100
AcDbEntity
  8
ACIER_LONG
100
AcDbCircle
 10
4959.0
 20
276.197228637413
 30
0.0
 40
5.0
  0
CIRCLE
  5
1B0
330
17
100
AcDbEntity
  8
ACIER_LONG
100
AcDbCircle
 10
4959.0
 20
289.9025404157046
 30
0.0
 40
5.0
  0
CIRCLE
  5
1B1
330
17
100
AcDbEntity
  8
ACIER_LONG
100
AcDbCircle
 10
4959.0
 20
303.6078521939953
 30
0.0
 40
5.0
  0
CIRCLE
  5
1B2
330
17
100
AcDbEntity
  8
ACIER_LONG
100
AcDbCircle
 10
4959.0
 20
317.313163972286
 30
0.0
 40
5.0
  0
CIRCLE
  5
1B3
330
17
100
AcDbEntity
  8
ACIER_LONG
100
AcDbCircle
 10
4959.0
 20
331.01847575057764
 30
0.0
 40
5.0
  0
CIRCLE
  5
1B4
330
17
100
AcDbEntity
  8
ACIER_LONG
100
AcDbCircle
 10
4959.0
 20
344.72378752886834
 30
0.0
 40
5.0
  0
CIRCLE
  5
1B5
330
17
100
AcDbEntity
  8
ACIER_LONG
100
AcDbCircle
 10
4959.0
 20
358.42909930715905
 30
0.0
 40
5.0
  0
CIRCLE
  5
1B6
330
17
100
AcDbEntity
  8
ACIER_LONG
100
AcDbCircle
 10
4959.0
 20
372.13441108545067
 30
0.0
 40
5.0
  0
CIRCLE
  5
1B7
330
17
100
AcDbEntity
  8
ACIER_LONG
100
AcDbCircle
 10
4959.0
 20
385.8397228637414
 30
0.0
 40
5.0
  0
CIRCLE
  5
1B8
330
17
100
AcDbEntity
  8
ACIER_LONG
100
AcDbCircle
 10
4959.0
 20
399.5450346420321
 30
0.0
 40
5.0
  0
CIRCLE
  5
1B9
330
17
100
AcDbEntity
  8
ACIER_LONG
100
AcDbCircle
 10
4959.0
 20
413.2503464203237
 30
0.0
 40
5.0
  0
CIRCLE
  5
1BA
330
17
100
AcDbEntity
  8
ACIER_LONG
100
AcDbCircle
 10
4959.0
 20
426.9556581986144
 30
0.0
 40
5.0
  0
CIRCLE
  5
1BB
330
17
100
AcDbEntity
  8
ACIER_LONG
100
AcDbCircle
 10
4959.0
 20
440.6609699769051
 30
0.0
 40
5.0
  0
CIRCLE
  5
1BC
330
17
100
AcDbEntity
  8
ACIER_LONG
100
AcDbCircle
 10
4959.0
 20
454.3662817551967
 30
0.0
 40
5.0
  0
CIRCLE
  5
1BD
330
17
100
AcDbEntity
  8
ACIER_LONG
100
AcDbCircle
 10
4959.0
 20
468.07159353348743
 30
0.0
 40
5.0
  0
CIRCLE
  5
1BE
330
17
100
AcDbEntity
  8
ACIER_LONG
100
AcDbCircle
 10
4959.0
 20
481.77690531177814
 30
0.0
 40
5.0
  0
CIRCLE
  5
1BF
330
17
100
AcDbEntity
  8
ACIER_LONG
100
AcDbCircle
 10
4959.0
 20
495.48221709006884
 30
0.0
 40
5.0
  0
CIRCLE
  5
1C0
330
17
100
AcDbEntity
  8
ACIER_LONG
100
AcDbCircle
 10
4959.0
 20
509.18752886836046
 30
0.0
 40
5.0
  0
CIRCLE
  5
1C1
330
17
100
AcDbEntity
  8
ACIER_LONG
100
AcDbCircle
 10
4959.0
 20
522.8928406466512
 30
0.0
 40
5.0
  0
CIRCLE
  5
1C2
330
17
100
AcDbEntity
  8
ACIER_LONG
100
AcDbCircle
 10
4959.0
 20
536.5981524249419
 30
0.0
 40
5.0
  0
CIRCLE
  5
1C3
330
17
100
AcDbEntity
  8
ACIER_LONG
100
AcDbCircle
 10
4959.0
 20
550.3034642032335
 30
0.0
 40
5.0
  0
CIRCLE
  5
1C4
330
17
100
AcDbEntity
  8
ACIER_LONG
100
AcDbCircle
 10
4959.0
 20
564.0087759815242
 30
0.0
 40
5.0
  0
CIRCLE
  5
1C5
330
17
100
AcDbEntity
  8
ACIER_LONG
100
AcDbCircle
 10
4959.0
 20
577.7140877598149
 30
0.0
 40
5.0
  0
CIRCLE
  5
1C6
330
17
100
AcDbEntity
  8
ACIER_LONG
100
AcDbCircle
 10
4959.0
 20
591.4193995381065
 30
0.0
 40
5.0
  0
CIRCLE
  5
1C7
330
17
100
AcDbEntity
  8
ACIER_LONG
100
AcDbCircle
 10
4959.0
 20
605.1247113163972
 30
0.0
 40
5.0
  0
CIRCLE
  5
1C8
330
17
100
AcDbEntity
  8
ACIER_LONG
100
AcDbCircle
 10
4959.0
 20
618.8300230946879
 30
0.0
 40
5.0
  0
CIRCLE
  5
1C9
330
17
100
AcDbEntity
  8
ACIER_LONG
100
AcDbCircle
 10
4959.0
 20
632.5353348729795
 30
0.0
 40
5.0
  0
CIRCLE
  5
1CA
330
17
100
AcDbEntity
  8
ACIER_LONG
100
AcDbCircle
 10
4959.0
 20
646.2406466512703
 30
0.0
 40
5.0
  0
CIRCLE
  5
1CB
330
17
100
AcDbEntity
  8
ACIER_LONG
100
AcDbCircle
 10
4959.0
 20
659.945958429561
 30
0.0
 40
5.0
  0
CIRCLE
  5
1CC
330
17
100
AcDbEntity
  8
ACIER_LONG
100
AcDbCircle
 10
4959.0
 20
673.6512702078526
 30
0.0
 40
5.0
  0
CIRCLE
  5
1CD
330
17
100
AcDbEntity
  8
ACIER_LONG
100
AcDbCircle
 10
4959.0
 20
687.3565819861433
 30
0.0
 40
5.0
  0
CIRCLE
  5
1CE
330
17
100
AcDbEntity
  8
ACIER_LONG
100
AcDbCircle
 10
4959.0
 20
701.061893764434
 30
0.0
 40
5.0
  0
CIRCLE
  5
1CF
330
17
100
AcDbEntity
  8
ACIER_LONG
100
AcDbCircle
 10
4959.0
 20
714.7672055427256
 30
0.0
 40
5.0
  0
CIRCLE
  5
1D0
330
17
100
AcDbEntity
  8
ACIER_LONG
100
AcDbCircle
 10
4959.0
 20
728.4725173210163
 30
0.0
 40
5.0
  0
CIRCLE
  5
1D1
330
17
100
AcDbEntity
  8
ACIER_LONG
100
AcDbCircle
 10
4959.0
 20
742.177829099307
 30
0.0
 40
5.0
  0
CIRCLE
  5
1D2
330
17
100
AcDbEntity
  8
ACIER_LONG
100
AcDbCircle
 10
4959.0
 20
755.8831408775977
 30
0.0
 40
5.0
  0
CIRCLE
  5
1D3
330
17
100
AcDbEntity
  8
ACIER_LONG
100
AcDbCircle
 10
4959.0
 20
769.5884526558893
 30
0.0
 40
5.0
  0
CIRCLE
  5
1D4
330
17
100
AcDbEntity
  8
ACIER_LONG
100
AcDbCircle
 10
4959.0
 20
783.29376443418
 30
0.0
 40
5.0
  0
CIRCLE
  5
1D5
330
17
100
AcDbEntity
  8
ACIER_LONG
100
AcDbCircle
 10
4959.0
 20
796.9990762124708
 30
0.0
 40
5.0
  0
CIRCLE
  5
1D6
330
17
100
AcDbEntity
  8
ACIER_LONG
100
AcDbCircle
 10
4959.0
 20
810.7043879907624
 30
0.0
 40
5.0
  0
CIRCLE
  5
1D7
330
17
100
AcDbEntity
  8
ACIER_LONG
100
AcDbCircle
 10
4959.0
 20
824.4096997690531
 30
0.0
 40
5.0
  0
CIRCLE
  5
1D8
330
17
100
AcDbEntity
  8
ACIER_LONG
100
AcDbCircle
 10
4959.0
 20
838.1150115473438
 30
0.0
 40
5.0
  0
CIRCLE
  5
1D9
330
17
100
AcDbEntity
  8
ACIER_LONG
100
AcDbCircle
 10
4959.0
 20
851.8203233256354
 30
0.0
 40
5.0
  0
CIRCLE
  5
1DA
330
17
100
AcDbEntity
  8
ACIER_LONG
100
AcDbCircle
 10
4959.0
 20
865.5256351039261
 30
0.0
 40
5.0
  0
CIRCLE
  5
1DB
330
17
100
AcDbEntity
  8
ACIER_LONG
100
AcDbCircle
 10
4959.0
 20
879.2309468822168
 30
0.0
 40
5.0
  0
CIRCLE
  5
1DC
330
17
100
AcDbEntity
  8
ACIER_LONG
100
AcDbCircle
 10
4959.0
 20
892.9362586605084
 30
0.0
 40
5.0
  0
CIRCLE
  5
1DD
330
17
100
AcDbEntity
  8
ACIER_LONG
100
AcDbCircle
 10
4959.0
 20
906.6415704387991
 30
0.0
 40
5.0
  0
CIRCLE
  5
1DE
330
17
100
AcDbEntity
  8
ACIER_LONG
100
AcDbCircle
 10
4959.0
 20
920.3468822170898
 30
0.0
 40
5.0
  0
CIRCLE
  5
1DF
330
17
100
AcDbEntity
  8
ACIER_LONG
100
AcDbCircle
 10
4959.0
 20
934.0521939953815
 30
0.0
 40
5.0
  0
CIRCLE
  5
1E0
330
17
100
AcDbEntity
  8
ACIER_LONG
100
AcDbCircle
 10
4959.0
 20
947.7575057736722
 30
0.0
 40
5.0
  0
CIRCLE
  5
1E1
330
17
100
AcDbEntity
  8
ACIER_LONG
100
AcDbCircle
 10
4959.0
 20
961.4628175519629
 30
0.0
 40
5.0
  0
CIRCLE
  5
1E2
330
17
100
AcDbEntity
  8
ACIER_LONG
100
AcDbCircle
 10
4959.0
 20
975.1681293302545
 30
0.0
 40
5.0
  0
CIRCLE
  5
1E3
330
17
100
AcDbEntity
  8
ACIER_LONG
100
AcDbCircle
 10
4959.0
 20
988.8734411085452
 30
0.0
 40
5.0
  0
CIRCLE
  5
1E4
330
17
100
AcDbEntity
  8
ACIER_LONG
100
AcDbCircle
 10
4959.0
 20
1002.5787528868359
 30
0.0
 40
5.0
  0
CIRCLE
  5
1E5
330
17
100
AcDbEntity
  8
ACIER_LONG
100
AcDbCircle
 10
4959.0
 20
1016.2840646651266
 30
0.0
 40
5.0
  0
CIRCLE
  5
1E6
330
17
100
AcDbEntity
  8
ACIER_LONG
100
AcDbCircle
 10
4959.0
 20
1029.9893764434182
 30
0.0
 40
5.0
  0
CIRCLE
  5
1E7
330
17
100
AcDbEntity
  8
ACIER_LONG
100
AcDbCircle
 10
4959.0
 20
1043.694688221709
 30
0.0
 40
5.0
  0
CIRCLE
  5
1E8
330
17
100
AcDbEntity
  8
ACIER_LONG
100
AcDbCircle
 10
4959.0
 20
1057.3999999999996
 30
0.0
 40
5.0
  0
CIRCLE
  5
1E9
330
17
100
AcDbEntity
  8
ACIER_LONG
100
AcDbCircle
 10
4959.0
 20
1071.1053117782913
 30
0.0
 40
5.0
  0
CIRCLE
  5
1EA
330
17
100
AcDbEntity
  8
ACIER_LONG
100
AcDbCircle
 10
4959.0
 20
1084.810623556582
 30
0.0
 40
5.0
  0
CIRCLE
  5
1EB
330
17
100
AcDbEntity
  8
ACIER_LONG
100
AcDbCircle
 10
4959.0
 20
1098.5159353348727
 30
0.0
 40
5.0
  0
CIRCLE
  5
1EC
330
17
100
AcDbEntity
  8
ACIER_LONG
100
AcDbCircle
 10
4959.0
 20
1112.2212471131643
 30
0.0
 40
5.0
  0
CIRCLE
  5
1ED
330
17
100
AcDbEntity
  8
ACIER_LONG
100
AcDbCircle
 10
4959.0
 20
1125.926558891455
 30
0.0
 40
5.0
  0
CIRCLE
  5
1EE
330
17
100
AcDbEntity
  8
ACIER_LONG
100
AcDbCircle
 10
4959.0
 20
1139.6318706697457
 30
0.0
 40
5.0
  0
CIRCLE
  5
1EF
330
17
100
AcDbEntity
  8
ACIER_LONG
100
AcDbCircle
 10
4959.0
 20
1153.3371824480373
 30
0.0
 40
5.0
  0
CIRCLE
  5
1F0
330
17
100
AcDbEntity
  8
ACIER_LONG
100
AcDbCircle
 10
4959.0
 20
1167.042494226328
 30
0.0
 40
5.0
  0
CIRCLE
  5
1F1
330
17
100
AcDbEntity
  8
ACIER_LONG
100
AcDbCircle
 10
4959.0
 20
1180.7478060046187
 30
0.0
 40
5.0
  0
CIRCLE
  5
1F2
330
17
100
AcDbEntity
  8
ACIER_LONG
100
AcDbCircle
 10
4959.0
 20
1194.4531177829103
 30
0.0
 40
5.0
  0
CIRCLE
  5
1F3
330
17
100
AcDbEntity
  8
ACIER_LONG
100
AcDbCircle
 10
4959.0
 20
1208.158429561201
 30
0.0
 40
5.0
  0
CIRCLE
  5
1F4
330
17
100
AcDbEntity
  8
ACIER_LONG
100
AcDbCircle
 10
4959.0
 20
1221.8637413394918
 30
0.0
 40
5.0
  0
CIRCLE
  5
1F5
330
17
100
AcDbEntity
  8
ACIER_LONG
100
AcDbCircle
 10
4959.0
 20
1235.5690531177825
 30
0.0
 40
5.0
  0
CIRCLE
  5
1F6
330
17
100
AcDbEntity
  8
ACIER_LONG
100
AcDbCircle
 10
4959.0
 20
1249.274364896074
 30
0.0
 40
5.0
  0
CIRCLE
  5
1F7
330
17
100
AcDbEntity
  8
ACIER_LONG
100
AcDbCircle
 10
4959.0
 20
1262.9796766743648
 30
0.0
 40
5.0
  0
CIRCLE
  5
1F8
330
17
100
AcDbEntity
  8
ACIER_LONG
100
AcDbCircle
 10
4959.0
 20
1276.6849884526555
 30
0.0
 40
5.0
  0
CIRCLE
  5
1F9
330
17
100
AcDbEntity
  8
ACIER_LONG
100
AcDbCircle
 10
4959.0
 20
1290.390300230947
 30
0.0
 40
5.0
  0
CIRCLE
  5
1FA
330
17
100
AcDbEntity
  8
ACIER_LONG
100
AcDbCircle
 10
4959.0
 20
1304.0956120092378
 30
0.0
 40
5.0
  0
CIRCLE
  5
1FB
330
17
100
AcDbEntity
  8
ACIER_LONG
100
AcDbCircle
 10
4959.0
 20
1317.8009237875285
 30
0.0
 40
5.0
  0
CIRCLE
  5
1FC
330
17
100
AcDbEntity
  8
ACIER_LONG
100
AcDbCircle
 10
4959.0
 20
1331.5062355658201
 30
0.0
 40
5.0
  0
CIRCLE
  5
1FD
330
17
100
AcDbEntity
  8
ACIER_LONG
100
AcDbCircle
 10
4959.0
 20
1345.2115473441108
 30
0.0
 40
5.0
  0
CIRCLE
  5
1FE
330
17
100
AcDbEntity
  8
ACIER_LONG
100
AcDbCircle
 10
4959.0
 20
1358.9168591224015
 30
0.0
 40
5.0
  0
CIRCLE
  5
1FF
330
17
100
AcDbEntity
  8
ACIER_LONG
100
AcDbCircle
 10
4959.0
 20
1372.6221709006932
 30
0.0
 40
5.0
  0
CIRCLE
  5
200
330
17
100
AcDbEntity
  8
ACIER_LONG
100
AcDbCircle
 10
4959.0
 20
1386.3274826789839
 30
0.0
 40
5.0
  0
CIRCLE
  5
201
330
17
100
AcDbEntity
  8
ACIER_LONG
100
AcDbCircle
 10
4959.0
 20
1400.0327944572746
 30
0.0
 40
5.0
  0
CIRCLE
  5
202
330
17
100
AcDbEntity
  8
ACIER_LONG
100
AcDbCircle
 10
4959.0
 20
1413.7381062355662
 30
0.0
 40
5.0
  0
CIRCLE
  5
203
330
17
100
AcDbEntity
  8
ACIER_LONG
100
AcDbCircle
 10
4959.0
 20
1427.443418013857
 30
0.0
 40
5.0
  0
CIRCLE
  5
204
330
17
100
AcDbEntity
  8
ACIER_LONG
100
AcDbCircle
 10
4959.0
 20
1441.1487297921476
 30
0.0
 40
5.0
  0
CIRCLE
  5
205
330
17
100
AcDbEntity
  8
ACIER_LONG
100
AcDbCircle
 10
4959.0
 20
1454.8540415704392
 30
0.0
 40
5.0
  0
CIRCLE
  5
206
330
17
100
AcDbEntity
  8
ACIER_LONG
100
AcDbCircle
 10
4959.0
 20
1468.55935334873
 30
0.0
 40
5.0
  0
CIRCLE
  5
207
330
17
100
AcDbEntity
  8
ACIER_LONG
100
AcDbCircle
 10
4959.0
 20
1482.2646651270206
 30
0.0
 40
5.0
  0
CIRCLE
  5
208
330
17
100
AcDbEntity
  8
ACIER_LONG
100
AcDbCircle
 10
4959.0
 20
1495.9699769053113
 30
0.0
 40
5.0
  0
CIRCLE
  5
209
330
17
100
AcDbEntity
  8
ACIER_LONG
100
AcDbCircle
 10
4959.0
 20
1509.675288683603
 30
0.0
 40
5.0
  0
CIRCLE
  5
20A
330
17
100
AcDbEntity
  8
ACIER_LONG
100
AcDbCircle
 10
4959.0
 20
1523.3806004618937
 30
0.0
 40
5.0
  0
CIRCLE
  5
20B
330
17
100
AcDbEntity
  8
ACIER_LONG
100
AcDbCircle
 10
4959.0
 20
1537.0859122401844
 30
0.0
 40
5.0
  0
CIRCLE
  5
20C
330
17
100
AcDbEntity
  8
ACIER_LONG
100
AcDbCircle
 10
4959.0
 20
1550.791224018476
 30
0.0
 40
5.0
  0
CIRCLE
  5
20D
330
17
100
AcDbEntity
  8
ACIER_LONG
100
AcDbCircle
 10
4959.0
 20
1564.4965357967667
 30
0.0
 40
5.0
  0
CIRCLE
  5
20E
330
17
100
AcDbEntity
  8
ACIER_LONG
100
AcDbCircle
 10
4959.0
 20
1578.2018475750574
 30
0.0
 40
5.0
  0
CIRCLE
  5
20F
330
17
100
AcDbEntity
  8
ACIER_LONG
100
AcDbCircle
 10
4959.0
 20
1591.907159353349
 30
0.0
 40
5.0
  0
CIRCLE
  5
210
330
17
100
AcDbEntity
  8
ACIER_LONG
100
AcDbCircle
 10
4959.0
 20
1605.6124711316397
 30
0.0
 40
5.0
  0
CIRCLE
  5
211
330
17
100
AcDbEntity
  8
ACIER_LONG
100
AcDbCircle
 10
4959.0
 20
1619.3177829099304
 30
0.0
 40
5.0
  0
CIRCLE
  5
212
330
17
100
AcDbEntity
  8
ACIER_LONG
100
AcDbCircle
 10
4959.0
 20
1633.023094688222
 30
0.0
 40
5.0
  0
CIRCLE
  5
213
330
17
100
AcDbEntity
  8
ACIER_LONG
100
AcDbCircle
 10
4959.0
 20
1646.7284064665128
 30
0.0
 40
5.0
  0
CIRCLE
  5
214
330
17
100
AcDbEntity
  8
ACIER_LONG
100
AcDbCircle
 10
4959.0
 20
1660.4337182448035
 30
0.0
 40
5.0
  0
CIRCLE
  5
215
330
17
100
AcDbEntity
  8
ACIER_LONG
100
AcDbCircle
 10
4959.0
 20
1674.139030023095
 30
0.0
 40
5.0
  0
CIRCLE
  5
216
330
17
100
AcDbEntity
  8
ACIER_LONG
100
AcDbCircle
 10
4959.0
 20
1687.8443418013858
 30
0.0
 40
5.0
  0
CIRCLE
  5
217
330
17
100
AcDbEntity
  8
ACIER_LONG
100
AcDbCircle
 10
4959.0
 20
1701.5496535796765
 30
0.0
 40
5.0
  0
CIRCLE
  5
218
330
17
100
AcDbEntity
  8
ACIER_LONG
100
AcDbCircle
 10
4959.0
 20
1715.254965357968
 30
0.0
 40
5.0
  0
CIRCLE
  5
219
330
17
100
AcDbEntity
  8
ACIER_LONG
100
AcDbCircle
 10
4959.0
 20
1728.9602771362588
 30
0.0
 40
5.0
  0
CIRCLE
  5
21A
330
17
100
AcDbEntity
  8
ACIER_LONG
100
AcDbCircle
 10
4959.0
 20
1742.6655889145495
 30
0.0
 40
5.0
  0
CIRCLE
  5
21B
330
17
100
AcDbEntity
  8
ACIER_LONG
100
AcDbCircle
 10
4959.0
 20
1756.3709006928402
 30
0.0
 40
5.0
  0
CIRCLE
  5
21C
330
17
100
AcDbEntity
  8
ACIER_LONG
100
AcDbCircle
 10
4959.0
 20
1770.0762124711318
 30
0.0
 40
5.0
  0
CIRCLE
  5
21D
330
17
100
AcDbEntity
  8
ACIER_LONG
100
AcDbCircle
 10
4959.0
 20
1783.7815242494225
 30
0.0
 40
5.0
  0
CIRCLE
  5
21E
330
17
100
AcDbEntity
  8
ACIER_LONG
100
AcDbCircle
 10
4959.0
 20
1797.4868360277133
 30
0.0
 40
5.0
  0
CIRCLE
  5
21F
330
17
100
AcDbEntity
  8
ACIER_LONG
100
AcDbCircle
 10
4959.0
 20
1811.1921478060049
 30
0.0
 40
5.0
  0
CIRCLE
  5
220
330
17
100
AcDbEntity
  8
ACIER_LONG
100
AcDbCircle
 10
4959.0
 20
1824.8974595842956
 30
0.0
 40
5.0
  0
CIRCLE
  5
221
330
17
100
AcDbEntity
  8
ACIER_LONG
100
AcDbCircle
 10
4959.0
 20
1838.6027713625863
 30
0.0
 40
5.0
  0
CIRCLE
  5
222
330
17
100
AcDbEntity
  8
ACIER_LONG
100
AcDbCircle
 10
4959.0
 20
1852.308083140878
 30
0.0
 40
5.0
  0
CIRCLE
  5
223
330
17
100
AcDbEntity
  8
ACIER_LONG
100
AcDbCircle
 10
4959.0
 20
1866.0133949191686
 30
0.0
 40
5.0
  0
CIRCLE
  5
224
330
17
100
AcDbEntity
  8
ACIER_LONG
100
AcDbCircle
 10
4959.0
 20
1879.7187066974593
 30
0.0
 40
5.0
  0
CIRCLE
  5
225
330
17
100
AcDbEntity
  8
ACIER_LONG
100
AcDbCircle
 10
4959.0
 20
1893.424018475751
 30
0.0
 40
5.0
  0
CIRCLE
  5
226
330
17
100
AcDbEntity
  8
ACIER_LONG
100
AcDbCircle
 10
4959.0
 20
1907.1293302540416
 30
0.0
 40
5.0
  0
CIRCLE
  5
227
330
17
100
AcDbEntity
  8
ACIER_LONG
100
AcDbCircle
 10
4959.0
 20
1920.8346420323323
 30
0.0
 40
5.0
  0
CIRCLE
  5
228
330
17
100
AcDbEntity
  8
ACIER_LONG
100
AcDbCircle
 10
4959.0
 20
1934.539953810624
 30
0.0
 40
5.0
  0
CIRCLE
  5
229
330
17
100
AcDbEntity
  8
ACIER_LONG
100
AcDbCircle
 10
4959.0
 20
1948.2452655889147
 30
0.0
 40
5.0
  0
CIRCLE
  5
22A
330
17
100
AcDbEntity
  8
ACIER_LONG
100
AcDbCircle
 10
4959.0
 20
1961.9505773672054
 30
0.0
 40
5.0
  0
CIRCLE
  5
22B
330
17
100
AcDbEntity
  8
ACIER_LONG
100
AcDbCircle
 10
4959.0
 20
1975.655889145497
 30
0.0
 40
5.0
  0
CIRCLE
  5
22C
330
17
100
AcDbEntity
  8
ACIER_LONG
100
AcDbCircle
 10
4959.0
 20
1989.3612009237877
 30
0.0
 40
5.0
  0
CIRCLE
  5
22D
330
17
100
AcDbEntity
  8
ACIER_LONG
100
AcDbCircle
 10
4959.0
 20
2003.0665127020784
 30
0.0
 40
5.0
  0
CIRCLE
  5
22E
330
17
100
AcDbEntity
  8
ACIER_LONG
100
AcDbCircle
 10
4959.0
 20
2016.771824480369
 30
0.0
 40
5.0
  0
CIRCLE
  5
22F
330
17
100
AcDbEntity
  8
ACIER_LONG
100
AcDbCircle
 10
4959.0
 20
2030.4771362586607
 30
0.0
 40
5.0
  0
CIRCLE
  5
230
330
17
100
AcDbEntity
  8
ACIER_LONG
100
AcDbCircle
 10
4959.0
 20
2044.1824480369514
 30
0.0
 40
5.0
  0
CIRCLE
  5
231
330
17
100
AcDbEntity
  8
ACIER_LONG
100
AcDbCircle
 10
4959.0
 20
2057.887759815242
 30
0.0
 40
5.0
  0
CIRCLE
  5
232
330
17
100
AcDbEntity
  8
ACIER_LONG
100
AcDbCircle
 10
4959.0
 20
2071.5930715935338
 30
0.0
 40
5.0
  0
CIRCLE
  5
233
330
17
100
AcDbEntity
  8
ACIER_LONG
100
AcDbCircle
 10
4959.0
 20
2085.2983833718245
 30
0.0
 40
5.0
  0
CIRCLE
  5
234
330
17
100
AcDbEntity
  8
ACIER_LONG
100
AcDbCircle
 10
4959.0
 20
2099.003695150115
 30
0.0
 40
5.0
  0
CIRCLE
  5
235
330
17
100
AcDbEntity
  8
ACIER_LONG
100
AcDbCircle
 10
4959.0
 20
2112.709006928407
 30
0.0
 40
5.0
  0
CIRCLE
  5
236
330
17
100
AcDbEntity
  8
ACIER_LONG
100
AcDbCircle
 10
4959.0
 20
2126.4143187066975
 30
0.0
 40
5.0
  0
CIRCLE
  5
237
330
17
100
AcDbEntity
  8
ACIER_LONG
100
AcDbCircle
 10
4959.0
 20
2140.119630484988
 30
0.0
 40
5.0
  0
CIRCLE
  5
238
330
17
100
AcDbEntity
  8
ACIER_LONG
100
AcDbCircle
 10
4959.0
 20
2153.82494226328
 30
0.0
 40
5.0
  0
CIRCLE
  5
239
330
17
100
AcDbEntity
  8
ACIER_LONG
100
AcDbCircle
 10
4959.0
 20
2167.5302540415705
 30
0.0
 40
5.0
  0
CIRCLE
  5
23A
330
17
100
AcDbEntity
  8
ACIER_LONG
100
AcDbCircle
 10
4959.0
 20
2181.235565819861
 30
0.0
 40
5.0
  0
CIRCLE
  5
23B
330
17
100
AcDbEntity
  8
ACIER_LONG
100
AcDbCircle
 10
4959.0
 20
2194.940877598153
 30
0.0
 40
5.0
  0
CIRCLE
  5
23C
330
17
100
AcDbEntity
  8
ACIER_LONG
100
AcDbCircle
 10
4959.0
 20
2208.6461893764435
 30
0.0
 40
5.0
  0
CIRCLE
  5
23D
330
17
100
AcDbEntity
  8
ACIER_LONG
100
AcDbCircle
 10
4959.0
 20
2222.3515011547343
 30
0.0
 40
5.0
  0
CIRCLE
  5
23E
330
17
100
AcDbEntity
  8
ACIER_LONG
100
AcDbCircle
 10
4959.0
 20
2236.056812933025
 30
0.0
 40
5.0
  0
CIRCLE
  5
23F
330
17
100
AcDbEntity
  8
ACIER_LONG
100
AcDbCircle
 10
4959.0
 20
2249.7621247113166
 30
0.0
 40
5.0
  0
CIRCLE
  5
240
330
17
100
AcDbEntity
  8
ACIER_LONG
100
AcDbCircle
 10
4959.0
 20
2263.4674364896073
 30
0.0
 40
5.0
  0
CIRCLE
  5
241
330
17
100
AcDbEntity
  8
ACIER_LONG
100
AcDbCircle
 10
4959.0
 20
2277.172748267898
 30
0.0
 40
5.0
  0
CIRCLE
  5
242
330
17
100
AcDbEntity
  8
ACIER_LONG
100
AcDbCircle
 10
4959.0
 20
2290.8780600461896
 30
0.0
 40
5.0
  0
CIRCLE
  5
243
330
17
100
AcDbEntity
  8
ACIER_LONG
100
AcDbCircle
 10
4959.0
 20
2304.5833718244803
 30
0.0
 40
5.0
  0
CIRCLE
  5
244
330
17
100
AcDbEntity
  8
ACIER_LONG
100
AcDbCircle
 10
4959.0
 20
2318.288683602771
 30
0.0
 40
5.0
  0
CIRCLE
  5
245
330
17
100
AcDbEntity
  8
ACIER_LONG
100
AcDbCircle
 10
4959.0
 20
2331.9939953810626
 30
0.0
 40
5.0
  0
CIRCLE
  5
246
330
17
100
AcDbEntity
  8
ACIER_LONG
100
AcDbCircle
 10
4959.0
 20
2345.6993071593533
 30
0.0
 40
5.0
  0
CIRCLE
  5
247
330
17
100
AcDbEntity
  8
ACIER_LONG
100
AcDbCircle
 10
4959.0
 20
2359.404618937644
 30
0.0
 40
5.0
  0
CIRCLE
  5
248
330
17
100
AcDbEntity
  8
ACIER_LONG
100
AcDbCircle
 10
4959.0
 20
2373.1099307159357
 30
0.0
 40
5.0
  0
CIRCLE
  5
249
330
17
100
AcDbEntity
  8
ACIER_LONG
100
AcDbCircle
 10
4959.0
 20
2386.8152424942264
 30
0.0
 40
5.0
  0
CIRCLE
  5
24A
330
17
100
AcDbEntity
  8
ACIER_LONG
100
AcDbCircle
 10
4959.0
 20
2400.520554272517
 30
0.0
 40
5.0
  0
CIRCLE
  5
24B
330
17
100
AcDbEntity
  8
ACIER_LONG
100
AcDbCircle
 10
4959.0
 20
2414.2258660508087
 30
0.0
 40
5.0
  0
CIRCLE
  5
24C
330
17
100
AcDbEntity
  8
ACIER_LONG
100
AcDbCircle
 10
4959.0
 20
2427.9311778290994
 30
0.0
 40
5.0
  0
CIRCLE
  5
24D
330
17
100
AcDbEntity
  8
ACIER_LONG
100
AcDbCircle
 10
4959.0
 20
2441.63648960739
 30
0.0
 40
5.0
  0
CIRCLE
  5
24E
330
17
100
AcDbEntity
  8
ACIER_LONG
100
AcDbCircle
 10
4959.0
 20
2455.3418013856817
 30
0.0
 40
5.0
  0
CIRCLE
  5
24F
330
17
100
AcDbEntity
  8
ACIER_LONG
100
AcDbCircle
 10
4959.0
 20
2469.0471131639724
 30
0.0
 40
5.0
  0
CIRCLE
  5
250
330
17
100
AcDbEntity
  8
ACIER_LONG
100
AcDbCircle
 10
4959.0
 20
2482.752424942263
 30
0.0
 40
5.0
  0
CIRCLE
  5
251
330
17
100
AcDbEntity
  8
ACIER_LONG
100
AcDbCircle
 10
4959.0
 20
2496.457736720554
 30
0.0
 40
5.0
  0
CIRCLE
  5
252
330
17
100
AcDbEntity
  8
ACIER_LONG
100
AcDbCircle
 10
4959.0
 20
2510.1630484988455
 30
0.0
 40
5.0
  0
CIRCLE
  5
253
330
17
100
AcDbEntity
  8
ACIER_LONG
100
AcDbCircle
 10
4959.0
 20
2523.868360277136
 30
0.0
 40
5.0
  0
CIRCLE
  5
254
330
17
100
AcDbEntity
  8
ACIER_LONG
100
AcDbCircle
 10
4959.0
 20
2537.573672055427
 30
0.0
 40
5.0
  0
CIRCLE
  5
255
330
17
100
AcDbEntity
  8
ACIER_LONG
100
AcDbCircle
 10
4959.0
 20
2551.2789838337185
 30
0.0
 40
5.0
  0
CIRCLE
  5
256
330
17
100
AcDbEntity
  8
ACIER_LONG
100
AcDbCircle
 10
4959.0
 20
2564.984295612009
 30
0.0
 40
5.0
  0
CIRCLE
  5
257
330
17
100
AcDbEntity
  8
ACIER_LONG
100
AcDbCircle
 10
4959.0
 20
2578.6896073903
 30
0.0
 40
5.0
  0
CIRCLE
  5
258
330
17
100
AcDbEntity
  8
ACIER_LONG
100
AcDbCircle
 10
4959.0
 20
2592.3949191685915
 30
0.0
 40
5.0
  0
CIRCLE
  5
259
330
17
100
AcDbEntity
  8
ACIER_LONG
100
AcDbCircle
 10
4959.0
 20
2606.100230946882
 30
0.0
 40
5.0
  0
CIRCLE
  5
25A
330
17
100
AcDbEntity
  8
ACIER_LONG
100
AcDbCircle
 10
4959.0
 20
2619.805542725173
 30
0.0
 40
5.0
  0
CIRCLE
  5
25B
330
17
100
AcDbEntity
  8
ACIER_LONG
100
AcDbCircle
 10
4959.0
 20
2633.5108545034645
 30
0.0
 40
5.0
  0
CIRCLE
  5
25C
330
17
100
AcDbEntity
  8
ACIER_LONG
100
AcDbCircle
 10
4959.0
 20
2647.2161662817552
 30
0.0
 40
5.0
  0
CIRCLE
  5
25D
330
17
100
AcDbEntity
  8
ACIER_LONG
100
AcDbCircle
 10
4959.0
 20
2660.921478060046
 30
0.0
 40
5.0
  0
CIRCLE
  5
25E
330
17
100
AcDbEntity
  8
ACIER_LONG
100
AcDbCircle
 10
4959.0
 20
2674.6267898383376
 30
0.0
 40
5.0
  0
CIRCLE
  5
25F
330
17
100
AcDbEntity
  8
ACIER_LONG
100
AcDbCircle
 10
4959.0
 20
2688.3321016166283
 30
0.0
 40
5.0
  0
CIRCLE
  5
260
330
17
100
AcDbEntity
  8
ACIER_LONG
100
AcDbCircle
 10
4959.0
 20
2702.037413394919
 30
0.0
 40
5.0
  0
CIRCLE
  5
261
330
17
100
AcDbEntity
  8
ACIER_LONG
100
AcDbCircle
 10
4959.0
 20
2715.7427251732106
 30
0.0
 40
5.0
  0
CIRCLE
  5
262
330
17
100
AcDbEntity
  8
ACIER_LONG
100
AcDbCircle
 10
4959.0
 20
2729.4480369515013
 30
0.0
 40
5.0
  0
CIRCLE
  5
263
330
17
100
AcDbEntity
  8
ACIER_LONG
100
AcDbCircle
 10
4959.0
 20
2743.153348729792
 30
0.0
 40
5.0
  0
CIRCLE
  5
264
330
17
100
AcDbEntity
  8
ACIER_LONG
100
AcDbCircle
 10
4959.0
 20
2756.8586605080827
 30
0.0
 40
5.0
  0
CIRCLE
  5
265
330
17
100
AcDbEntity
  8
ACIER_LONG
100
AcDbCircle
 10
4959.0
 20
2770.5639722863743
 30
0.0
 40
5.0
  0
CIRCLE
  5
266
330
17
100
AcDbEntity
  8
ACIER_LONG
100
AcDbCircle
 10
4959.0
 20
2784.269284064665
 30
0.0
 40
5.0
  0
CIRCLE
  5
267
330
17
100
AcDbEntity
  8
ACIER_LONG
100
AcDbCircle
 10
4959.0
 20
2797.9745958429558
 30
0.0
 40
5.0
  0
CIRCLE
  5
268
330
17
100
AcDbEntity
  8
ACIER_LONG
100
AcDbCircle
 10
4959.0
 20
2811.6799076212474
 30
0.0
 40
5.0
  0
CIRCLE
  5
269
330
17
100
AcDbEntity
  8
ACIER_LONG
100
AcDbCircle
 10
4959.0
 20
2825.385219399538
 30
0.0
 40
5.0
  0
CIRCLE
  5
26A
330
17
100
AcDbEntity
  8
ACIER_LONG
100
AcDbCircle
 10
4959.0
 20
2839.090531177829
 30
0.0
 40
5.0
  0
CIRCLE
  5
26B
330
17
100
AcDbEntity
  8
ACIER_LONG
100
AcDbCircle
 10
4959.0
 20
2852.7958429561204
 30
0.0
 40
5.0
  0
CIRCLE
  5
26C
330
17
100
AcDbEntity
  8
ACIER_LONG
100
AcDbCircle
 10
4959.0
 20
2866.501154734411
 30
0.0
 40
5.0
  0
CIRCLE
  5
26D
330
17
100
AcDbEntity
  8
ACIER_LONG
100
AcDbCircle
 10
4959.0
 20
2880.206466512702
 30
0.0
 40
5.0
  0
CIRCLE
  5
26E
330
17
100
AcDbEntity
  8
ACIER_LONG
100
AcDbCircle
 10
4959.0
 20
2893.9117782909934
 30
0.0
 40
5.0
  0
CIRCLE
  5
26F
330
17
100
AcDbEntity
  8
ACIER_LONG
100
AcDbCircle
 10
4959.0
 20
2907.617090069284
 30
0.0
 40
5.0
  0
CIRCLE
  5
270
330
17
100
AcDbEntity
  8
ACIER_LONG
100
AcDbCircle
 10
4959.0
 20
2921.322401847575
 30
0.0
 40
5.0
  0
CIRCLE
  5
271
330
17
100
AcDbEntity
  8
ACIER_LONG
100
AcDbCircle
 10
4959.0
 20
2935.0277136258665
 30
0.0
 40
5.0
  0
CIRCLE
  5
272
330
17
100
AcDbEntity
  8
ACIER_LONG
100
AcDbCircle
 10
4959.0
 20
2948.733025404157
 30
0.0
 40
5.0
  0
CIRCLE
  5
273
330
17
100
AcDbEntity
  8
ACIER_LONG
100
AcDbCircle
 10
4959.0
 20
2962.438337182448
 30
0.0
 40
5.0
  0
CIRCLE
  5
274
330
17
100
AcDbEntity
  8
ACIER_LONG
100
AcDbCircle
 10
4959.0
 20
2976.1436489607395
 30
0.0
 40
5.0
  0
CIRCLE
  5
275
330
17
100
AcDbEntity
  8
ACIER_LONG
100
AcDbCircle
 10
4959.0
 20
2989.84896073903
 30
0.0
 40
5.0
  0
CIRCLE
  5
276
330
17
100
AcDbEntity
  8
ACIER_LONG
100
AcDbCircle
 10
4959.0
 20
3003.554272517321
 30
0.0
 40
5.0
  0
CIRCLE
  5
277
330
17
100
AcDbEntity
  8
ACIER_LONG
100
AcDbCircle
 10
4959.0
 20
3017.2595842956116
 30
0.0
 40
5.0
  0
CIRCLE
  5
278
330
17
100
AcDbEntity
  8
ACIER_LONG
100
AcDbCircle
 10
4959.0
 20
3030.964896073903
 30
0.0
 40
5.0
  0
CIRCLE
  5
279
330
17
100
AcDbEntity
  8
ACIER_LONG
100
AcDbCircle
 10
4959.0
 20
3044.670207852194
 30
0.0
 40
5.0
  0
CIRCLE
  5
27A
330
17
100
AcDbEntity
  8
ACIER_LONG
100
AcDbCircle
 10
4959.0
 20
3058.3755196304846
 30
0.0
 40
5.0
  0
CIRCLE
  5
27B
330
17
100
AcDbEntity
  8
ACIER_LONG
100
AcDbCircle
 10
4959.0
 20
3072.0808314087762
 30
0.0
 40
5.0
  0
CIRCLE
  5
27C
330
17
100
AcDbEntity
  8
ACIER_LONG
100
AcDbCircle
 10
4959.0
 20
3085.786143187067
 30
0.0
 40
5.0
  0
CIRCLE
  5
27D
330
17
100
AcDbEntity
  8
ACIER_LONG
100
AcDbCircle
 10
4959.0
 20
3099.4914549653577
 30
0.0
 40
5.0
  0
CIRCLE
  5
27E
330
17
100
AcDbEntity
  8
ACIER_LONG
100
AcDbCircle
 10
4959.0
 20
3113.1967667436493
 30
0.0
 40
5.0
  0
CIRCLE
  5
27F
330
17
100
AcDbEntity
  8
ACIER_LONG
100
AcDbCircle
 10
4959.0
 20
3126.90207852194
 30
0.0
 40
5.0
  0
CIRCLE
  5
280
330
17
100
AcDbEntity
  8
ACIER_LONG
100
AcDbCircle
 10
4959.0
 20
3140.6073903002307
 30
0.0
 40
5.0
  0
CIRCLE
  5
281
330
17
100
AcDbEntity
  8
ACIER_LONG
100
AcDbCircle
 10
4959.0
 20
3154.3127020785223
 30
0.0
 40
5.0
  0
CIRCLE
  5
282
330
17
100
AcDbEntity
  8
ACIER_LONG
100
AcDbCircle
 10
4959.0
 20
3168.018013856813
 30
0.0
 40
5.0
  0
CIRCLE
  5
283
330
17
100
AcDbEntity
  8
ACIER_LONG
100
AcDbCircle
 10
4959.0
 20
3181.7233256351037
 30
0.0
 40
5.0
  0
CIRCLE
  5
284
330
17
100
AcDbEntity
  8
ACIER_LONG
100
AcDbCircle
 10
4959.0
 20
3195.4286374133953
 30
0.0
 40
5.0
  0
CIRCLE
  5
285
330
17
100
AcDbEntity
  8
ACIER_LONG
100
AcDbCircle
 10
4959.0
 20
3209.133949191686
 30
0.0
 40
5.0
  0
CIRCLE
  5
286
330
17
100
AcDbEntity
  8
ACIER_LONG
100
AcDbCircle
 10
4959.0
 20
3222.8392609699767
 30
0.0
 40
5.0
  0
CIRCLE
  5
287
330
17
100
AcDbEntity
  8
ACIER_LONG
100
AcDbCircle
 10
4959.0
 20
3236.5445727482675
 30
0.0
 40
5.0
  0
CIRCLE
  5
288
330
17
100
AcDbEntity
  8
ACIER_LONG
100
AcDbCircle
 10
4959.0
 20
3250.249884526559
 30
0.0
 40
5.0
  0
CIRCLE
  5
289
330
17
100
AcDbEntity
  8
ACIER_LONG
100
AcDbCircle
 10
4959.0
 20
3263.95519630485
 30
0.0
 40
5.0
  0
CIRCLE
  5
28A
330
17
100
AcDbEntity
  8
ACIER_LONG
100
AcDbCircle
 10
4959.0
 20
3277.6605080831405
 30
0.0
 40
5.0
  0
CIRCLE
  5
28B
330
17
100
AcDbEntity
  8
ACIER_LONG
100
AcDbCircle
 10
4959.0
 20
3291.365819861432
 30
0.0
 40
5.0
  0
CIRCLE
  5
28C
330
17
100
AcDbEntity
  8
ACIER_LONG
100
AcDbCircle
 10
4959.0
 20
3305.071131639723
 30
0.0
 40
5.0
  0
CIRCLE
  5
28D
330
17
100
AcDbEntity
  8
ACIER_LONG
100
AcDbCircle
 10
4959.0
 20
3318.7764434180135
 30
0.0
 40
5.0
  0
CIRCLE
  5
28E
330
17
100
AcDbEntity
  8
ACIER_LONG
100
AcDbCircle
 10
4959.0
 20
3332.481755196304
 30
0.0
 40
5.0
  0
CIRCLE
  5
28F
330
17
100
AcDbEntity
  8
ACIER_LONG
100
AcDbCircle
 10
4959.0
 20
3346.1870669745967
 30
0.0
 40
5.0
  0
CIRCLE
  5
290
330
17
100
AcDbEntity
  8
ACIER_LONG
100
AcDbCircle
 10
4959.0
 20
3359.8923787528875
 30
0.0
 40
5.0
  0
CIRCLE
  5
291
330
17
100
AcDbEntity
  8
ACIER_LONG
100
AcDbCircle
 10
4959.0
 20
3373.597690531178
 30
0.0
 40
5.0
  0
CIRCLE
  5
292
330
17
100
AcDbEntity
  8
ACIER_LONG
100
AcDbCircle
 10
4959.0
 20
3387.303002309469
 30
0.0
 40
5.0
  0
CIRCLE
  5
293
330
17
100
AcDbEntity
  8
ACIER_LONG
100
AcDbCircle
 10
4959.0
 20
3401.0083140877596
 30
0.0
 40
5.0
  0
CIRCLE
  5
294
330
17
100
AcDbEntity
  8
ACIER_LONG
100
AcDbCircle
 10
4959.0
 20
3414.7136258660503
 30
0.0
 40
5.0
  0
CIRCLE
  5
295
330
17
100
AcDbEntity
  8
ACIER_LONG
100
AcDbCircle
 10
4959.0
 20
3428.418937644341
 30
0.0
 40
5.0
  0
CIRCLE
  5
296
330
17
100
AcDbEntity
  8
ACIER_LONG
100
AcDbCircle
 10
4959.0
 20
3442.1242494226335
 30
0.0
 40
5.0
  0
CIRCLE
  5
297
330
17
100
AcDbEntity
  8
ACIER_LONG
100
AcDbCircle
 10
4959.0
 20
3455.829561200924
 30
0.0
 40
5.0
  0
CIRCLE
  5
298
330
17
100
AcDbEntity
  8
ACIER_LONG
100
AcDbCircle
 10
4959.0
 20
3469.534872979215
 30
0.0
 40
5.0
  0
CIRCLE
  5
299
330
17
100
AcDbEntity
  8
ACIER_LONG
100
AcDbCircle
 10
4959.0
 20
3483.2401847575056
 30
0.0
 40
5.0
  0
CIRCLE
  5
29A
330
17
100
AcDbEntity
  8
ACIER_LONG
100
AcDbCircle
 10
4959.0
 20
3496.9454965357963
 30
0.0
 40
5.0
  0
CIRCLE
  5
29B
330
17
100
AcDbEntity
  8
ACIER_LONG
100
AcDbCircle
 10
4959.0
 20
3510.650808314087
 30
0.0
 40
5.0
  0
CIRCLE
  5
29C
330
17
100
AcDbEntity
  8
ACIER_LONG
100
AcDbCircle
 10
4959.0
 20
3524.3561200923796
 30
0.0
 40
5.0
  0
CIRCLE
  5
29D
330
17
100
AcDbEntity
  8
ACIER_LONG
100
AcDbCircle
 10
4959.0
 20
3538.0614318706703
 30
0.0
 40
5.0
  0
CIRCLE
  5
29E
330
17
100
AcDbEntity
  8
ACIER_LONG
100
AcDbCircle
 10
4959.0
 20
3551.766743648961
 30
0.0
 40
5.0
  0
CIRCLE
  5
29F
330
17
100
AcDbEntity
  8
ACIER_LONG
100
AcDbCircle
 10
4959.0
 20
3565.4720554272517
 30
0.0
 40
5.0
  0
CIRCLE
  5
2A0
330
17
100
AcDbEntity
  8
ACIER_LONG
100
AcDbCircle
 10
4959.0
 20
3579.1773672055424
 30
0.0
 40
5.0
  0
CIRCLE
  5
2A1
330
17
100
AcDbEntity
  8
ACIER_LONG
100
AcDbCircle
 10
4959.0
 20
3592.882678983833
 30
0.0
 40
5.0
  0
CIRCLE
  5
2A2
330
17
100
AcDbEntity
  8
ACIER_LONG
100
AcDbCircle
 10
4959.0
 20
3606.587990762124
 30
0.0
 40
5.0
  0
CIRCLE
  5
2A3
330
17
100
AcDbEntity
  8
ACIER_LONG
100
AcDbCircle
 10
4959.0
 20
3620.2933025404163
 30
0.0
 40
5.0
  0
CIRCLE
  5
2A4
330
17
100
AcDbEntity
  8
ACIER_LONG
100
AcDbCircle
 10
4959.0
 20
3633.998614318707
 30
0.0
 40
5.0
  0
CIRCLE
  5
2A5
330
17
100
AcDbEntity
  8
ACIER_LONG
100
AcDbCircle
 10
4959.0
 20
3647.7039260969977
 30
0.0
 40
5.0
  0
CIRCLE
  5
2A6
330
17
100
AcDbEntity
  8
ACIER_LONG
100
AcDbCircle
 10
4959.0
 20
3661.4092378752885
 30
0.0
 40
5.0
  0
CIRCLE
  5
2A7
330
17
100
AcDbEntity
  8
ACIER_LONG
100
AcDbCircle
 10
4959.0
 20
3675.114549653579
 30
0.0
 40
5.0
  0
CIRCLE
  5
2A8
330
17
100
AcDbEntity
  8
ACIER_LONG
100
AcDbCircle
 10
4959.0
 20
3688.81986143187
 30
0.0
 40
5.0
  0
CIRCLE
  5
2A9
330
17
100
AcDbEntity
  8
ACIER_LONG
100
AcDbCircle
 10
4959.0
 20
3702.5251732101624
 30
0.0
 40
5.0
  0
CIRCLE
  5
2AA
330
17
100
AcDbEntity
  8
ACIER_LONG
100
AcDbCircle
 10
4959.0
 20
3716.230484988453
 30
0.0
 40
5.0
  0
CIRCLE
  5
2AB
330
17
100
AcDbEntity
  8
ACIER_LONG
100
AcDbCircle
 10
4959.0
 20
3729.935796766744
 30
0.0
 40
5.0
  0
CIRCLE
  5
2AC
330
17
100
AcDbEntity
  8
ACIER_LONG
100
AcDbCircle
 10
4959.0
 20
3743.6411085450345
 30
0.0
 40
5.0
  0
CIRCLE
  5
2AD
330
17
100
AcDbEntity
  8
ACIER_LONG
100
AcDbCircle
 10
4959.0
 20
3757.346420323325
 30
0.0
 40
5.0
  0
CIRCLE
  5
2AE
330
17
100
AcDbEntity
  8
ACIER_LONG
100
AcDbCircle
 10
4959.0
 20
3771.051732101616
 30
0.0
 40
5.0
  0
CIRCLE
  5
2AF
330
17
100
AcDbEntity
  8
ACIER_LONG
100
AcDbCircle
 10
4959.0
 20
3784.7570438799085
 30
0.0
 40
5.0
  0
CIRCLE
  5
2B0
330
17
100
AcDbEntity
  8
ACIER_LONG
100
AcDbCircle
 10
4959.0
 20
3798.462355658199
 30
0.0
 40
5.0
  0
CIRCLE
  5
2B1
330
17
100
AcDbEntity
  8
ACIER_LONG
100
AcDbCircle
 10
4959.0
 20
3812.16766743649
 30
0.0
 40
5.0
  0
CIRCLE
  5
2B2
330
17
100
AcDbEntity
  8
ACIER_LONG
100
AcDbCircle
 10
4959.0
 20
3825.8729792147806
 30
0.0
 40
5.0
  0
CIRCLE
  5
2B3
330
17
100
AcDbEntity
  8
ACIER_LONG
100
AcDbCircle
 10
4959.0
 20
3839.5782909930713
 30
0.0
 40
5.0
  0
CIRCLE
  5
2B4
330
17
100
AcDbEntity
  8
ACIER_LONG
100
AcDbCircle
 10
4959.0
 20
3853.283602771362
 30
0.0
 40
5.0
  0
CIRCLE
  5
2B5
330
17
100
AcDbEntity
  8
ACIER_LONG
100
AcDbCircle
 10
4959.0
 20
3866.9889145496527
 30
0.0
 40
5.0
  0
CIRCLE
  5
2B6
330
17
100
AcDbEntity
  8
ACIER_LONG
100
AcDbCircle
 10
4959.0
 20
3880.694226327945
 30
0.0
 40
5.0
  0
CIRCLE
  5
2B7
330
17
100
AcDbEntity
  8
ACIER_LONG
100
AcDbCircle
 10
4959.0
 20
3894.399538106236
 30
0.0
 40
5.0
  0
CIRCLE
  5
2B8
330
17
100
AcDbEntity
  8
ACIER_LONG
100
AcDbCircle
 10
4959.0
 20
3908.1048498845266
 30
0.0
 40
5.0
  0
CIRCLE
  5
2B9
330
17
100
AcDbEntity
  8
ACIER_LONG
100
AcDbCircle
 10
4959.0
 20
3921.8101616628173
 30
0.0
 40
5.0
  0
CIRCLE
  5
2BA
330
17
100
AcDbEntity
  8
ACIER_LONG
100
AcDbCircle
 10
4959.0
 20
3935.515473441108
 30
0.0
 40
5.0
  0
CIRCLE
  5
2BB
330
17
100
AcDbEntity
  8
ACIER_LONG
100
AcDbCircle
 10
4959.0
 20
3949.2207852193987
 30
0.0
 40
5.0
  0
CIRCLE
  5
2BC
330
17
100
AcDbEntity
  8
ACIER_LONG
100
AcDbCircle
 10
4959.0
 20
3962.9260969976913
 30
0.0
 40
5.0
  0
CIRCLE
  5
2BD
330
17
100
AcDbEntity
  8
ACIER_LONG
100
AcDbCircle
 10
4959.0
 20
3976.631408775982
 30
0.0
 40
5.0
  0
CIRCLE
  5
2BE
330
17
100
AcDbEntity
  8
ACIER_LONG
100
AcDbCircle
 10
4959.0
 20
3990.3367205542727
 30
0.0
 40
5.0
  0
CIRCLE
  5
2BF
330
17
100
AcDbEntity
  8
ACIER_LONG
100
AcDbCircle
 10
4959.0
 20
4004.0420323325634
 30
0.0
 40
5.0
  0
CIRCLE
  5
2C0
330
17
100
AcDbEntity
  8
ACIER_LONG
100
AcDbCircle
 10
4959.0
 20
4017.747344110854
 30
0.0
 40
5.0
  0
CIRCLE
  5
2C1
330
17
100
AcDbEntity
  8
ACIER_LONG
100
AcDbCircle
 10
4959.0
 20
4031.452655889145
 30
0.0
 40
5.0
  0
CIRCLE
  5
2C2
330
17
100
AcDbEntity
  8
ACIER_LONG
100
AcDbCircle
 10
4959.0
 20
4045.1579676674373
 30
0.0
 40
5.0
  0
CIRCLE
  5
2C3
330
17
100
AcDbEntity
  8
ACIER_LONG
100
AcDbCircle
 10
4959.0
 20
4058.863279445728
 30
0.0
 40
5.0
  0
CIRCLE
  5
2C4
330
17
100
AcDbEntity
  8
ACIER_LONG
100
AcDbCircle
 10
4959.0
 20
4072.5685912240187
 30
0.0
 40
5.0
  0
CIRCLE
  5
2C5
330
17
100
AcDbEntity
  8
ACIER_LONG
100
AcDbCircle
 10
4959.0
 20
4086.2739030023095
 30
0.0
 40
5.0
  0
CIRCLE
  5
2C6
330
17
100
AcDbEntity
  8
ACIER_LONG
100
AcDbCircle
 10
4959.0
 20
4099.9792147806
 30
0.0
 40
5.0
  0
CIRCLE
  5
2C7
330
17
100
AcDbEntity
  8
ACIER_LONG
100
AcDbCircle
 10
4959.0
 20
4113.684526558891
 30
0.0
 40
5.0
  0
CIRCLE
  5
2C8
330
17
100
AcDbEntity
  8
ACIER_LONG
100
AcDbCircle
 10
4959.0
 20
4127.389838337182
 30
0.0
 40
5.0
  0
CIRCLE
  5
2C9
330
17
100
AcDbEntity
  8
ACIER_LONG
100
AcDbCircle
 10
4959.0
 20
4141.095150115474
 30
0.0
 40
5.0
  0
CIRCLE
  5
2CA
330
17
100
AcDbEntity
  8
ACIER_LONG
100
AcDbCircle
 10
4959.0
 20
4154.800461893765
 30
0.0
 40
5.0
  0
CIRCLE
  5
2CB
330
17
100
AcDbEntity
  8
ACIER_LONG
100
AcDbCircle
 10
4959.0
 20
4168.5057736720555
 30
0.0
 40
5.0
  0
CIRCLE
  5
2CC
330
17
100
AcDbEntity
  8
ACIER_LONG
100
AcDbCircle
 10
4959.0
 20
4182.211085450346
 30
0.0
 40
5.0
  0
CIRCLE
  5
2CD
330
17
100
AcDbEntity
  8
ACIER_LONG
100
AcDbCircle
 10
4959.0
 20
4195.916397228637
 30
0.0
 40
5.0
  0
CIRCLE
  5
2CE
330
17
100
AcDbEntity
  8
ACIER_LONG
100
AcDbCircle
 10
4959.0
 20
4209.621709006928
 30
0.0
 40
5.0
  0
CIRCLE
  5
2CF
330
17
100
AcDbEntity
  8
ACIER_LONG
100
AcDbCircle
 10
4959.0
 20
4223.32702078522
 30
0.0
 40
5.0
  0
CIRCLE
  5
2D0
330
17
100
AcDbEntity
  8
ACIER_LONG
100
AcDbCircle
 10
4959.0
 20
4237.032332563511
 30
0.0
 40
5.0
  0
CIRCLE
  5
2D1
330
17
100
AcDbEntity
  8
ACIER_LONG
100
AcDbCircle
 10
4959.0
 20
4250.737644341802
 30
0.0
 40
5.0
  0
CIRCLE
  5
2D2
330
17
100
AcDbEntity
  8
ACIER_LONG
100
AcDbCircle
 10
4959.0
 20
4264.442956120092
 30
0.0
 40
5.0
  0
CIRCLE
  5
2D3
330
17
100
AcDbEntity
  8
ACIER_LONG
100
AcDbCircle
 10
4959.0
 20
4278.148267898383
 30
0.0
 40
5.0
  0
CIRCLE
  5
2D4
330
17
100
AcDbEntity
  8
ACIER_LONG
100
AcDbCircle
 10
4959.0
 20
4291.853579676674
 30
0.0
 40
5.0
  0
CIRCLE
  5
2D5
330
17
100
AcDbEntity
  8
ACIER_LONG
100
AcDbCircle
 10
4959.0
 20
4305.558891454966
 30
0.0
 40
5.0
  0
CIRCLE
  5
2D6
330
17
100
AcDbEntity
  8
ACIER_LONG
100
AcDbCircle
 10
4959.0
 20
4319.264203233257
 30
0.0
 40
5.0
  0
CIRCLE
  5
2D7
330
17
100
AcDbEntity
  8
ACIER_LONG
100
AcDbCircle
 10
4959.0
 20
4332.969515011548
 30
0.0
 40
5.0
  0
CIRCLE
  5
2D8
330
17
100
AcDbEntity
  8
ACIER_LONG
100
AcDbCircle
 10
4959.0
 20
4346.674826789838
 30
0.0
 40
5.0
  0
CIRCLE
  5
2D9
330
17
100
AcDbEntity
  8
ACIER_LONG
100
AcDbCircle
 10
4959.0
 20
4360.380138568129
 30
0.0
 40
5.0
  0
CIRCLE
  5
2DA
330
17
100
AcDbEntity
  8
ACIER_LONG
100
AcDbCircle
 10
4959.0
 20
4374.08545034642
 30
0.0
 40
5.0
  0
CIRCLE
  5
2DB
330
17
100
AcDbEntity
  8
ACIER_LONG
100
AcDbCircle
 10
4959.0
 20
4387.79076212471
 30
0.0
 40
5.0
  0
CIRCLE
  5
2DC
330
17
100
AcDbEntity
  8
ACIER_LONG
100
AcDbCircle
 10
4959.0
 20
4401.496073903003
 30
0.0
 40
5.0
  0
CIRCLE
  5
2DD
330
17
100
AcDbEntity
  8
ACIER_LONG
100
AcDbCircle
 10
4959.0
 20
4415.201385681294
 30
0.0
 40
5.0
  0
CIRCLE
  5
2DE
330
17
100
AcDbEntity
  8
ACIER_LONG
100
AcDbCircle
 10
4959.0
 20
4428.906697459584
 30
0.0
 40
5.0
  0
CIRCLE
  5
2DF
330
17
100
AcDbEntity
  8
ACIER_LONG
100
AcDbCircle
 10
4959.0
 20
4442.612009237875
 30
0.0
 40
5.0
  0
CIRCLE
  5
2E0
330
17
100
AcDbEntity
  8
ACIER_LONG
100
AcDbCircle
 10
4959.0
 20
4456.317321016166
 30
0.0
 40
5.0
  0
CIRCLE
  5
2E1
330
17
100
AcDbEntity
  8
ACIER_LONG
100
AcDbCircle
 10
4959.0
 20
4470.0226327944565
 30
0.0
 40
5.0
  0
CIRCLE
  5
2E2
330
17
100
AcDbEntity
  8
ACIER_LONG
100
AcDbCircle
 10
4959.0
 20
4483.727944572749
 30
0.0
 40
5.0
  0
CIRCLE
  5
2E3
330
17
100
AcDbEntity
  8
ACIER_LONG
100
AcDbCircle
 10
4959.0
 20
4497.43325635104
 30
0.0
 40
5.0
  0
CIRCLE
  5
2E4
330
17
100
AcDbEntity
  8
ACIER_LONG
100
AcDbCircle
 10
4959.0
 20
4511.13856812933
 30
0.0
 40
5.0
  0
CIRCLE
  5
2E5
330
17
100
AcDbEntity
  8
ACIER_LONG
100
AcDbCircle
 10
4959.0
 20
4524.843879907621
 30
0.0
 40
5.0
  0
CIRCLE
  5
2E6
330
17
100
AcDbEntity
  8
ACIER_LONG
100
AcDbCircle
 10
4959.0
 20
4538.549191685912
 30
0.0
 40
5.0
  0
CIRCLE
  5
2E7
330
17
100
AcDbEntity
  8
ACIER_LONG
100
AcDbCircle
 10
4959.0
 20
4552.254503464203
 30
0.0
 40
5.0
  0
CIRCLE
  5
2E8
330
17
100
AcDbEntity
  8
ACIER_LONG
100
AcDbCircle
 10
4959.0
 20
4565.959815242495
 30
0.0
 40
5.0
  0
CIRCLE
  5
2E9
330
17
100
AcDbEntity
  8
ACIER_LONG
100
AcDbCircle
 10
4959.0
 20
4579.665127020786
 30
0.0
 40
5.0
  0
CIRCLE
  5
2EA
330
17
100
AcDbEntity
  8
ACIER_LONG
100
AcDbCircle
 10
4959.0
 20
4593.3704387990765
 30
0.0
 40
5.0
  0
CIRCLE
  5
2EB
330
17
100
AcDbEntity
  8
ACIER_LONG
100
AcDbCircle
 10
4959.0
 20
4607.075750577367
 30
0.0
 40
5.0
  0
CIRCLE
  5
2EC
330
17
100
AcDbEntity
  8
ACIER_LONG
100
AcDbCircle
 10
4959.0
 20
4620.781062355658
 30
0.0
 40
5.0
  0
CIRCLE
  5
2ED
330
17
100
AcDbEntity
  8
ACIER_LONG
100
AcDbCircle
 10
4959.0
 20
4634.486374133949
 30
0.0
 40
5.0
  0
CIRCLE
  5
2EE
330
17
100
AcDbEntity
  8
ACIER_LONG
100
AcDbCircle
 10
4959.0
 20
4648.191685912239
 30
0.0
 40
5.0
  0
CIRCLE
  5
2EF
330
17
100
AcDbEntity
  8
ACIER_LONG
100
AcDbCircle
 10
4959.0
 20
4661.896997690532
 30
0.0
 40
5.0
  0
CIRCLE
  5
2F0
330
17
100
AcDbEntity
  8
ACIER_LONG
100
AcDbCircle
 10
4959.0
 20
4675.602309468823
 30
0.0
 40
5.0
  0
CIRCLE
  5
2F1
330
17
100
AcDbEntity
  8
ACIER_LONG
100
AcDbCircle
 10
4959.0
 20
4689.307621247113
 30
0.0
 40
5.0
  0
CIRCLE
  5
2F2
330
17
100
AcDbEntity
  8
ACIER_LONG
100
AcDbCircle
 10
4959.0
 20
4703.012933025404
 30
0.0
 40
5.0
  0
CIRCLE
  5
2F3
330
17
100
AcDbEntity
  8
ACIER_LONG
100
AcDbCircle
 10
4959.0
 20
4716.718244803695
 30
0.0
 40
5.0
  0
CIRCLE
  5
2F4
330
17
100
AcDbEntity
  8
ACIER_LONG
100
AcDbCircle
 10
4959.0
 20
4730.423556581985
 30
0.0
 40
5.0
  0
CIRCLE
  5
2F5
330
17
100
AcDbEntity
  8
ACIER_LONG
100
AcDbCircle
 10
4959.0
 20
4744.128868360278
 30
0.0
 40
5.0
  0
CIRCLE
  5
2F6
330
17
100
AcDbEntity
  8
ACIER_LONG
100
AcDbCircle
 10
4959.0
 20
4757.834180138569
 30
0.0
 40
5.0
  0
CIRCLE
  5
2F7
330
17
100
AcDbEntity
  8
ACIER_LONG
100
AcDbCircle
 10
4959.0
 20
4771.539491916859
 30
0.0
 40
5.0
  0
CIRCLE
  5
2F8
330
17
100
AcDbEntity
  8
ACIER_LONG
100
AcDbCircle
 10
4959.0
 20
4785.24480369515
 30
0.0
 40
5.0
  0
CIRCLE
  5
2F9
330
17
100
AcDbEntity
  8
ACIER_LONG
100
AcDbCircle
 10
4959.0
 20
4798.950115473441
 30
0.0
 40
5.0
  0
CIRCLE
  5
2FA
330
17
100
AcDbEntity
  8
ACIER_LONG
100
AcDbCircle
 10
4959.0
 20
4812.655427251731
 30
0.0
 40
5.0
  0
CIRCLE
  5
2FB
330
17
100
AcDbEntity
  8
ACIER_LONG
100
AcDbCircle
 10
4959.0
 20
4826.360739030024
 30
0.0
 40
5.0
  0
CIRCLE
  5
2FC
330
17
100
AcDbEntity
  8
ACIER_LONG
100
AcDbCircle
 10
4959.0
 20
4840.066050808315
 30
0.0
 40
5.0
  0
CIRCLE
  5
2FD
330
17
100
AcDbEntity
  8
ACIER_LONG
100
AcDbCircle
 10
4959.0
 20
4853.771362586605
 30
0.0
 40
5.0
  0
CIRCLE
  5
2FE
330
17
100
AcDbEntity
  8
ACIER_LONG
100
AcDbCircle
 10
4959.0
 20
4867.476674364896
 30
0.0
 40
5.0
  0
CIRCLE
  5
2FF
330
17
100
AcDbEntity
  8
ACIER_LONG
100
AcDbCircle
 10
4959.0
 20
4881.181986143187
 30
0.0
 40
5.0
  0
CIRCLE
  5
300
330
17
100
AcDbEntity
  8
ACIER_LONG
100
AcDbCircle
 10
4959.0
 20
4894.8872979214775
 30
0.0
 40
5.0
  0
CIRCLE
  5
301
330
17
100
AcDbEntity
  8
ACIER_LONG
100
AcDbCircle
 10
4959.0
 20
4908.592609699768
 30
0.0
 40
5.0
  0
CIRCLE
  5
302
330
17
100
AcDbEntity
  8
ACIER_LONG
100
AcDbCircle
 10
4959.0
 20
4922.297921478061
 30
0.0
 40
5.0
  0
CIRCLE
  5
303
330
17
100
AcDbEntity
  8
ACIER_LONG
100
AcDbCircle
 10
4959.0
 20
4936.003233256351
 30
0.0
 40
5.0
  0
CIRCLE
  5
304
330
17
100
AcDbEntity
  8
ACIER_LONG
100
AcDbCircle
 10
4959.0
 20
4949.708545034642
 30
0.0
 40
5.0
  0
CIRCLE
  5
305
330
17
100
AcDbEntity
  8
ACIER_LONG
100
AcDbCircle
 10
4959.0
 20
4963.413856812933
 30
0.0
 40
5.0
  0
CIRCLE
  5
306
330
17
100
AcDbEntity
  8
ACIER_LONG
100
AcDbCircle
 10
4959.0
 20
4977.119168591224
 30
0.0
 40
5.0
  0
CIRCLE
  5
307
330
17
100
AcDbEntity
  8
ACIER_LONG
100
AcDbCircle
 10
4959.0
 20
4990.824480369514
 30
0.0
 40
5.0
  0
CIRCLE
  5
308
330
17
100
AcDbEntity
  8
ACIER_LONG
100
AcDbCircle
 10
4959.0
 20
5004.529792147807
 30
0.0
 40
5.0
  0
CIRCLE
  5
309
330
17
100
AcDbEntity
  8
ACIER_LONG
100
AcDbCircle
 10
4959.0
 20
5018.2351039260975
 30
0.0
 40
5.0
  0
CIRCLE
  5
30A
330
17
100
AcDbEntity
  8
ACIER_LONG
100
AcDbCircle
 10
4959.0
 20
5031.940415704388
 30
0.0
 40
5.0
  0
CIRCLE
  5
30B
330
17
100
AcDbEntity
  8
ACIER_LONG
100
AcDbCircle
 10
4959.0
 20
5045.645727482679
 30
0.0
 40
5.0
  0
CIRCLE
  5
30C
330
17
100
AcDbEntity
  8
ACIER_LONG
100
AcDbCircle
 10
4959.0
 20
5059.35103926097
 30
0.0
 40
5.0
  0
CIRCLE
  5
30D
330
17
100
AcDbEntity
  8
ACIER_LONG
100
AcDbCircle
 10
4959.0
 20
5073.05635103926
 30
0.0
 40
5.0
  0
CIRCLE
  5
30E
330
17
100
AcDbEntity
  8
ACIER_LONG
100
AcDbCircle
 10
4959.0
 20
5086.761662817553
 30
0.0
 40
5.0
  0
CIRCLE
  5
30F
330
17
100
AcDbEntity
  8
ACIER_LONG
100
AcDbCircle
 10
4959.0
 20
5100.466974595844
 30
0.0
 40
5.0
  0
CIRCLE
  5
310
330
17
100
AcDbEntity
  8
ACIER_LONG
100
AcDbCircle
 10
4959.0
 20
5114.172286374134
 30
0.0
 40
5.0
  0
CIRCLE
  5
311
330
17
100
AcDbEntity
  8
ACIER_LONG
100
AcDbCircle
 10
4959.0
 20
5127.877598152425
 30
0.0
 40
5.0
  0
CIRCLE
  5
312
330
17
100
AcDbEntity
  8
ACIER_LONG
100
AcDbCircle
 10
4959.0
 20
5141.582909930716
 30
0.0
 40
5.0
  0
CIRCLE
  5
313
330
17
100
AcDbEntity
  8
ACIER_LONG
100
AcDbCircle
 10
4959.0
 20
5155.288221709006
 30
0.0
 40
5.0
  0
CIRCLE
  5
314
330
17
100
AcDbEntity
  8
ACIER_LONG
100
AcDbCircle
 10
4959.0
 20
5168.993533487297
 30
0.0
 40
5.0
  0
CIRCLE
  5
315
330
17
100
AcDbEntity
  8
ACIER_LONG
100
AcDbCircle
 10
4959.0
 20
5182.69884526559
 30
0.0
 40
5.0
  0
CIRCLE
  5
316
330
17
100
AcDbEntity
  8
ACIER_LONG
100
AcDbCircle
 10
4959.0
 20
5196.40415704388
 30
0.0
 40
5.0
  0
CIRCLE
  5
317
330
17
100
AcDbEntity
  8
ACIER_LONG
100
AcDbCircle
 10
4959.0
 20
5210.109468822171
 30
0.0
 40
5.0
  0
CIRCLE
  5
318
330
17
100
AcDbEntity
  8
ACIER_LONG
100
AcDbCircle
 10
4959.0
 20
5223.814780600462
 30
0.0
 40
5.0
  0
CIRCLE
  5
319
330
17
100
AcDbEntity
  8
ACIER_LONG
100
AcDbCircle
 10
4959.0
 20
5237.520092378752
 30
0.0
 40
5.0
  0
CIRCLE
  5
31A
330
17
100
AcDbEntity
  8
ACIER_LONG
100
AcDbCircle
 10
4959.0
 20
5251.225404157043
 30
0.0
 40
5.0
  0
CIRCLE
  5
31B
330
17
100
AcDbEntity
  8
ACIER_LONG
100
AcDbCircle
 10
4959.0
 20
5264.930715935336
 30
0.0
 40
5.0
  0
CIRCLE
  5
31C
330
17
100
AcDbEntity
  8
ACIER_LONG
100
AcDbCircle
 10
4959.0
 20
5278.636027713626
 30
0.0
 40
5.0
  0
CIRCLE
  5
31D
330
17
100
AcDbEntity
  8
ACIER_LONG
100
AcDbCircle
 10
4959.0
 20
5292.341339491917
 30
0.0
 40
5.0
  0
CIRCLE
  5
31E
330
17
100
AcDbEntity
  8
ACIER_LONG
100
AcDbCircle
 10
4959.0
 20
5306.046651270208
 30
0.0
 40
5.0
  0
CIRCLE
  5
31F
330
17
100
AcDbEntity
  8
ACIER_LONG
100
AcDbCircle
 10
4959.0
 20
5319.7519630484985
 30
0.0
 40
5.0
  0
CIRCLE
  5
320
330
17
100
AcDbEntity
  8
ACIER_LONG
100
AcDbCircle
 10
4959.0
 20
5333.457274826789
 30
0.0
 40
5.0
  0
CIRCLE
  5
321
330
17
100
AcDbEntity
  8
ACIER_LONG
100
AcDbCircle
 10
4959.0
 20
5347.16258660508
 30
0.0
 40
5.0
  0
CIRCLE
  5
322
330
17
100
AcDbEntity
  8
ACIER_LONG
100
AcDbCircle
 10
4959.0
 20
5360.867898383372
 30
0.0
 40
5.0
  0
CIRCLE
  5
323
330
17
100
AcDbEntity
  8
ACIER_LONG
100
AcDbCircle
 10
4959.0
 20
5374.573210161663
 30
0.0
 40
5.0
  0
CIRCLE
  5
324
330
17
100
AcDbEntity
  8
ACIER_LONG
100
AcDbCircle
 10
4959.0
 20
5388.278521939954
 30
0.0
 40
5.0
  0
CIRCLE
  5
325
330
17
100
AcDbEntity
  8
ACIER_LONG
100
AcDbCircle
 10
4959.0
 20
5401.983833718245
 30
0.0
 40
5.0
  0
CIRCLE
  5
326
330
17
100
AcDbEntity
  8
ACIER_LONG
100
AcDbCircle
 10
4959.0
 20
5415.689145496535
 30
0.0
 40
5.0
  0
CIRCLE
  5
327
330
17
100
AcDbEntity
  8
ACIER_LONG
100
AcDbCircle
 10
4959.0
 20
5429.394457274826
 30
0.0
 40
5.0
  0
CIRCLE
  5
328
330
17
100
AcDbEntity
  8
ACIER_LONG
100
AcDbCircle
 10
4959.0
 20
5443.0997690531185
 30
0.0
 40
5.0
  0
CIRCLE
  5
329
330
17
100
AcDbEntity
  8
ACIER_LONG
100
AcDbCircle
 10
4959.0
 20
5456.805080831409
 30
0.0
 40
5.0
  0
CIRCLE
  5
32A
330
17
100
AcDbEntity
  8
ACIER_LONG
100
AcDbCircle
 10
4959.0
 20
5470.5103926097
 30
0.0
 40
5.0
  0
CIRCLE
  5
32B
330
17
100
AcDbEntity
  8
ACIER_LONG
100
AcDbCircle
 10
4959.0
 20
5484.215704387991
 30
0.0
 40
5.0
  0
CIRCLE
  5
32C
330
17
100
AcDbEntity
  8
ACIER_LONG
100
AcDbCircle
 10
4959.0
 20
5497.921016166281
 30
0.0
 40
5.0
  0
CIRCLE
  5
32D
330
17
100
AcDbEntity
  8
ACIER_LONG
100
AcDbCircle
 10
4959.0
 20
5511.626327944572
 30
0.0
 40
5.0
  0
CIRCLE
  5
32E
330
17
100
AcDbEntity
  8
ACIER_LONG
100
AcDbCircle
 10
4959.0
 20
5525.331639722865
 30
0.0
 40
5.0
  0
CIRCLE
  5
32F
330
17
100
AcDbEntity
  8
ACIER_LONG
100
AcDbCircle
 10
4959.0
 20
5539.036951501155
 30
0.0
 40
5.0
  0
CIRCLE
  5
330
330
17
100
AcDbEntity
  8
ACIER_LONG
100
AcDbCircle
 10
4959.0
 20
5552.742263279446
 30
0.0
 40
5.0
  0
CIRCLE
  5
331
330
17
100
AcDbEntity
  8
ACIER_LONG
100
AcDbCircle
 10
4959.0
 20
5566.447575057737
 30
0.0
 40
5.0
  0
CIRCLE
  5
332
330
17
100
AcDbEntity
  8
ACIER_LONG
100
AcDbCircle
 10
4959.0
 20
5580.152886836027
 30
0.0
 40
5.0
  0
CIRCLE
  5
333
330
17
100
AcDbEntity
  8
ACIER_LONG
100
AcDbCircle
 10
4959.0
 20
5593.858198614318
 30
0.0
 40
5.0
  0
CIRCLE
  5
334
330
17
100
AcDbEntity
  8
ACIER_LONG
100
AcDbCircle
 10
4959.0
 20
5607.563510392609
 30
0.0
 40
5.0
  0
CIRCLE
  5
335
330
17
100
AcDbEntity
  8
ACIER_LONG
100
AcDbCircle
 10
4959.0
 20
5621.268822170901
 30
0.0
 40
5.0
  0
CIRCLE
  5
336
330
17
100
AcDbEntity
  8
ACIER_LONG
100
AcDbCircle
 10
4959.0
 20
5634.974133949192
 30
0.0
 40
5.0
  0
CIRCLE
  5
337
330
17
100
AcDbEntity
  8
ACIER_LONG
100
AcDbCircle
 10
4959.0
 20
5648.679445727483
 30
0.0
 40
5.0
  0
CIRCLE
  5
338
330
17
100
AcDbEntity
  8
ACIER_LONG
100
AcDbCircle
 10
4959.0
 20
5662.384757505773
 30
0.0
 40
5.0
  0
CIRCLE
  5
339
330
17
100
AcDbEntity
  8
ACIER_LONG
100
AcDbCircle
 10
4959.0
 20
5676.090069284064
 30
0.0
 40
5.0
  0
CIRCLE
  5
33A
330
17
100
AcDbEntity
  8
ACIER_LONG
100
AcDbCircle
 10
4959.0
 20
5689.795381062355
 30
0.0
 40
5.0
  0
CIRCLE
  5
33B
330
17
100
AcDbEntity
  8
ACIER_LONG
100
AcDbCircle
 10
4959.0
 20
5703.500692840647
 30
0.0
 40
5.0
  0
CIRCLE
  5
33C
330
17
100
AcDbEntity
  8
ACIER_LONG
100
AcDbCircle
 10
4959.0
 20
5717.206004618938
 30
0.0
 40
5.0
  0
CIRCLE
  5
33D
330
17
100
AcDbEntity
  8
ACIER_LONG
100
AcDbCircle
 10
4959.0
 20
5730.911316397229
 30
0.0
 40
5.0
  0
CIRCLE
  5
33E
330
17
100
AcDbEntity
  8
ACIER_LONG
100
AcDbCircle
 10
4959.0
 20
5744.6166281755195
 30
0.0
 40
5.0
  0
CIRCLE
  5
33F
330
17
100
AcDbEntity
  8
ACIER_LONG
100
AcDbCircle
 10
4959.0
 20
5758.32193995381
 30
0.0
 40
5.0
  0
CIRCLE
  5
340
330
17
100
AcDbEntity
  8
ACIER_LONG
100
AcDbCircle
 10
4959.0
 20
5772.027251732101
 30
0.0
 40
5.0
  0
CIRCLE
  5
341
330
17
100
AcDbEntity
  8
ACIER_LONG
100
AcDbCircle
 10
4959.0
 20
5785.732563510393
 30
0.0
 40
5.0
  0
CIRCLE
  5
342
330
17
100
AcDbEntity
  8
ACIER_LONG
100
AcDbCircle
 10
4959.0
 20
5799.437875288684
 30
0.0
 40
5.0
  0
CIRCLE
  5
343
330
17
100
AcDbEntity
  8
ACIER_LONG
100
AcDbCircle
 10
4959.0
 20
5813.143187066975
 30
0.0
 40
5.0
  0
CIRCLE
  5
344
330
17
100
AcDbEntity
  8
ACIER_LONG
100
AcDbCircle
 10
4959.0
 20
5826.848498845266
 30
0.0
 40
5.0
  0
CIRCLE
  5
345
330
17
100
AcDbEntity
  8
ACIER_LONG
100
AcDbCircle
 10
4959.0
 20
5840.553810623556
 30
0.0
 40
5.0
  0
CIRCLE
  5
346
330
17
100
AcDbEntity
  8
ACIER_LONG
100
AcDbCircle
 10
4959.0
 20
5854.259122401847
 30
0.0
 40
5.0
  0
CIRCLE
  5
347
330
17
100
AcDbEntity
  8
ACIER_LONG
100
AcDbCircle
 10
4959.0
 20
5867.964434180138
 30
0.0
 40
5.0
  0
CIRCLE
  5
348
330
17
100
AcDbEntity
  8
ACIER_LONG
100
AcDbCircle
 10
4959.0
 20
5881.66974595843
 30
0.0
 40
5.0
  0
CIRCLE
  5
349
330
17
100
AcDbEntity
  8
ACIER_LONG
100
AcDbCircle
 10
4959.0
 20
5895.375057736721
 30
0.0
 40
5.0
  0
CIRCLE
  5
34A
330
17
100
AcDbEntity
  8
ACIER_LONG
100
AcDbCircle
 10
4959.0
 20
5909.080369515012
 30
0.0
 40
5.0
  0
CIRCLE
  5
34B
330
17
100
AcDbEntity
  8
ACIER_LONG
100
AcDbCircle
 10
4959.0
 20
5922.785681293302
 30
0.0
 40
5.0
  0
CIRCLE
  5
34C
330
17
100
AcDbEntity
  8
ACIER_LONG
100
AcDbCircle
 10
4959.0
 20
5936.490993071593
 30
0.0
 40
5.0
  0
CIRCLE
  5
34D
330
17
100
AcDbEntity
  8
ACIER_LONG
100
AcDbCircle
 10
4959.0
 20
5950.196304849884
 30
0.0
 40
5.0
  0
CIRCLE
  5
34E
330
17
100
AcDbEntity
  8
ACIER_LONG
100
AcDbCircle
 10
4959.0
 20
5963.901616628176
 30
0.0
 40
5.0
  0
CIRCLE
  5
34F
330
17
100
AcDbEntity
  8
ACIER_LONG
100
AcDbCircle
 10
4959.0
 20
5977.606928406467
 30
0.0
 40
5.0
  0
CIRCLE
  5
350
330
17
100
AcDbEntity
  8
ACIER_LONG
100
AcDbCircle
 10
4959.0
 20
5991.312240184758
 30
0.0
 40
5.0
  0
CIRCLE
  5
351
330
17
100
AcDbEntity
  8
ACIER_LONG
100
AcDbCircle
 10
4959.0
 20
6005.017551963048
 30
0.0
 40
5.0
  0
CIRCLE
  5
352
330
17
100
AcDbEntity
  8
ACIER_LONG
100
AcDbCircle
 10
4959.0
 20
6018.722863741339
 30
0.0
 40
5.0
  0
CIRCLE
  5
353
330
17
100
AcDbEntity
  8
ACIER_LONG
100
AcDbCircle
 10
4959.0
 20
6032.42817551963
 30
0.0
 40
5.0
  0
CIRCLE
  5
354
330
17
100
AcDbEntity
  8
ACIER_LONG
100
AcDbCircle
 10
4959.0
 20
6046.133487297922
 30
0.0
 40
5.0
  0
CIRCLE
  5
355
330
17
100
AcDbEntity
  8
ACIER_LONG
100
AcDbCircle
 10
4959.0
 20
6059.838799076213
 30
0.0
 40
5.0
  0
CIRCLE
  5
356
330
17
100
AcDbEntity
  8
ACIER_LONG
100
AcDbCircle
 10
4959.0
 20
6073.544110854504
 30
0.0
 40
5.0
  0
CIRCLE
  5
357
330
17
100
AcDbEntity
  8
ACIER_LONG
100
AcDbCircle
 10
4959.0
 20
6087.249422632794
 30
0.0
 40
5.0
  0
CIRCLE
  5
358
330
17
100
AcDbEntity
  8
ACIER_LONG
100
AcDbCircle
 10
4959.0
 20
6100.954734411085
 30
0.0
 40
5.0
  0
CIRCLE
  5
359
330
17
100
AcDbEntity
  8
ACIER_LONG
100
AcDbCircle
 10
4959.0
 20
6114.660046189376
 30
0.0
 40
5.0
  0
CIRCLE
  5
35A
330
17
100
AcDbEntity
  8
ACIER_LONG
100
AcDbCircle
 10
4959.0
 20
6128.365357967667
 30
0.0
 40
5.0
  0
CIRCLE
  5
35B
330
17
100
AcDbEntity
  8
ACIER_LONG
100
AcDbCircle
 10
4959.0
 20
6142.070669745959
 30
0.0
 40
5.0
  0
CIRCLE
  5
35C
330
17
100
AcDbEntity
  8
ACIER_LONG
100
AcDbCircle
 10
4959.0
 20
6155.77598152425
 30
0.0
 40
5.0
  0
CIRCLE
  5
35D
330
17
100
AcDbEntity
  8
ACIER_LONG
100
AcDbCircle
 10
4959.0
 20
6169.4812933025405
 30
0.0
 40
5.0
  0
CIRCLE
  5
35E
330
17
100
AcDbEntity
  8
ACIER_LONG
100
AcDbCircle
 10
4959.0
 20
6183.186605080831
 30
0.0
 40
5.0
  0
CIRCLE
  5
35F
330
17
100
AcDbEntity
  8
ACIER_LONG
100
AcDbCircle
 10
4959.0
 20
6196.891916859122
 30
0.0
 40
5.0
  0
CIRCLE
  5
360
330
17
100
AcDbEntity
  8
ACIER_LONG
100
AcDbCircle
 10
4959.0
 20
6210.597228637413
 30
0.0
 40
5.0
  0
CIRCLE
  5
361
330
17
100
AcDbEntity
  8
ACIER_LONG
100
AcDbCircle
 10
4959.0
 20
6224.302540415705
 30
0.0
 40
5.0
  0
CIRCLE
  5
362
330
17
100
AcDbEntity
  8
ACIER_LONG
100
AcDbCircle
 10
4959.0
 20
6238.007852193996
 30
0.0
 40
5.0
  0
CIRCLE
  5
363
330
17
100
AcDbEntity
  8
ACIER_LONG
100
AcDbCircle
 10
4959.0
 20
6251.713163972287
 30
0.0
 40
5.0
  0
CIRCLE
  5
364
330
17
100
AcDbEntity
  8
ACIER_LONG
100
AcDbCircle
 10
4959.0
 20
6265.418475750577
 30
0.0
 40
5.0
  0
CIRCLE
  5
365
330
17
100
AcDbEntity
  8
ACIER_LONG
100
AcDbCircle
 10
4959.0
 20
6279.123787528868
 30
0.0
 40
5.0
  0
CIRCLE
  5
366
330
17
100
AcDbEntity
  8
ACIER_LONG
100
AcDbCircle
 10
4959.0
 20
6292.829099307159
 30
0.0
 40
5.0
  0
CIRCLE
  5
367
330
17
100
AcDbEntity
  8
ACIER_LONG
100
AcDbCircle
 10
4959.0
 20
6306.534411085451
 30
0.0
 40
5.0
  0
CIRCLE
  5
368
330
17
100
AcDbEntity
  8
ACIER_LONG
100
AcDbCircle
 10
4959.0
 20
6320.239722863742
 30
0.0
 40
5.0
  0
CIRCLE
  5
369
330
17
100
AcDbEntity
  8
ACIER_LONG
100
AcDbCircle
 10
4959.0
 20
6333.945034642033
 30
0.0
 40
5.0
  0
CIRCLE
  5
36A
330
17
100
AcDbEntity
  8
ACIER_LONG
100
AcDbCircle
 10
4959.0
 20
6347.650346420323
 30
0.0
 40
5.0
  0
CIRCLE
  5
36B
330
17
100
AcDbEntity
  8
ACIER_LONG
100
AcDbCircle
 10
4959.0
 20
6361.355658198614
 30
0.0
 40
5.0
  0
CIRCLE
  5
36C
330
17
100
AcDbEntity
  8
ACIER_LONG
100
AcDbCircle
 10
4959.0
 20
6375.060969976905
 30
0.0
 40
5.0
  0
CIRCLE
  5
36D
330
17
100
AcDbEntity
  8
ACIER_LONG
100
AcDbCircle
 10
4959.0
 20
6388.766281755195
 30
0.0
 40
5.0
  0
CIRCLE
  5
36E
330
17
100
AcDbEntity
  8
ACIER_LONG
100
AcDbCircle
 10
4959.0
 20
6402.471593533488
 30
0.0
 40
5.0
  0
CIRCLE
  5
36F
330
17
100
AcDbEntity
  8
ACIER_LONG
100
AcDbCircle
 10
4959.0
 20
6416.176905311779
 30
0.0
 40
5.0
  0
CIRCLE
  5
370
330
17
100
AcDbEntity
  8
ACIER_LONG
100
AcDbCircle
 10
4959.0
 20
6429.882217090069
 30
0.0
 40
5.0
  0
CIRCLE
  5
371
330
17
100
AcDbEntity
  8
ACIER_LONG
100
AcDbCircle
 10
4959.0
 20
6443.58752886836
 30
0.0
 40
5.0
  0
CIRCLE
  5
372
330
17
100
AcDbEntity
  8
ACIER_LONG
100
AcDbCircle
 10
4959.0
 20
6457.292840646651
 30
0.0
 40
5.0
  0
CIRCLE
  5
373
330
17
100
AcDbEntity
  8
ACIER_LONG
100
AcDbCircle
 10
4959.0
 20
6470.9981524249415
 30
0.0
 40
5.0
  0
CIRCLE
  5
374
330
17
100
AcDbEntity
  8
ACIER_LONG
100
AcDbCircle
 10
4959.0
 20
6484.703464203234
 30
0.0
 40
5.0
  0
CIRCLE
  5
375
330
17
100
AcDbEntity
  8
ACIER_LONG
100
AcDbCircle
 10
4959.0
 20
6498.408775981525
 30
0.0
 40
5.0
  0
CIRCLE
  5
376
330
17
100
AcDbEntity
  8
ACIER_LONG
100
AcDbCircle
 10
4959.0
 20
6512.114087759815
 30
0.0
 40
5.0
  0
CIRCLE
  5
377
330
17
100
AcDbEntity
  8
ACIER_LONG
100
AcDbCircle
 10
4959.0
 20
6525.819399538106
 30
0.0
 40
5.0
  0
CIRCLE
  5
378
330
17
100
AcDbEntity
  8
ACIER_LONG
100
AcDbCircle
 10
4959.0
 20
6539.524711316397
 30
0.0
 40
5.0
  0
CIRCLE
  5
379
330
17
100
AcDbEntity
  8
ACIER_LONG
100
AcDbCircle
 10
4959.0
 20
6553.230023094688
 30
0.0
 40
5.0
  0
CIRCLE
  5
37A
330
17
100
AcDbEntity
  8
ACIER_LONG
100
AcDbCircle
 10
4959.0
 20
6566.93533487298
 30
0.0
 40
5.0
  0
CIRCLE
  5
37B
330
17
100
AcDbEntity
  8
ACIER_LONG
100
AcDbCircle
 10
4959.0
 20
6580.640646651271
 30
0.0
 40
5.0
  0
CIRCLE
  5
37C
330
17
100
AcDbEntity
  8
ACIER_LONG
100
AcDbCircle
 10
4959.0
 20
6594.3459584295615
 30
0.0
 40
5.0
  0
CIRCLE
  5
37D
330
17
100
AcDbEntity
  8
ACIER_LONG
100
AcDbCircle
 10
4959.0
 20
6608.051270207852
 30
0.0
 40
5.0
  0
CIRCLE
  5
37E
330
17
100
AcDbEntity
  8
ACIER_LONG
100
AcDbCircle
 10
4959.0
 20
6621.756581986143
 30
0.0
 40
5.0
  0
CIRCLE
  5
37F
330
17
100
AcDbEntity
  8
ACIER_LONG
100
AcDbCircle
 10
4959.0
 20
6635.461893764434
 30
0.0
 40
5.0
  0
CIRCLE
  5
380
330
17
100
AcDbEntity
  8
ACIER_LONG
100
AcDbCircle
 10
4959.0
 20
6649.167205542724
 30
0.0
 40
5.0
  0
CIRCLE
  5
381
330
17
100
AcDbEntity
  8
ACIER_LONG
100
AcDbCircle
 10
4959.0
 20
6662.872517321017
 30
0.0
 40
5.0
  0
CIRCLE
  5
382
330
17
100
AcDbEntity
  8
ACIER_LONG
100
AcDbCircle
 10
4959.0
 20
6676.577829099308
 30
0.0
 40
5.0
  0
CIRCLE
  5
383
330
17
100
AcDbEntity
  8
ACIER_LONG
100
AcDbCircle
 10
4959.0
 20
6690.283140877598
 30
0.0
 40
5.0
  0
CIRCLE
  5
384
330
17
100
AcDbEntity
  8
ACIER_LONG
100
AcDbCircle
 10
4959.0
 20
6703.988452655889
 30
0.0
 40
5.0
  0
CIRCLE
  5
385
330
17
100
AcDbEntity
  8
ACIER_LONG
100
AcDbCircle
 10
4959.0
 20
6717.69376443418
 30
0.0
 40
5.0
  0
CIRCLE
  5
386
330
17
100
AcDbEntity
  8
ACIER_LONG
100
AcDbCircle
 10
4959.0
 20
6731.39907621247
 30
0.0
 40
5.0
  0
CIRCLE
  5
387
330
17
100
AcDbEntity
  8
ACIER_LONG
100
AcDbCircle
 10
4959.0
 20
6745.104387990763
 30
0.0
 40
5.0
  0
CIRCLE
  5
388
330
17
100
AcDbEntity
  8
ACIER_LONG
100
AcDbCircle
 10
4959.0
 20
6758.809699769054
 30
0.0
 40
5.0
  0
CIRCLE
  5
389
330
17
100
AcDbEntity
  8
ACIER_LONG
100
AcDbCircle
 10
4959.0
 20
6772.515011547344
 30
0.0
 40
5.0
  0
CIRCLE
  5
38A
330
17
100
AcDbEntity
  8
ACIER_LONG
100
AcDbCircle
 10
4959.0
 20
6786.220323325635
 30
0.0
 40
5.0
  0
CIRCLE
  5
38B
330
17
100
AcDbEntity
  8
ACIER_LONG
100
AcDbCircle
 10
4959.0
 20
6799.925635103926
 30
0.0
 40
5.0
  0
CIRCLE
  5
38C
330
17
100
AcDbEntity
  8
ACIER_LONG
100
AcDbCircle
 10
4959.0
 20
6813.630946882216
 30
0.0
 40
5.0
  0
CIRCLE
  5
38D
330
17
100
AcDbEntity
  8
ACIER_LONG
100
AcDbCircle
 10
4959.0
 20
6827.336258660509
 30
0.0
 40
5.0
  0
CIRCLE
  5
38E
330
17
100
AcDbEntity
  8
ACIER_LONG
100
AcDbCircle
 10
4959.0
 20
6841.0415704388
 30
0.0
 40
5.0
  0
CIRCLE
  5
38F
330
17
100
AcDbEntity
  8
ACIER_LONG
100
AcDbCircle
 10
4959.0
 20
6854.74688221709
 30
0.0
 40
5.0
  0
CIRCLE
  5
390
330
17
100
AcDbEntity
  8
ACIER_LONG
100
AcDbCircle
 10
4959.0
 20
6868.452193995381
 30
0.0
 40
5.0
  0
CIRCLE
  5
391
330
17
100
AcDbEntity
  8
ACIER_LONG
100
AcDbCircle
 10
4959.0
 20
6882.157505773672
 30
0.0
 40
5.0
  0
CIRCLE
  5
392
330
17
100
AcDbEntity
  8
ACIER_LONG
100
AcDbCircle
 10
4959.0
 20
6895.8628175519625
 30
0.0
 40
5.0
  0
CIRCLE
  5
393
330
17
100
AcDbEntity
  8
ACIER_LONG
100
AcDbCircle
 10
4959.0
 20
6909.568129330253
 30
0.0
 40
5.0
  0
CIRCLE
  5
394
330
17
100
AcDbEntity
  8
ACIER_LONG
100
AcDbCircle
 10
4959.0
 20
6923.273441108546
 30
0.0
 40
5.0
  0
CIRCLE
  5
395
330
17
100
AcDbEntity
  8
ACIER_LONG
100
AcDbCircle
 10
4959.0
 20
6936.978752886836
 30
0.0
 40
5.0
  0
CIRCLE
  5
396
330
17
100
AcDbEntity
  8
ACIER_LONG
100
AcDbCircle
 10
4959.0
 20
6950.684064665127
 30
0.0
 40
5.0
  0
CIRCLE
  5
397
330
17
100
AcDbEntity
  8
ACIER_LONG
100
AcDbCircle
 10
4959.0
 20
6964.389376443418
 30
0.0
 40
5.0
  0
CIRCLE
  5
398
330
17
100
AcDbEntity
  8
ACIER_LONG
100
AcDbCircle
 10
4959.0
 20
6978.094688221709
 30
0.0
 40
5.0
  0
CIRCLE
  5
399
330
17
100
AcDbEntity
  8
ACIER_LONG
100
AcDbCircle
 10
4959.0
 20
6991.799999999999
 30
0.0
 40
5.0
  0
CIRCLE
  5
39A
330
17
100
AcDbEntity
  8
ACIER_LONG
100
AcDbCircle
 10
4959.0
 20
7005.505311778292
 30
0.0
 40
5.0
  0
CIRCLE
  5
39B
330
17
100
AcDbEntity
  8
ACIER_LONG
100
AcDbCircle
 10
4959.0
 20
7019.2106235565825
 30
0.0
 40
5.0
  0
CIRCLE
  5
39C
330
17
100
AcDbEntity
  8
ACIER_LONG
100
AcDbCircle
 10
4959.0
 20
7032.915935334873
 30
0.0
 40
5.0
  0
CIRCLE
  5
39D
330
17
100
AcDbEntity
  8
ACIER_LONG
100
AcDbCircle
 10
4959.0
 20
7046.621247113164
 30
0.0
 40
5.0
  0
CIRCLE
  5
39E
330
17
100
AcDbEntity
  8
ACIER_LONG
100
AcDbCircle
 10
4959.0
 20
7060.326558891455
 30
0.0
 40
5.0
  0
CIRCLE
  5
39F
330
17
100
AcDbEntity
  8
ACIER_LONG
100
AcDbCircle
 10
4959.0
 20
7074.031870669745
 30
0.0
 40
5.0
  0
CIRCLE
  5
3A0
330
17
100
AcDbEntity
  8
ACIER_LONG
100
AcDbCircle
 10
4959.0
 20
7087.737182448038
 30
0.0
 40
5.0
  0
CIRCLE
  5
3A1
330
17
100
AcDbEntity
  8
ACIER_LONG
100
AcDbCircle
 10
4959.0
 20
7101.442494226329
 30
0.0
 40
5.0
  0
CIRCLE
  5
3A2
330
17
100
AcDbEntity
  8
ACIER_LONG
100
AcDbCircle
 10
4959.0
 20
7115.147806004619
 30
0.0
 40
5.0
  0
CIRCLE
  5
3A3
330
17
100
AcDbEntity
  8
ACIER_LONG
100
AcDbCircle
 10
4959.0
 20
7128.85311778291
 30
0.0
 40
5.0
  0
CIRCLE
  5
3A4
330
17
100
AcDbEntity
  8
ACIER_LONG
100
AcDbCircle
 10
4959.0
 20
7142.558429561201
 30
0.0
 40
5.0
  0
CIRCLE
  5
3A5
330
17
100
AcDbEntity
  8
ACIER_LONG
100
AcDbCircle
 10
4959.0
 20
7156.263741339491
 30
0.0
 40
5.0
  0
CIRCLE
  5
3A6
330
17
100
AcDbEntity
  8
ACIER_LONG
100
AcDbCircle
 10
4959.0
 20
7169.969053117782
 30
0.0
 40
5.0
  0
CIRCLE
  5
3A7
330
17
100
AcDbEntity
  8
ACIER_LONG
100
AcDbCircle
 10
4959.0
 20
7183.674364896075
 30
0.0
 40
5.0
  0
CIRCLE
  5
3A8
330
17
100
AcDbEntity
  8
ACIER_LONG
100
AcDbCircle
 10
4959.0
 20
7197.379676674365
 30
0.0
 40
5.0
  0
CIRCLE
  5
3A9
330
17
100
AcDbEntity
  8
ACIER_LONG
100
AcDbCircle
 10
4959.0
 20
7211.084988452656
 30
0.0
 40
5.0
  0
CIRCLE
  5
3AA
330
17
100
AcDbEntity
  8
ACIER_LONG
100
AcDbCircle
 10
4959.0
 20
7224.790300230947
 30
0.0
 40
5.0
  0
CIRCLE
  5
3AB
330
17
100
AcDbEntity
  8
ACIER_LONG
100
AcDbCircle
 10
4959.0
 20
7238.495612009237
 30
0.0
 40
5.0
  0
CIRCLE
  5
3AC
330
17
100
AcDbEntity
  8
ACIER_LONG
100
AcDbCircle
 10
4959.0
 20
7252.200923787528
 30
0.0
 40
5.0
  0
CIRCLE
  5
3AD
330
17
100
AcDbEntity
  8
ACIER_LONG
100
AcDbCircle
 10
4959.0
 20
7265.906235565821
 30
0.0
 40
5.0
  0
CIRCLE
  5
3AE
330
17
100
AcDbEntity
  8
ACIER_LONG
100
AcDbCircle
 10
4959.0
 20
7279.611547344111
 30
0.0
 40
5.0
  0
CIRCLE
  5
3AF
330
17
100
AcDbEntity
  8
ACIER_LONG
100
AcDbCircle
 10
4959.0
 20
7293.316859122402
 30
0.0
 40
5.0
  0
CIRCLE
  5
3B0
330
17
100
AcDbEntity
  8
ACIER_LONG
100
AcDbCircle
 10
4959.0
 20
7307.022170900693
 30
0.0
 40
5.0
  0
CIRCLE
  5
3B1
330
17
100
AcDbEntity
  8
ACIER_LONG
100
AcDbCircle
 10
4959.0
 20
7320.7274826789835
 30
0.0
 40
5.0
  0
CIRCLE
  5
3B2
330
17
100
AcDbEntity
  8
ACIER_LONG
100
AcDbCircle
 10
4959.0
 20
7334.432794457274
 30
0.0
 40
5.0
  0
CIRCLE
  5
3B3
330
17
100
AcDbEntity
  8
ACIER_LONG
100
AcDbCircle
 10
4959.0
 20
7348.138106235565
 30
0.0
 40
5.0
  0
CIRCLE
  5
3B4
330
17
100
AcDbEntity
  8
ACIER_LONG
100
AcDbCircle
 10
4959.0
 20
7361.843418013857
 30
0.0
 40
5.0
  0
CIRCLE
  5
3B5
330
17
100
AcDbEntity
  8
ACIER_LONG
100
AcDbCircle
 10
4959.0
 20
7375.548729792148
 30
0.0
 40
5.0
  0
CIRCLE
  5
3B6
330
17
100
AcDbEntity
  8
ACIER_LONG
100
AcDbCircle
 10
4959.0
 20
7389.254041570439
 30
0.0
 40
5.0
  0
CIRCLE
  5
3B7
330
17
100
AcDbEntity
  8
ACIER_LONG
100
AcDbCircle
 10
4959.0
 20
7402.95935334873
 30
0.0
 40
5.0
  0
CIRCLE
  5
3B8
330
17
100
AcDbEntity
  8
ACIER_LONG
100
AcDbCircle
 10
4959.0
 20
7416.66466512702
 30
0.0
 40
5.0
  0
CIRCLE
  5
3B9
330
17
100
AcDbEntity
  8
ACIER_LONG
100
AcDbCircle
 10
4959.0
 20
7430.369976905311
 30
0.0
 40
5.0
  0
CIRCLE
  5
3BA
330
17
100
AcDbEntity
  8
ACIER_LONG
100
AcDbCircle
 10
4959.0
 20
7444.0752886836035
 30
0.0
 40
5.0
  0
CIRCLE
  5
3BB
330
17
100
AcDbEntity
  8
ACIER_LONG
100
AcDbCircle
 10
4959.0
 20
7457.780600461894
 30
0.0
 40
5.0
  0
CIRCLE
  5
3BC
330
17
100
AcDbEntity
  8
ACIER_LONG
100
AcDbCircle
 10
4959.0
 20
7471.485912240185
 30
0.0
 40
5.0
  0
CIRCLE
  5
3BD
330
17
100
AcDbEntity
  8
ACIER_LONG
100
AcDbCircle
 10
4959.0
 20
7485.191224018476
 30
0.0
 40
5.0
  0
CIRCLE
  5
3BE
330
17
100
AcDbEntity
  8
ACIER_LONG
100
AcDbCircle
 10
4959.0
 20
7498.896535796766
 30
0.0
 40
5.0
  0
CIRCLE
  5
3BF
330
17
100
AcDbEntity
  8
ACIER_LONG
100
AcDbCircle
 10
4959.0
 20
7512.601847575057
 30
0.0
 40
5.0
  0
CIRCLE
  5
3C0
330
17
100
AcDbEntity
  8
ACIER_LONG
100
AcDbCircle
 10
4959.0
 20
7526.30715935335
 30
0.0
 40
5.0
  0
CIRCLE
  5
3C1
330
17
100
AcDbEntity
  8
ACIER_LONG
100
AcDbCircle
 10
4959.0
 20
7540.01247113164
 30
0.0
 40
5.0
  0
CIRCLE
  5
3C2
330
17
100
AcDbEntity
  8
ACIER_LONG
100
AcDbCircle
 10
4959.0
 20
7553.717782909931
 30
0.0
 40
5.0
  0
CIRCLE
  5
3C3
330
17
100
AcDbEntity
  8
ACIER_LONG
100
AcDbCircle
 10
4959.0
 20
7567.423094688222
 30
0.0
 40
5.0
  0
CIRCLE
  5
3C4
330
17
100
AcDbEntity
  8
ACIER_LONG
100
AcDbCircle
 10
4959.0
 20
7581.128406466512
 30
0.0
 40
5.0
  0
CIRCLE
  5
3C5
330
17
100
AcDbEntity
  8
ACIER_LONG
100
AcDbCircle
 10
4959.0
 20
7594.833718244803
 30
0.0
 40
5.0
  0
CIRCLE
  5
3C6
330
17
100
AcDbEntity
  8
ACIER_LONG
100
AcDbCircle
 10
4959.0
 20
7608.539030023094
 30
0.0
 40
5.0
  0
CIRCLE
  5
3C7
330
17
100
AcDbEntity
  8
ACIER_LONG
100
AcDbCircle
 10
4959.0
 20
7622.244341801386
 30
0.0
 40
5.0
  0
CIRCLE
  5
3C8
330
17
100
AcDbEntity
  8
ACIER_LONG
100
AcDbCircle
 10
4959.0
 20
7635.949653579677
 30
0.0
 40
5.0
  0
CIRCLE
  5
3C9
330
17
100
AcDbEntity
  8
ACIER_LONG
100
AcDbCircle
 10
4959.0
 20
7649.654965357968
 30
0.0
 40
5.0
  0
CIRCLE
  5
3CA
330
17
100
AcDbEntity
  8
ACIER_LONG
100
AcDbCircle
 10
4959.0
 20
7663.360277136258
 30
0.0
 40
5.0
  0
CIRCLE
  5
3CB
330
17
100
AcDbEntity
  8
ACIER_LONG
100
AcDbCircle
 10
4959.0
 20
7677.065588914549
 30
0.0
 40
5.0
  0
CIRCLE
  5
3CC
330
17
100
AcDbEntity
  8
ACIER_LONG
100
AcDbCircle
 10
4959.0
 20
7690.77090069284
 30
0.0
 40
5.0
  0
CIRCLE
  5
3CD
330
17
100
AcDbEntity
  8
ACIER_LONG
100
AcDbCircle
 10
4959.0
 20
7704.476212471132
 30
0.0
 40
5.0
  0
CIRCLE
  5
3CE
330
17
100
AcDbEntity
  8
ACIER_LONG
100
AcDbCircle
 10
4959.0
 20
7718.181524249423
 30
0.0
 40
5.0
  0
CIRCLE
  5
3CF
330
17
100
AcDbEntity
  8
ACIER_LONG
100
AcDbCircle
 10
4959.0
 20
7731.886836027714
 30
0.0
 40
5.0
  0
CIRCLE
  5
3D0
330
17
100
AcDbEntity
  8
ACIER_LONG
100
AcDbCircle
 10
4959.0
 20
7745.5921478060045
 30
0.0
 40
5.0
  0
CIRCLE
  5
3D1
330
17
100
AcDbEntity
  8
ACIER_LONG
100
AcDbCircle
 10
4959.0
 20
7759.297459584295
 30
0.0
 40
5.0
  0
CIRCLE
  5
3D2
330
17
100
AcDbEntity
  8
ACIER_LONG
100
AcDbCircle
 10
4959.0
 20
7773.002771362586
 30
0.0
 40
5.0
  0
CIRCLE
  5
3D3
330
17
100
AcDbEntity
  8
ACIER_LONG
100
AcDbCircle
 10
4959.0
 20
7786.708083140878
 30
0.0
 40
5.0
  0
CIRCLE
  5
3D4
330
17
100
AcDbEntity
  8
ACIER_LONG
100
AcDbCircle
 10
4959.0
 20
7800.413394919169
 30
0.0
 40
5.0
  0
CIRCLE
  5
3D5
330
17
100
AcDbEntity
  8
ACIER_LONG
100
AcDbCircle
 10
4959.0
 20
7814.11870669746
 30
0.0
 40
5.0
  0
CIRCLE
  5
3D6
330
17
100
AcDbEntity
  8
ACIER_LONG
100
AcDbCircle
 10
4959.0
 20
7827.824018475751
 30
0.0
 40
5.0
  0
CIRCLE
  5
3D7
330
17
100
AcDbEntity
  8
ACIER_LONG
100
AcDbCircle
 10
4959.0
 20
7841.529330254041
 30
0.0
 40
5.0
  0
CIRCLE
  5
3D8
330
17
100
AcDbEntity
  8
ACIER_LONG
100
AcDbCircle
 10
4959.0
 20
7855.234642032332
 30
0.0
 40
5.0
  0
CIRCLE
  5
3D9
330
17
100
AcDbEntity
  8
ACIER_LONG
100
AcDbCircle
 10
4959.0
 20
7868.939953810623
 30
0.0
 40
5.0
  0
CIRCLE
  5
3DA
330
17
100
AcDbEntity
  8
ACIER_LONG
100
AcDbCircle
 10
4959.0
 20
7882.645265588915
 30
0.0
 40
5.0
  0
CIRCLE
  5
3DB
330
17
100
AcDbEntity
  8
ACIER_LONG
100
AcDbCircle
 10
4959.0
 20
7896.350577367206
 30
0.0
 40
5.0
  0
CIRCLE
  5
3DC
330
17
100
AcDbEntity
  8
ACIER_LONG
100
AcDbCircle
 10
4959.0
 20
7910.055889145497
 30
0.0
 40
5.0
  0
CIRCLE
  5
3DD
330
17
100
AcDbEntity
  8
ACIER_LONG
100
AcDbCircle
 10
4959.0
 20
7923.761200923787
 30
0.0
 40
5.0
  0
CIRCLE
  5
3DE
330
17
100
AcDbEntity
  8
ACIER_LONG
100
AcDbCircle
 10
4959.0
 20
7937.466512702078
 30
0.0
 40
5.0
  0
CIRCLE
  5
3DF
330
17
100
AcDbEntity
  8
ACIER_LONG
100
AcDbCircle
 10
4959.0
 20
7951.171824480369
 30
0.0
 40
5.0
  0
CIRCLE
  5
3E0
330
17
100
AcDbEntity
  8
ACIER_LONG
100
AcDbCircle
 10
4959.0
 20
7964.877136258661
 30
0.0
 40
5.0
  0
CIRCLE
  5
3E1
330
17
100
AcDbEntity
  8
ACIER_LONG
100
AcDbCircle
 10
4959.0
 20
7978.582448036952
 30
0.0
 40
5.0
  0
CIRCLE
  5
3E2
330
17
100
AcDbEntity
  8
ACIER_LONG
100
AcDbCircle
 10
4959.0
 20
7992.287759815243
 30
0.0
 40
5.0
  0
CIRCLE
  5
3E3
330
17
100
AcDbEntity
  8
ACIER_LONG
100
AcDbCircle
 10
4959.0
 20
8005.993071593533
 30
0.0
 40
5.0
  0
CIRCLE
  5
3E4
330
17
100
AcDbEntity
  8
ACIER_LONG
100
AcDbCircle
 10
4959.0
 20
8019.698383371824
 30
0.0
 40
5.0
  0
CIRCLE
  5
3E5
330
17
100
AcDbEntity
  8
ACIER_LONG
100
AcDbCircle
 10
4959.0
 20
8033.403695150115
 30
0.0
 40
5.0
  0
CIRCLE
  5
3E6
330
17
100
AcDbEntity
  8
ACIER_LONG
100
AcDbCircle
 10
4959.0
 20
8047.109006928407
 30
0.0
 40
5.0
  0
CIRCLE
  5
3E7
330
17
100
AcDbEntity
  8
ACIER_LONG
100
AcDbCircle
 10
4959.0
 20
8060.814318706698
 30
0.0
 40
5.0
  0
CIRCLE
  5
3E8
330
17
100
AcDbEntity
  8
ACIER_LONG
100
AcDbCircle
 10
4959.0
 20
8074.519630484989
 30
0.0
 40
5.0
  0
CIRCLE
  5
3E9
330
17
100
AcDbEntity
  8
ACIER_LONG
100
AcDbCircle
 10
4959.0
 20
8088.224942263279
 30
0.0
 40
5.0
  0
CIRCLE
  5
3EA
330
17
100
AcDbEntity
  8
ACIER_LONG
100
AcDbCircle
 10
4959.0
 20
8101.93025404157
 30
0.0
 40
5.0
  0
CIRCLE
  5
3EB
330
17
100
AcDbEntity
  8
ACIER_LONG
100
AcDbCircle
 10
4959.0
 20
8115.635565819861
 30
0.0
 40
5.0
  0
CIRCLE
  5
3EC
330
17
100
AcDbEntity
  8
ACIER_LONG
100
AcDbCircle
 10
4959.0
 20
8129.340877598152
 30
0.0
 40
5.0
  0
CIRCLE
  5
3ED
330
17
100
AcDbEntity
  8
ACIER_LONG
100
AcDbCircle
 10
4959.0
 20
8143.046189376444
 30
0.0
 40
5.0
  0
CIRCLE
  5
3EE
330
17
100
AcDbEntity
  8
ACIER_LONG
100
AcDbCircle
 10
4959.0
 20
8156.751501154735
 30
0.0
 40
5.0
  0
CIRCLE
  5
3EF
330
17
100
AcDbEntity
  8
ACIER_LONG
100
AcDbCircle
 10
4959.0
 20
8170.4568129330255
 30
0.0
 40
5.0
  0
CIRCLE
  5
3F0
330
17
100
AcDbEntity
  8
ACIER_LONG
100
AcDbCircle
 10
4959.0
 20
8184.162124711316
 30
0.0
 40
5.0
  0
CIRCLE
  5
3F1
330
17
100
AcDbEntity
  8
ACIER_LONG
100
AcDbCircle
 10
4959.0
 20
8197.867436489607
 30
0.0
 40
5.0
  0
CIRCLE
  5
3F2
330
17
100
AcDbEntity
  8
ACIER_LONG
100
AcDbCircle
 10
4959.0
 20
8211.572748267898
 30
0.0
 40
5.0
  0
CIRCLE
  5
3F3
330
17
100
AcDbEntity
  8
ACIER_LONG
100
AcDbCircle
 10
4959.0
 20
8225.27806004619
 30
0.0
 40
5.0
  0
CIRCLE
  5
3F4
330
17
100
AcDbEntity
  8
ACIER_LONG
100
AcDbCircle
 10
4959.0
 20
8238.98337182448
 30
0.0
 40
5.0
  0
CIRCLE
  5
3F5
330
17
100
AcDbEntity
  8
ACIER_LONG
100
AcDbCircle
 10
4959.0
 20
8252.688683602772
 30
0.0
 40
5.0
  0
CIRCLE
  5
3F6
330
17
100
AcDbEntity
  8
ACIER_LONG
100
AcDbCircle
 10
4959.0
 20
8266.393995381062
 30
0.0
 40
5.0
  0
CIRCLE
  5
3F7
330
17
100
AcDbEntity
  8
ACIER_LONG
100
AcDbCircle
 10
4959.0
 20
8280.099307159353
 30
0.0
 40
5.0
  0
CIRCLE
  5
3F8
330
17
100
AcDbEntity
  8
ACIER_LONG
100
AcDbCircle
 10
4959.0
 20
8293.804618937644
 30
0.0
 40
5.0
  0
CIRCLE
  5
3F9
330
17
100
AcDbEntity
  8
ACIER_LONG
100
AcDbCircle
 10
4959.0
 20
8307.509930715936
 30
0.0
 40
5.0
  0
CIRCLE
  5
3FA
330
17
100
AcDbEntity
  8
ACIER_LONG
100
AcDbCircle
 10
4959.0
 20
8321.215242494227
 30
0.0
 40
5.0
  0
CIRCLE
  5
3FB
330
17
100
AcDbEntity
  8
ACIER_LONG
100
AcDbCircle
 10
4959.0
 20
8334.920554272518
 30
0.0
 40
5.0
  0
CIRCLE
  5
3FC
330
17
100
AcDbEntity
  8
ACIER_LONG
100
AcDbCircle
 10
4959.0
 20
8348.625866050808
 30
0.0
 40
5.0
  0
CIRCLE
  5
3FD
330
17
100
AcDbEntity
  8
ACIER_LONG
100
AcDbCircle
 10
4959.0
 20
8362.331177829099
 30
0.0
 40
5.0
  0
CIRCLE
  5
3FE
330
17
100
AcDbEntity
  8
ACIER_LONG
100
AcDbCircle
 10
4959.0
 20
8376.03648960739
 30
0.0
 40
5.0
  0
CIRCLE
  5
3FF
330
17
100
AcDbEntity
  8
ACIER_LONG
100
AcDbCircle
 10
4959.0
 20
8389.74180138568
 30
0.0
 40
5.0
  0
CIRCLE
  5
400
330
17
100
AcDbEntity
  8
ACIER_LONG
100
AcDbCircle
 10
4959.0
 20
8403.447113163973
 30
0.0
 40
5.0
  0
CIRCLE
  5
401
330
17
100
AcDbEntity
  8
ACIER_LONG
100
AcDbCircle
 10
4959.0
 20
8417.152424942264
 30
0.0
 40
5.0
  0
CIRCLE
  5
402
330
17
100
AcDbEntity
  8
ACIER_LONG
100
AcDbCircle
 10
4959.0
 20
8430.857736720554
 30
0.0
 40
5.0
  0
CIRCLE
  5
403
330
17
100
AcDbEntity
  8
ACIER_LONG
100
AcDbCircle
 10
4959.0
 20
8444.563048498845
 30
0.0
 40
5.0
  0
CIRCLE
  5
404
330
17
100
AcDbEntity
  8
ACIER_LONG
100
AcDbCircle
 10
4959.0
 20
8458.268360277136
 30
0.0
 40
5.0
  0
CIRCLE
  5
405
330
17
100
AcDbEntity
  8
ACIER_LONG
100
AcDbCircle
 10
4959.0
 20
8471.973672055427
 30
0.0
 40
5.0
  0
CIRCLE
  5
406
330
17
100
AcDbEntity
  8
ACIER_LONG
100
AcDbCircle
 10
4959.0
 20
8485.678983833719
 30
0.0
 40
5.0
  0
CIRCLE
  5
407
330
17
100
AcDbEntity
  8
ACIER_LONG
100
AcDbCircle
 10
4959.0
 20
8499.38429561201
 30
0.0
 40
5.0
  0
CIRCLE
  5
408
330
17
100
AcDbEntity
  8
ACIER_LONG
100
AcDbCircle
 10
4959.0
 20
8513.0896073903
 30
0.0
 40
5.0
  0
CIRCLE
  5
409
330
17
100
AcDbEntity
  8
ACIER_LONG
100
AcDbCircle
 10
4959.0
 20
8526.794919168591
 30
0.0
 40
5.0
  0
CIRCLE
  5
40A
330
17
100
AcDbEntity
  8
ACIER_LONG
100
AcDbCircle
 10
4959.0
 20
8540.500230946882
 30
0.0
 40
5.0
  0
CIRCLE
  5
40B
330
17
100
AcDbEntity
  8
ACIER_LONG
100
AcDbCircle
 10
4959.0
 20
8554.205542725173
 30
0.0
 40
5.0
  0
CIRCLE
  5
40C
330
17
100
AcDbEntity
  8
ACIER_LONG
100
AcDbCircle
 10
4959.0
 20
8567.910854503465
 30
0.0
 40
5.0
  0
CIRCLE
  5
40D
330
17
100
AcDbEntity
  8
ACIER_LONG
100
AcDbCircle
 10
4959.0
 20
8581.616166281756
 30
0.0
 40
5.0
  0
CIRCLE
  5
40E
330
17
100
AcDbEntity
  8
ACIER_LONG
100
AcDbCircle
 10
4959.0
 20
8595.321478060047
 30
0.0
 40
5.0
  0
CIRCLE
  5
40F
330
17
100
AcDbEntity
  8
ACIER_LONG
100
AcDbCircle
 10
4959.0
 20
8609.026789838337
 30
0.0
 40
5.0
  0
CIRCLE
  5
410
330
17
100
AcDbEntity
  8
ACIER_LONG
100
AcDbCircle
 10
4959.0
 20
8622.732101616628
 30
0.0
 40
5.0
  0
CIRCLE
  5
411
330
17
100
AcDbEntity
  8
ACIER_LONG
100
AcDbCircle
 10
4959.0
 20
8636.437413394919
 30
0.0
 40
5.0
  0
CIRCLE
  5
412
330
17
100
AcDbEntity
  8
ACIER_LONG
100
AcDbCircle
 10
4959.0
 20
8650.14272517321
 30
0.0
 40
5.0
  0
CIRCLE
  5
413
330
17
100
AcDbEntity
  8
ACIER_LONG
100
AcDbCircle
 10
4959.0
 20
8663.848036951502
 30
0.0
 40
5.0
  0
CIRCLE
  5
414
330
17
100
AcDbEntity
  8
ACIER_LONG
100
AcDbCircle
 10
4959.0
 20
8677.553348729793
 30
0.0
 40
5.0
  0
CIRCLE
  5
415
330
17
100
AcDbEntity
  8
ACIER_LONG
100
AcDbCircle
 10
4959.0
 20
8691.258660508083
 30
0.0
 40
5.0
  0
CIRCLE
  5
416
330
17
100
AcDbEntity
  8
ACIER_LONG
100
AcDbCircle
 10
4959.0
 20
8704.963972286374
 30
0.0
 40
5.0
  0
CIRCLE
  5
417
330
17
100
AcDbEntity
  8
ACIER_LONG
100
AcDbCircle
 10
4959.0
 20
8718.669284064665
 30
0.0
 40
5.0
  0
CIRCLE
  5
418
330
17
100
AcDbEntity
  8
ACIER_LONG
100
AcDbCircle
 10
4959.0
 20
8732.374595842955
 30
0.0
 40
5.0
  0
CIRCLE
  5
419
330
17
100
AcDbEntity
  8
ACIER_LONG
100
AcDbCircle
 10
4959.0
 20
8746.079907621248
 30
0.0
 40
5.0
  0
CIRCLE
  5
41A
330
17
100
AcDbEntity
  8
ACIER_LONG
100
AcDbCircle
 10
4959.0
 20
8759.785219399539
 30
0.0
 40
5.0
  0
CIRCLE
  5
41B
330
17
100
AcDbEntity
  8
ACIER_LONG
100
AcDbCircle
 10
4959.0
 20
8773.49053117783
 30
0.0
 40
5.0
  0
CIRCLE
  5
41C
330
17
100
AcDbEntity
  8
ACIER_LONG
100
AcDbCircle
 10
4959.0
 20
8787.19584295612
 30
0.0
 40
5.0
  0
CIRCLE
  5
41D
330
17
100
AcDbEntity
  8
ACIER_LONG
100
AcDbCircle
 10
4959.0
 20
8800.90115473441
 30
0.0
 40
5.0
  0
CIRCLE
  5
41E
330
17
100
AcDbEntity
  8
ACIER_LONG
100
AcDbCircle
 10
4959.0
 20
8814.606466512701
 30
0.0
 40
5.0
  0
CIRCLE
  5
41F
330
17
100
AcDbEntity
  8
ACIER_LONG
100
AcDbCircle
 10
4959.0
 20
8828.311778290994
 30
0.0
 40
5.0
  0
CIRCLE
  5
420
330
17
100
AcDbEntity
  8
ACIER_LONG
100
AcDbCircle
 10
4959.0
 20
8842.017090069285
 30
0.0
 40
5.0
  0
CIRCLE
  5
421
330
17
100
AcDbEntity
  8
ACIER_LONG
100
AcDbCircle
 10
4959.0
 20
8855.722401847575
 30
0.0
 40
5.0
  0
CIRCLE
  5
422
330
17
100
AcDbEntity
  8
ACIER_LONG
100
AcDbCircle
 10
4959.0
 20
8869.427713625866
 30
0.0
 40
5.0
  0
CIRCLE
  5
423
330
17
100
AcDbEntity
  8
ACIER_LONG
100
AcDbCircle
 10
4959.0
 20
8883.133025404157
 30
0.0
 40
5.0
  0
CIRCLE
  5
424
330
17
100
AcDbEntity
  8
ACIER_LONG
100
AcDbCircle
 10
4959.0
 20
8896.838337182448
 30
0.0
 40
5.0
  0
CIRCLE
  5
425
330
17
100
AcDbEntity
  8
ACIER_LONG
100
AcDbCircle
 10
4959.0
 20
8910.543648960738
 30
0.0
 40
5.0
  0
CIRCLE
  5
426
330
17
100
AcDbEntity
  8
ACIER_LONG
100
AcDbCircle
 10
4959.0
 20
8924.24896073903
 30
0.0
 40
5.0
  0
CIRCLE
  5
427
330
17
100
AcDbEntity
  8
ACIER_LONG
100
AcDbCircle
 10
4959.0
 20
8937.954272517321
 30
0.0
 40
5.0
  0
CIRCLE
  5
428
330
17
100
AcDbEntity
  8
ACIER_LONG
100
AcDbCircle
 10
4959.0
 20
8951.659584295612
 30
0.0
 40
5.0
  0
CIRCLE
  5
429
330
17
100
AcDbEntity
  8
ACIER_LONG
100
AcDbCircle
 10
4959.0
 20
8965.364896073903
 30
0.0
 40
5.0
  0
CIRCLE
  5
42A
330
17
100
AcDbEntity
  8
ACIER_LONG
100
AcDbCircle
 10
4959.0
 20
8979.070207852194
 30
0.0
 40
5.0
  0
CIRCLE
  5
42B
330
17
100
AcDbEntity
  8
ACIER_LONG
100
AcDbCircle
 10
4959.0
 20
8992.775519630484
 30
0.0
 40
5.0
  0
CIRCLE
  5
42C
330
17
100
AcDbEntity
  8
ACIER_LONG
100
AcDbCircle
 10
4959.0
 20
9006.480831408777
 30
0.0
 40
5.0
  0
CIRCLE
  5
42D
330
17
100
AcDbEntity
  8
ACIER_LONG
100
AcDbCircle
 10
4959.0
 20
9020.186143187068
 30
0.0
 40
5.0
  0
CIRCLE
  5
42E
330
17
100
AcDbEntity
  8
ACIER_LONG
100
AcDbCircle
 10
4959.0
 20
9033.891454965358
 30
0.0
 40
5.0
  0
CIRCLE
  5
42F
330
17
100
AcDbEntity
  8
ACIER_LONG
100
AcDbCircle
 10
4959.0
 20
9047.596766743649
 30
0.0
 40
5.0
  0
CIRCLE
  5
430
330
17
100
AcDbEntity
  8
ACIER_LONG
100
AcDbCircle
 10
4959.0
 20
9061.30207852194
 30
0.0
 40
5.0
  0
CIRCLE
  5
431
330
17
100
AcDbEntity
  8
ACIER_LONG
100
AcDbCircle
 10
4959.0
 20
9075.00739030023
 30
0.0
 40
5.0
  0
CIRCLE
  5
432
330
17
100
AcDbEntity
  8
ACIER_LONG
100
AcDbCircle
 10
4959.0
 20
9088.712702078521
 30
0.0
 40
5.0
  0
CIRCLE
  5
433
330
17
100
AcDbEntity
  8
ACIER_LONG
100
AcDbCircle
 10
4959.0
 20
9102.418013856814
 30
0.0
 40
5.0
  0
CIRCLE
  5
434
330
17
100
AcDbEntity
  8
ACIER_LONG
100
AcDbCircle
 10
4959.0
 20
9116.123325635104
 30
0.0
 40
5.0
  0
CIRCLE
  5
435
330
17
100
AcDbEntity
  8
ACIER_LONG
100
AcDbCircle
 10
4959.0
 20
9129.828637413395
 30
0.0
 40
5.0
  0
CIRCLE
  5
436
330
17
100
AcDbEntity
  8
ACIER_LONG
100
AcDbCircle
 10
4959.0
 20
9143.533949191686
 30
0.0
 40
5.0
  0
CIRCLE
  5
437
330
17
100
AcDbEntity
  8
ACIER_LONG
100
AcDbCircle
 10
4959.0
 20
9157.239260969976
 30
0.0
 40
5.0
  0
CIRCLE
  5
438
330
17
100
AcDbEntity
  8
ACIER_LONG
100
AcDbCircle
 10
4959.0
 20
9170.944572748267
 30
0.0
 40
5.0
  0
CIRCLE
  5
439
330
17
100
AcDbEntity
  8
ACIER_LONG
100
AcDbCircle
 10
4959.0
 20
9184.64988452656
 30
0.0
 40
5.0
  0
CIRCLE
  5
43A
330
17
100
AcDbEntity
  8
ACIER_LONG
100
AcDbCircle
 10
4959.0
 20
9198.35519630485
 30
0.0
 40
5.0
  0
CIRCLE
  5
43B
330
17
100
AcDbEntity
  8
ACIER_LONG
100
AcDbCircle
 10
4959.0
 20
9212.060508083141
 30
0.0
 40
5.0
  0
CIRCLE
  5
43C
330
17
100
AcDbEntity
  8
ACIER_LONG
100
AcDbCircle
 10
4959.0
 20
9225.765819861432
 30
0.0
 40
5.0
  0
CIRCLE
  5
43D
330
17
100
AcDbEntity
  8
ACIER_LONG
100
AcDbCircle
 10
4959.0
 20
9239.471131639722
 30
0.0
 40
5.0
  0
CIRCLE
  5
43E
330
17
100
AcDbEntity
  8
ACIER_LONG
100
AcDbCircle
 10
4959.0
 20
9253.176443418013
 30
0.0
 40
5.0
  0
CIRCLE
  5
43F
330
17
100
AcDbEntity
  8
ACIER_LONG
100
AcDbCircle
 10
4959.0
 20
9266.881755196306
 30
0.0
 40
5.0
  0
CIRCLE
  5
440
330
17
100
AcDbEntity
  8
ACIER_LONG
100
AcDbCircle
 10
4959.0
 20
9280.587066974596
 30
0.0
 40
5.0
  0
CIRCLE
  5
441
330
17
100
AcDbEntity
  8
ACIER_LONG
100
AcDbCircle
 10
4959.0
 20
9294.292378752887
 30
0.0
 40
5.0
  0
CIRCLE
  5
442
330
17
100
AcDbEntity
  8
ACIER_LONG
100
AcDbCircle
 10
4959.0
 20
9307.997690531178
 30
0.0
 40
5.0
  0
CIRCLE
  5
443
330
17
100
AcDbEntity
  8
ACIER_LONG
100
AcDbCircle
 10
4959.0
 20
9321.703002309469
 30
0.0
 40
5.0
  0
CIRCLE
  5
444
330
17
100
AcDbEntity
  8
ACIER_LONG
100
AcDbCircle
 10
4959.0
 20
9335.40831408776
 30
0.0
 40
5.0
  0
CIRCLE
  5
445
330
17
100
AcDbEntity
  8
ACIER_LONG
100
AcDbCircle
 10
4959.0
 20
9349.11362586605
 30
0.0
 40
5.0
  0
CIRCLE
  5
446
330
17
100
AcDbEntity
  8
ACIER_LONG
100
AcDbCircle
 10
4959.0
 20
9362.818937644342
 30
0.0
 40
5.0
  0
CIRCLE
  5
447
330
17
100
AcDbEntity
  8
ACIER_LONG
100
AcDbCircle
 10
4959.0
 20
9376.524249422633
 30
0.0
 40
5.0
  0
CIRCLE
  5
448
330
17
100
AcDbEntity
  8
ACIER_LONG
100
AcDbCircle
 10
4959.0
 20
9390.229561200924
 30
0.0
 40
5.0
  0
CIRCLE
  5
449
330
17
100
AcDbEntity
  8
ACIER_LONG
100
AcDbCircle
 10
4959.0
 20
9403.934872979215
 30
0.0
 40
5.0
  0
CIRCLE
  5
44A
330
17
100
AcDbEntity
  8
ACIER_LONG
100
AcDbCircle
 10
4959.0
 20
9417.640184757505
 30
0.0
 40
5.0
  0
CIRCLE
  5
44B
330
17
100
AcDbEntity
  8
ACIER_LONG
100
AcDbCircle
 10
4959.0
 20
9431.345496535796
 30
0.0
 40
5.0
  0
CIRCLE
  5
44C
330
17
100
AcDbEntity
  8
ACIER_LONG
100
AcDbCircle
 10
4959.0
 20
9445.050808314088
 30
0.0
 40
5.0
  0
CIRCLE
  5
44D
330
17
100
AcDbEntity
  8
ACIER_LONG
100
AcDbCircle
 10
4959.0
 20
9458.75612009238
 30
0.0
 40
5.0
  0
CIRCLE
  5
44E
330
17
100
AcDbEntity
  8
ACIER_LONG
100
AcDbCircle
 10
4959.0
 20
9472.46143187067
 30
0.0
 40
5.0
  0
CIRCLE
  5
44F
330
17
100
AcDbEntity
  8
ACIER_LONG
100
AcDbCircle
 10
4959.0
 20
9486.16674364896
 30
0.0
 40
5.0
  0
CIRCLE
  5
450
330
17
100
AcDbEntity
  8
ACIER_LONG
100
AcDbCircle
 10
4959.0
 20
9499.872055427251
 30
0.0
 40
5.0
  0
CIRCLE
  5
451
330
17
100
AcDbEntity
  8
ACIER_LONG
100
AcDbCircle
 10
4959.0
 20
9513.577367205542
 30
0.0
 40
5.0
  0
CIRCLE
  5
452
330
17
100
AcDbEntity
  8
ACIER_LONG
100
AcDbCircle
 10
4959.0
 20
9527.282678983835
 30
0.0
 40
5.0
  0
CIRCLE
  5
453
330
17
100
AcDbEntity
  8
ACIER_LONG
100
AcDbCircle
 10
4959.0
 20
9540.987990762125
 30
0.0
 40
5.0
  0
CIRCLE
  5
454
330
17
100
AcDbEntity
  8
ACIER_LONG
100
AcDbCircle
 10
4959.0
 20
9554.693302540416
 30
0.0
 40
5.0
  0
CIRCLE
  5
455
330
17
100
AcDbEntity
  8
ACIER_LONG
100
AcDbCircle
 10
4959.0
 20
9568.398614318707
 30
0.0
 40
5.0
  0
CIRCLE
  5
456
330
17
100
AcDbEntity
  8
ACIER_LONG
100
AcDbCircle
 10
4959.0
 20
9582.103926096997
 30
0.0
 40
5.0
  0
CIRCLE
  5
457
330
17
100
AcDbEntity
  8
ACIER_LONG
100
AcDbCircle
 10
4959.0
 20
9595.809237875288
 30
0.0
 40
5.0
  0
CIRCLE
  5
458
330
17
100
AcDbEntity
  8
ACIER_LONG
100
AcDbCircle
 10
4959.0
 20
9609.514549653579
 30
0.0
 40
5.0
  0
CIRCLE
  5
459
330
17
100
AcDbEntity
  8
ACIER_LONG
100
AcDbCircle
 10
4959.0
 20
9623.219861431871
 30
0.0
 40
5.0
  0
CIRCLE
  5
45A
330
17
100
AcDbEntity
  8
ACIER_LONG
100
AcDbCircle
 10
4959.0
 20
9636.925173210162
 30
0.0
 40
5.0
  0
CIRCLE
  5
45B
330
17
100
AcDbEntity
  8
ACIER_LONG
100
AcDbCircle
 10
4959.0
 20
9650.630484988453
 30
0.0
 40
5.0
  0
CIRCLE
  5
45C
330
17
100
AcDbEntity
  8
ACIER_LONG
100
AcDbCircle
 10
4959.0
 20
9664.335796766743
 30
0.0
 40
5.0
  0
CIRCLE
  5
45D
330
17
100
AcDbEntity
  8
ACIER_LONG
100
AcDbCircle
 10
4959.0
 20
9678.041108545034
 30
0.0
 40
5.0
  0
CIRCLE
  5
45E
330
17
100
AcDbEntity
  8
ACIER_LONG
100
AcDbCircle
 10
4959.0
 20
9691.746420323325
 30
0.0
 40
5.0
  0
CIRCLE
  5
45F
330
17
100
AcDbEntity
  8
ACIER_LONG
100
AcDbCircle
 10
4959.0
 20
9705.451732101617
 30
0.0
 40
5.0
  0
CIRCLE
  5
460
330
17
100
AcDbEntity
  8
ACIER_LONG
100
AcDbCircle
 10
4959.0
 20
9719.157043879908
 30
0.0
 40
5.0
  0
CIRCLE
  5
461
330
17
100
AcDbEntity
  8
ACIER_LONG
100
AcDbCircle
 10
4959.0
 20
9732.862355658199
 30
0.0
 40
5.0
  0
CIRCLE
  5
462
330
17
100
AcDbEntity
  8
ACIER_LONG
100
AcDbCircle
 10
4959.0
 20
9746.56766743649
 30
0.0
 40
5.0
  0
CIRCLE
  5
463
330
17
100
AcDbEntity
  8
ACIER_LONG
100
AcDbCircle
 10
4959.0
 20
9760.27297921478
 30
0.0
 40
5.0
  0
CIRCLE
  5
464
330
17
100
AcDbEntity
  8
ACIER_LONG
100
AcDbCircle
 10
4959.0
 20
9773.978290993071
 30
0.0
 40
5.0
  0
CIRCLE
  5
465
330
17
100
AcDbEntity
  8
ACIER_LONG
100
AcDbCircle
 10
4959.0
 20
9787.683602771363
 30
0.0
 40
5.0
  0
CIRCLE
  5
466
330
17
100
AcDbEntity
  8
ACIER_LONG
100
AcDbCircle
 10
4959.0
 20
9801.388914549654
 30
0.0
 40
5.0
  0
CIRCLE
  5
467
330
17
100
AcDbEntity
  8
ACIER_LONG
100
AcDbCircle
 10
4959.0
 20
9815.094226327945
 30
0.0
 40
5.0
  0
CIRCLE
  5
468
330
17
100
AcDbEntity
  8
ACIER_LONG
100
AcDbCircle
 10
4959.0
 20
9828.799538106236
 30
0.0
 40
5.0
  0
CIRCLE
  5
469
330
17
100
AcDbEntity
  8
ACIER_LONG
100
AcDbCircle
 10
4959.0
 20
9842.504849884526
 30
0.0
 40
5.0
  0
CIRCLE
  5
46A
330
17
100
AcDbEntity
  8
ACIER_LONG
100
AcDbCircle
 10
4959.0
 20
9856.210161662817
 30
0.0
 40
5.0
  0
CIRCLE
  5
46B
330
17
100
AcDbEntity
  8
ACIER_LONG
100
AcDbCircle
 10
4959.0
 20
9869.915473441108
 30
0.0
 40
5.0
  0
CIRCLE
  5
46C
330
17
100
AcDbEntity
  8
ACIER_LONG
100
AcDbCircle
 10
4959.0
 20
9883.6207852194
 30
0.0
 40
5.0
  0
CIRCLE
  5
46D
330
17
100
AcDbEntity
  8
ACIER_LONG
100
AcDbCircle
 10
4959.0
 20
9897.326096997691
 30
0.0
 40
5.0
  0
CIRCLE
  5
46E
330
17
100
AcDbEntity
  8
ACIER_LONG
100
AcDbCircle
 10
4959.0
 20
9911.031408775982
 30
0.0
 40
5.0
  0
CIRCLE
  5
46F
330
17
100
AcDbEntity
  8
ACIER_LONG
100
AcDbCircle
 10
4959.0
 20
9924.736720554272
 30
0.0
 40
5.0
  0
CIRCLE
  5
470
330
17
100
AcDbEntity
  8
ACIER_LONG
100
AcDbCircle
 10
4959.0
 20
9938.442032332563
 30
0.0
 40
5.0
  0
CIRCLE
  5
471
330
17
100
AcDbEntity
  8
ACIER_LONG
100
AcDbCircle
 10
4959.0
 20
9952.147344110854
 30
0.0
 40
5.0
  0
CIRCLE
  5
472
330
17
100
AcDbEntity
  8
ACIER_LONG
100
AcDbCircle
 10
4952.147344110854
 20
9959.0
 30
0.0
 40
5.0
  0
CIRCLE
  5
473
330
17
100
AcDbEntity
  8
ACIER_LONG
100
AcDbCircle
 10
4938.442032332563
 20
9959.0
 30
0.0
 40
5.0
  0
CIRCLE
  5
474
330
17
100
AcDbEntity
  8
ACIER_LONG
100
AcDbCircle
 10
4924.736720554272
 20
9959.0
 30
0.0
 40
5.0
  0
CIRCLE
  5
475
330
17
100
AcDbEntity
  8
ACIER_LONG
100
AcDbCircle
 10
4911.031408775982
 20
9959.0
 30
0.0
 40
5.0
  0
CIRCLE
  5
476
330
17
100
AcDbEntity
  8
ACIER_LONG
100
AcDbCircle
 10
4897.326096997691
 20
9959.0
 30
0.0
 40
5.0
  0
CIRCLE
  5
477
330
17
100
AcDbEntity
  8
ACIER_LONG
100
AcDbCircle
 10
4883.6207852194
 20
9959.0
 30
0.0
 40
5.0
  0
CIRCLE
  5
478
330
17
100
AcDbEntity
  8
ACIER_LONG
100
AcDbCircle
 10
4869.915473441108
 20
9959.0
 30
0.0
 40
5.0
  0
CIRCLE
  5
479
330
17
100
AcDbEntity
  8
ACIER_LONG
100
AcDbCircle
 10
4856.210161662817
 20
9959.0
 30
0.0
 40
5.0
  0
CIRCLE
  5
47A
330
17
100
AcDbEntity
  8
ACIER_LONG
100
AcDbCircle
 10
4842.504849884526
 20
9959.0
 30
0.0
 40
5.0
  0
CIRCLE
  5
47B
330
17
100
AcDbEntity
  8
ACIER_LONG
100
AcDbCircle
 10
4828.799538106236
 20
9959.0
 30
0.0
 40
5.0
  0
CIRCLE
  5
47C
330
17
100
AcDbEntity
  8
ACIER_LONG
100
AcDbCircle
 10
4815.094226327945
 20
9959.0
 30
0.0
 40
5.0
  0
CIRCLE
  5
47D
330
17
100
AcDbEntity
  8
ACIER_LONG
100
AcDbCircle
 10
4801.388914549654
 20
9959.0
 30
0.0
 40
5.0
  0
CIRCLE
  5
47E
330
17
100
AcDbEntity
  8
ACIER_LONG
100
AcDbCircle
 10
4787.683602771363
 20
9959.0
 30
0.0
 40
5.0
  0
CIRCLE
  5
47F
330
17
100
AcDbEntity
  8
ACIER_LONG
100
AcDbCircle
 10
4773.978290993071
 20
9959.0
 30
0.0
 40
5.0
  0
CIRCLE
  5
480
330
17
100
AcDbEntity
  8
ACIER_LONG
100
AcDbCircle
 10
4760.27297921478
 20
9959.0
 30
0.0
 40
5.0
  0
CIRCLE
  5
481
330
17
100
AcDbEntity
  8
ACIER_LONG
100
AcDbCircle
 10
4746.5676674364895
 20
9959.0
 30
0.0
 40
5.0
  0
CIRCLE
  5
482
330
17
100
AcDbEntity
  8
ACIER_LONG
100
AcDbCircle
 10
4732.862355658199
 20
9959.0
 30
0.0
 40
5.0
  0
CIRCLE
  5
483
330
17
100
AcDbEntity
  8
ACIER_LONG
100
AcDbCircle
 10
4719.157043879908
 20
9959.0
 30
0.0
 40
5.0
  0
CIRCLE
  5
484
330
17
100
AcDbEntity
  8
ACIER_LONG
100
AcDbCircle
 10
4705.451732101617
 20
9959.0
 30
0.0
 40
5.0
  0
CIRCLE
  5
485
330
17
100
AcDbEntity
  8
ACIER_LONG
100
AcDbCircle
 10
4691.746420323325
 20
9959.0
 30
0.0
 40
5.0
  0
CIRCLE
  5
486
330
17
100
AcDbEntity
  8
ACIER_LONG
100
AcDbCircle
 10
4678.041108545034
 20
9959.0
 30
0.0
 40
5.0
  0
CIRCLE
  5
487
330
17
100
AcDbEntity
  8
ACIER_LONG
100
AcDbCircle
 10
4664.335796766743
 20
9959.0
 30
0.0
 40
5.0
  0
CIRCLE
  5
488
330
17
100
AcDbEntity
  8
ACIER_LONG
100
AcDbCircle
 10
4650.630484988453
 20
9959.0
 30
0.0
 40
5.0
  0
CIRCLE
  5
489
330
17
100
AcDbEntity
  8
ACIER_LONG
100
AcDbCircle
 10
4636.925173210162
 20
9959.0
 30
0.0
 40
5.0
  0
CIRCLE
  5
48A
330
17
100
AcDbEntity
  8
ACIER_LONG
100
AcDbCircle
 10
4623.219861431871
 20
9959.0
 30
0.0
 40
5.0
  0
CIRCLE
  5
48B
330
17
100
AcDbEntity
  8
ACIER_LONG
100
AcDbCircle
 10
4609.514549653579
 20
9959.0
 30
0.0
 40
5.0
  0
CIRCLE
  5
48C
330
17
100
AcDbEntity
  8
ACIER_LONG
100
AcDbCircle
 10
4595.809237875288
 20
9959.0
 30
0.0
 40
5.0
  0
CIRCLE
  5
48D
330
17
100
AcDbEntity
  8
ACIER_LONG
100
AcDbCircle
 10
4582.103926096997
 20
9959.0
 30
0.0
 40
5.0
  0
CIRCLE
  5
48E
330
17
100
AcDbEntity
  8
ACIER_LONG
100
AcDbCircle
 10
4568.398614318707
 20
9959.0
 30
0.0
 40
5.0
  0
CIRCLE
  5
48F
330
17
100
AcDbEntity
  8
ACIER_LONG
100
AcDbCircle
 10
4554.693302540416
 20
9959.0
 30
0.0
 40
5.0
  0
CIRCLE
  5
490
330
17
100
AcDbEntity
  8
ACIER_LONG
100
AcDbCircle
 10
4540.987990762125
 20
9959.0
 30
0.0
 40
5.0
  0
CIRCLE
  5
491
330
17
100
AcDbEntity
  8
ACIER_LONG
100
AcDbCircle
 10
4527.282678983835
 20
9959.0
 30
0.0
 40
5.0
  0
CIRCLE
  5
492
330
17
100
AcDbEntity
  8
ACIER_LONG
100
AcDbCircle
 10
4513.577367205542
 20
9959.0
 30
0.0
 40
5.0
  0
CIRCLE
  5
493
330
17
100
AcDbEntity
  8
ACIER_LONG
100
AcDbCircle
 10
4499.872055427251
 20
9959.0
 30
0.0
 40
5.0
  0
CIRCLE
  5
494
330
17
100
AcDbEntity
  8
ACIER_LONG
100
AcDbCircle
 10
4486.166743648961
 20
9959.0
 30
0.0
 40
5.0
  0
CIRCLE
  5
495
330
17
100
AcDbEntity
  8
ACIER_LONG
100
AcDbCircle
 10
4472.46143187067
 20
9959.0
 30
0.0
 40
5.0
  0
CIRCLE
  5
496
330
17
100
AcDbEntity
  8
ACIER_LONG
100
AcDbCircle
 10
4458.756120092379
 20
9959.0
 30
0.0
 40
5.0
  0
CIRCLE
  5
497
330
17
100
AcDbEntity
  8
ACIER_LONG
100
AcDbCircle
 10
4445.0508083140885
 20
9959.0
 30
0.0
 40
5.0
  0
CIRCLE
  5
498
330
17
100
AcDbEntity
  8
ACIER_LONG
100
AcDbCircle
 10
4431.345496535796
 20
9959.0
 30
0.0
 40
5.0
  0
CIRCLE
  5
499
330
17
100
AcDbEntity
  8
ACIER_LONG
100
AcDbCircle
 10
4417.640184757505
 20
9959.0
 30
0.0
 40
5.0
  0
CIRCLE
  5
49A
330
17
100
AcDbEntity
  8
ACIER_LONG
100
AcDbCircle
 10
4403.934872979215
 20
9959.0
 30
0.0
 40
5.0
  0
CIRCLE
  5
49B
330
17
100
AcDbEntity
  8
ACIER_LONG
100
AcDbCircle
 10
4390.229561200924
 20
9959.0
 30
0.0
 40
5.0
  0
CIRCLE
  5
49C
330
17
100
AcDbEntity
  8
ACIER_LONG
100
AcDbCircle
 10
4376.524249422633
 20
9959.0
 30
0.0
 40
5.0
  0
CIRCLE
  5
49D
330
17
100
AcDbEntity
  8
ACIER_LONG
100
AcDbCircle
 10
4362.818937644342
 20
9959.0
 30
0.0
 40
5.0
  0
CIRCLE
  5
49E
330
17
100
AcDbEntity
  8
ACIER_LONG
100
AcDbCircle
 10
4349.11362586605
 20
9959.0
 30
0.0
 40
5.0
  0
CIRCLE
  5
49F
330
17
100
AcDbEntity
  8
ACIER_LONG
100
AcDbCircle
 10
4335.408314087759
 20
9959.0
 30
0.0
 40
5.0
  0
CIRCLE
  5
4A0
330
17
100
AcDbEntity
  8
ACIER_LONG
100
AcDbCircle
 10
4321.7030023094685
 20
9959.0
 30
0.0
 40
5.0
  0
CIRCLE
  5
4A1
330
17
100
AcDbEntity
  8
ACIER_LONG
100
AcDbCircle
 10
4307.997690531178
 20
9959.0
 30
0.0
 40
5.0
  0
CIRCLE
  5
4A2
330
17
100
AcDbEntity
  8
ACIER_LONG
100
AcDbCircle
 10
4294.292378752887
 20
9959.0
 30
0.0
 40
5.0
  0
CIRCLE
  5
4A3
330
17
100
AcDbEntity
  8
ACIER_LONG
100
AcDbCircle
 10
4280.587066974596
 20
9959.0
 30
0.0
 40
5.0
  0
CIRCLE
  5
4A4
330
17
100
AcDbEntity
  8
ACIER_LONG
100
AcDbCircle
 10
4266.881755196306
 20
9959.0
 30
0.0
 40
5.0
  0
CIRCLE
  5
4A5
330
17
100
AcDbEntity
  8
ACIER_LONG
100
AcDbCircle
 10
4253.176443418013
 20
9959.0
 30
0.0
 40
5.0
  0
CIRCLE
  5
4A6
330
17
100
AcDbEntity
  8
ACIER_LONG
100
AcDbCircle
 10
4239.471131639722
 20
9959.0
 30
0.0
 40
5.0
  0
CIRCLE
  5
4A7
330
17
100
AcDbEntity
  8
ACIER_LONG
100
AcDbCircle
 10
4225.765819861432
 20
9959.0
 30
0.0
 40
5.0
  0
CIRCLE
  5
4A8
330
17
100
AcDbEntity
  8
ACIER_LONG
100
AcDbCircle
 10
4212.060508083141
 20
9959.0
 30
0.0
 40
5.0
  0
CIRCLE
  5
4A9
330
17
100
AcDbEntity
  8
ACIER_LONG
100
AcDbCircle
 10
4198.35519630485
 20
9959.0
 30
0.0
 40
5.0
  0
CIRCLE
  5
4AA
330
17
100
AcDbEntity
  8
ACIER_LONG
100
AcDbCircle
 10
4184.64988452656
 20
9959.0
 30
0.0
 40
5.0
  0
CIRCLE
  5
4AB
330
17
100
AcDbEntity
  8
ACIER_LONG
100
AcDbCircle
 10
4170.944572748267
 20
9959.0
 30
0.0
 40
5.0
  0
CIRCLE
  5
4AC
330
17
100
AcDbEntity
  8
ACIER_LONG
100
AcDbCircle
 10
4157.239260969976
 20
9959.0
 30
0.0
 40
5.0
  0
CIRCLE
  5
4AD
330
17
100
AcDbEntity
  8
ACIER_LONG
100
AcDbCircle
 10
4143.533949191686
 20
9959.0
 30
0.0
 40
5.0
  0
CIRCLE
  5
4AE
330
17
100
AcDbEntity
  8
ACIER_LONG
100
AcDbCircle
 10
4129.828637413395
 20
9959.0
 30
0.0
 40
5.0
  0
CIRCLE
  5
4AF
330
17
100
AcDbEntity
  8
ACIER_LONG
100
AcDbCircle
 10
4116.123325635104
 20
9959.0
 30
0.0
 40
5.0
  0
CIRCLE
  5
4B0
330
17
100
AcDbEntity
  8
ACIER_LONG
100
AcDbCircle
 10
4102.418013856814
 20
9959.0
 30
0.0
 40
5.0
  0
CIRCLE
  5
4B1
330
17
100
AcDbEntity
  8
ACIER_LONG
100
AcDbCircle
 10
4088.712702078521
 20
9959.0
 30
0.0
 40
5.0
  0
CIRCLE
  5
4B2
330
17
100
AcDbEntity
  8
ACIER_LONG
100
AcDbCircle
 10
4075.0073903002303
 20
9959.0
 30
0.0
 40
5.0
  0
CIRCLE
  5
4B3
330
17
100
AcDbEntity
  8
ACIER_LONG
100
AcDbCircle
 10
4061.3020785219396
 20
9959.0
 30
0.0
 40
5.0
  0
CIRCLE
  5
4B4
330
17
100
AcDbEntity
  8
ACIER_LONG
100
AcDbCircle
 10
4047.596766743649
 20
9959.0
 30
0.0
 40
5.0
  0
CIRCLE
  5
4B5
330
17
100
AcDbEntity
  8
ACIER_LONG
100
AcDbCircle
 10
4033.891454965358
 20
9959.0
 30
0.0
 40
5.0
  0
CIRCLE
  5
4B6
330
17
100
AcDbEntity
  8
ACIER_LONG
100
AcDbCircle
 10
4020.1861431870675
 20
9959.0
 30
0.0
 40
5.0
  0
CIRCLE
  5
4B7
330
17
100
AcDbEntity
  8
ACIER_LONG
100
AcDbCircle
 10
4006.480831408777
 20
9959.0
 30
0.0
 40
5.0
  0
CIRCLE
  5
4B8
330
17
100
AcDbEntity
  8
ACIER_LONG
100
AcDbCircle
 10
3992.7755196304843
 20
9959.0
 30
0.0
 40
5.0
  0
CIRCLE
  5
4B9
330
17
100
AcDbEntity
  8
ACIER_LONG
100
AcDbCircle
 10
3979.0702078521936
 20
9959.0
 30
0.0
 40
5.0
  0
CIRCLE
  5
4BA
330
17
100
AcDbEntity
  8
ACIER_LONG
100
AcDbCircle
 10
3965.364896073903
 20
9959.0
 30
0.0
 40
5.0
  0
CIRCLE
  5
4BB
330
17
100
AcDbEntity
  8
ACIER_LONG
100
AcDbCircle
 10
3951.659584295612
 20
9959.0
 30
0.0
 40
5.0
  0
CIRCLE
  5
4BC
330
17
100
AcDbEntity
  8
ACIER_LONG
100
AcDbCircle
 10
3937.9542725173214
 20
9959.0
 30
0.0
 40
5.0
  0
CIRCLE
  5
4BD
330
17
100
AcDbEntity
  8
ACIER_LONG
100
AcDbCircle
 10
3924.2489607390307
 20
9959.0
 30
0.0
 40
5.0
  0
CIRCLE
  5
4BE
330
17
100
AcDbEntity
  8
ACIER_LONG
100
AcDbCircle
 10
3910.543648960738
 20
9959.0
 30
0.0
 40
5.0
  0
CIRCLE
  5
4BF
330
17
100
AcDbEntity
  8
ACIER_LONG
100
AcDbCircle
 10
3896.8383371824475
 20
9959.0
 30
0.0
 40
5.0
  0
CIRCLE
  5
4C0
330
17
100
AcDbEntity
  8
ACIER_LONG
100
AcDbCircle
 10
3883.133025404157
 20
9959.0
 30
0.0
 40
5.0
  0
CIRCLE
  5
4C1
330
17
100
AcDbEntity
  8
ACIER_LONG
100
AcDbCircle
 10
3869.427713625866
 20
9959.0
 30
0.0
 40
5.0
  0
CIRCLE
  5
4C2
330
17
100
AcDbEntity
  8
ACIER_LONG
100
AcDbCircle
 10
3855.7224018475754
 20
9959.0
 30
0.0
 40
5.0
  0
CIRCLE
  5
4C3
330
17
100
AcDbEntity
  8
ACIER_LONG
100
AcDbCircle
 10
3842.0170900692847
 20
9959.0
 30
0.0
 40
5.0
  0
CIRCLE
  5
4C4
330
17
100
AcDbEntity
  8
ACIER_LONG
100
AcDbCircle
 10
3828.311778290994
 20
9959.0
 30
0.0
 40
5.0
  0
CIRCLE
  5
4C5
330
17
100
AcDbEntity
  8
ACIER_LONG
100
AcDbCircle
 10
3814.6064665127014
 20
9959.0
 30
0.0
 40
5.0
  0
CIRCLE
  5
4C6
330
17
100
AcDbEntity
  8
ACIER_LONG
100
AcDbCircle
 10
3800.9011547344107
 20
9959.0
 30
0.0
 40
5.0
  0
CIRCLE
  5
4C7
330
17
100
AcDbEntity
  8
ACIER_LONG
100
AcDbCircle
 10
3787.19584295612
 20
9959.0
 30
0.0
 40
5.0
  0
CIRCLE
  5
4C8
330
17
100
AcDbEntity
  8
ACIER_LONG
100
AcDbCircle
 10
3773.4905311778293
 20
9959.0
 30
0.0
 40
5.0
  0
CIRCLE
  5
4C9
330
17
100
AcDbEntity
  8
ACIER_LONG
100
AcDbCircle
 10
3759.7852193995386
 20
9959.0
 30
0.0
 40
5.0
  0
CIRCLE
  5
4CA
330
17
100
AcDbEntity
  8
ACIER_LONG
100
AcDbCircle
 10
3746.079907621248
 20
9959.0
 30
0.0
 40
5.0
  0
CIRCLE
  5
4CB
330
17
100
AcDbEntity
  8
ACIER_LONG
100
AcDbCircle
 10
3732.3745958429554
 20
9959.0
 30
0.0
 40
5.0
  0
CIRCLE
  5
4CC
330
17
100
AcDbEntity
  8
ACIER_LONG
100
AcDbCircle
 10
3718.6692840646647
 20
9959.0
 30
0.0
 40
5.0
  0
CIRCLE
  5
4CD
330
17
100
AcDbEntity
  8
ACIER_LONG
100
AcDbCircle
 10
3704.963972286374
 20
9959.0
 30
0.0
 40
5.0
  0
CIRCLE
  5
4CE
330
17
100
AcDbEntity
  8
ACIER_LONG
100
AcDbCircle
 10
3691.2586605080833
 20
9959.0
 30
0.0
 40
5.0
  0
CIRCLE
  5
4CF
330
17
100
AcDbEntity
  8
ACIER_LONG
100
AcDbCircle
 10
3677.5533487297926
 20
9959.0
 30
0.0
 40
5.0
  0
CIRCLE
  5
4D0
330
17
100
AcDbEntity
  8
ACIER_LONG
100
AcDbCircle
 10
3663.848036951502
 20
9959.0
 30
0.0
 40
5.0
  0
CIRCLE
  5
4D1
330
17
100
AcDbEntity
  8
ACIER_LONG
100
AcDbCircle
 10
3650.1427251732093
 20
9959.0
 30
0.0
 40
5.0
  0
CIRCLE
  5
4D2
330
17
100
AcDbEntity
  8
ACIER_LONG
100
AcDbCircle
 10
3636.4374133949186
 20
9959.0
 30
0.0
 40
5.0
  0
CIRCLE
  5
4D3
330
17
100
AcDbEntity
  8
ACIER_LONG
100
AcDbCircle
 10
3622.732101616628
 20
9959.0
 30
0.0
 40
5.0
  0
CIRCLE
  5
4D4
330
17
100
AcDbEntity
  8
ACIER_LONG
100
AcDbCircle
 10
3609.026789838337
 20
9959.0
 30
0.0
 40
5.0
  0
CIRCLE
  5
4D5
330
17
100
AcDbEntity
  8
ACIER_LONG
100
AcDbCircle
 10
3595.3214780600465
 20
9959.0
 30
0.0
 40
5.0
  0
CIRCLE
  5
4D6
330
17
100
AcDbEntity
  8
ACIER_LONG
100
AcDbCircle
 10
3581.616166281756
 20
9959.0
 30
0.0
 40
5.0
  0
CIRCLE
  5
4D7
330
17
100
AcDbEntity
  8
ACIER_LONG
100
AcDbCircle
 10
3567.910854503465
 20
9959.0
 30
0.0
 40
5.0
  0
CIRCLE
  5
4D8
330
17
100
AcDbEntity
  8
ACIER_LONG
100
AcDbCircle
 10
3554.2055427251726
 20
9959.0
 30
0.0
 40
5.0
  0
CIRCLE
  5
4D9
330
17
100
AcDbEntity
  8
ACIER_LONG
100
AcDbCircle
 10
3540.500230946882
 20
9959.0
 30
0.0
 40
5.0
  0
CIRCLE
  5
4DA
330
17
100
AcDbEntity
  8
ACIER_LONG
100
AcDbCircle
 10
3526.794919168591
 20
9959.0
 30
0.0
 40
5.0
  0
CIRCLE
  5
4DB
330
17
100
AcDbEntity
  8
ACIER_LONG
100
AcDbCircle
 10
3513.0896073903004
 20
9959.0
 30
0.0
 40
5.0
  0
CIRCLE
  5
4DC
330
17
100
AcDbEntity
  8
ACIER_LONG
100
AcDbCircle
 10
3499.3842956120097
 20
9959.0
 30
0.0
 40
5.0
  0
CIRCLE
  5
4DD
330
17
100
AcDbEntity
  8
ACIER_LONG
100
AcDbCircle
 10
3485.678983833719
 20
9959.0
 30
0.0
 40
5.0
  0
CIRCLE
  5
4DE
330
17
100
AcDbEntity
  8
ACIER_LONG
100
AcDbCircle
 10
3471.9736720554265
 20
9959.0
 30
0.0
 40
5.0
  0
CIRCLE
  5
4DF
330
17
100
AcDbEntity
  8
ACIER_LONG
100
AcDbCircle
 10
3458.268360277136
 20
9959.0
 30
0.0
 40
5.0
  0
CIRCLE
  5
4E0
330
17
100
AcDbEntity
  8
ACIER_LONG
100
AcDbCircle
 10
3444.563048498845
 20
9959.0
 30
0.0
 40
5.0
  0
CIRCLE
  5
4E1
330
17
100
AcDbEntity
  8
ACIER_LONG
100
AcDbCircle
 10
3430.8577367205544
 20
9959.0
 30
0.0
 40
5.0
  0
CIRCLE
  5
4E2
330
17
100
AcDbEntity
  8
ACIER_LONG
100
AcDbCircle
 10
3417.1524249422637
 20
9959.0
 30
0.0
 40
5.0
  0
CIRCLE
  5
4E3
330
17
100
AcDbEntity
  8
ACIER_LONG
100
AcDbCircle
 10
3403.447113163973
 20
9959.0
 30
0.0
 40
5.0
  0
CIRCLE
  5
4E4
330
17
100
AcDbEntity
  8
ACIER_LONG
100
AcDbCircle
 10
3389.7418013856804
 20
9959.0
 30
0.0
 40
5.0
  0
CIRCLE
  5
4E5
330
17
100
AcDbEntity
  8
ACIER_LONG
100
AcDbCircle
 10
3376.0364896073916
 20
9959.0
 30
0.0
 40
5.0
  0
CIRCLE
  5
4E6
330
17
100
AcDbEntity
  8
ACIER_LONG
100
AcDbCircle
 10
3362.331177829099
 20
9959.0
 30
0.0
 40
5.0
  0
CIRCLE
  5
4E7
330
17
100
AcDbEntity
  8
ACIER_LONG
100
AcDbCircle
 10
3348.6258660508065
 20
9959.0
 30
0.0
 40
5.0
  0
CIRCLE
  5
4E8
330
17
100
AcDbEntity
  8
ACIER_LONG
100
AcDbCircle
 10
3334.9205542725176
 20
9959.0
 30
0.0
 40
5.0
  0
CIRCLE
  5
4E9
330
17
100
AcDbEntity
  8
ACIER_LONG
100
AcDbCircle
 10
3321.215242494225
 20
9959.0
 30
0.0
 40
5.0
  0
CIRCLE
  5
4EA
330
17
100
AcDbEntity
  8
ACIER_LONG
100
AcDbCircle
 10
3307.509930715936
 20
9959.0
 30
0.0
 40
5.0
  0
CIRCLE
  5
4EB
330
17
100
AcDbEntity
  8
ACIER_LONG
100
AcDbCircle
 10
3293.8046189376437
 20
9959.0
 30
0.0
 40
5.0
  0
CIRCLE
  5
4EC
330
17
100
AcDbEntity
  8
ACIER_LONG
100
AcDbCircle
 10
3280.099307159355
 20
9959.0
 30
0.0
 40
5.0
  0
CIRCLE
  5
4ED
330
17
100
AcDbEntity
  8
ACIER_LONG
100
AcDbCircle
 10
3266.3939953810623
 20
9959.0
 30
0.0
 40
5.0
  0
CIRCLE
  5
4EE
330
17
100
AcDbEntity
  8
ACIER_LONG
100
AcDbCircle
 10
3252.6886836027697
 20
9959.0
 30
0.0
 40
5.0
  0
CIRCLE
  5
4EF
330
17
100
AcDbEntity
  8
ACIER_LONG
100
AcDbCircle
 10
3238.983371824481
 20
9959.0
 30
0.0
 40
5.0
  0
CIRCLE
  5
4F0
330
17
100
AcDbEntity
  8
ACIER_LONG
100
AcDbCircle
 10
3225.2780600461883
 20
9959.0
 30
0.0
 40
5.0
  0
CIRCLE
  5
4F1
330
17
100
AcDbEntity
  8
ACIER_LONG
100
AcDbCircle
 10
3211.5727482678994
 20
9959.0
 30
0.0
 40
5.0
  0
CIRCLE
  5
4F2
330
17
100
AcDbEntity
  8
ACIER_LONG
100
AcDbCircle
 10
3197.867436489607
 20
9959.0
 30
0.0
 40
5.0
  0
CIRCLE
  5
4F3
330
17
100
AcDbEntity
  8
ACIER_LONG
100
AcDbCircle
 10
3184.162124711318
 20
9959.0
 30
0.0
 40
5.0
  0
CIRCLE
  5
4F4
330
17
100
AcDbEntity
  8
ACIER_LONG
100
AcDbCircle
 10
3170.4568129330255
 20
9959.0
 30
0.0
 40
5.0
  0
CIRCLE
  5
4F5
330
17
100
AcDbEntity
  8
ACIER_LONG
100
AcDbCircle
 10
3156.751501154733
 20
9959.0
 30
0.0
 40
5.0
  0
CIRCLE
  5
4F6
330
17
100
AcDbEntity
  8
ACIER_LONG
100
AcDbCircle
 10
3143.046189376444
 20
9959.0
 30
0.0
 40
5.0
  0
CIRCLE
  5
4F7
330
17
100
AcDbEntity
  8
ACIER_LONG
100
AcDbCircle
 10
3129.3408775981516
 20
9959.0
 30
0.0
 40
5.0
  0
CIRCLE
  5
4F8
330
17
100
AcDbEntity
  8
ACIER_LONG
100
AcDbCircle
 10
3115.6355658198627
 20
9959.0
 30
0.0
 40
5.0
  0
CIRCLE
  5
4F9
330
17
100
AcDbEntity
  8
ACIER_LONG
100
AcDbCircle
 10
3101.93025404157
 20
9959.0
 30
0.0
 40
5.0
  0
CIRCLE
  5
4FA
330
17
100
AcDbEntity
  8
ACIER_LONG
100
AcDbCircle
 10
3088.2249422632813
 20
9959.0
 30
0.0
 40
5.0
  0
CIRCLE
  5
4FB
330
17
100
AcDbEntity
  8
ACIER_LONG
100
AcDbCircle
 10
3074.5196304849887
 20
9959.0
 30
0.0
 40
5.0
  0
CIRCLE
  5
4FC
330
17
100
AcDbEntity
  8
ACIER_LONG
100
AcDbCircle
 10
3060.814318706696
 20
9959.0
 30
0.0
 40
5.0
  0
CIRCLE
  5
4FD
330
17
100
AcDbEntity
  8
ACIER_LONG
100
AcDbCircle
 10
3047.1090069284073
 20
9959.0
 30
0.0
 40
5.0
  0
CIRCLE
  5
4FE
330
17
100
AcDbEntity
  8
ACIER_LONG
100
AcDbCircle
 10
3033.403695150115
 20
9959.0
 30
0.0
 40
5.0
  0
CIRCLE
  5
4FF
330
17
100
AcDbEntity
  8
ACIER_LONG
100
AcDbCircle
 10
3019.698383371826
 20
9959.0
 30
0.0
 40
5.0
  0
CIRCLE
  5
500
330
17
100
AcDbEntity
  8
ACIER_LONG
100
AcDbCircle
 10
3005.9930715935334
 20
9959.0
 30
0.0
 40
5.0
  0
CIRCLE
  5
501
330
17
100
AcDbEntity
  8
ACIER_LONG
100
AcDbCircle
 10
2992.287759815241
 20
9959.0
 30
0.0
 40
5.0
  0
CIRCLE
  5
502
330
17
100
AcDbEntity
  8
ACIER_LONG
100
AcDbCircle
 10
2978.582448036952
 20
9959.0
 30
0.0
 40
5.0
  0
CIRCLE
  5
503
330
17
100
AcDbEntity
  8
ACIER_LONG
100
AcDbCircle
 10
2964.8771362586594
 20
9959.0
 30
0.0
 40
5.0
  0
CIRCLE
  5
504
330
17
100
AcDbEntity
  8
ACIER_LONG
100
AcDbCircle
 10
2951.1718244803706
 20
9959.0
 30
0.0
 40
5.0
  0
CIRCLE
  5
505
330
17
100
AcDbEntity
  8
ACIER_LONG
100
AcDbCircle
 10
2937.466512702078
 20
9959.0
 30
0.0
 40
5.0
  0
CIRCLE
  5
506
330
17
100
AcDbEntity
  8
ACIER_LONG
100
AcDbCircle
 10
2923.761200923789
 20
9959.0
 30
0.0
 40
5.0
  0
CIRCLE
  5
507
330
17
100
AcDbEntity
  8
ACIER_LONG
100
AcDbCircle
 10
2910.0558891454966
 20
9959.0
 30
0.0
 40
5.0
  0
CIRCLE
  5
508
330
17
100
AcDbEntity
  8
ACIER_LONG
100
AcDbCircle
 10
2896.350577367204
 20
9959.0
 30
0.0
 40
5.0
  0
CIRCLE
  5
509
330
17
100
AcDbEntity
  8
ACIER_LONG
100
AcDbCircle
 10
2882.645265588915
 20
9959.0
 30
0.0
 40
5.0
  0
CIRCLE
  5
50A
330
17
100
AcDbEntity
  8
ACIER_LONG
100
AcDbCircle
 10
2868.9399538106227
 20
9959.0
 30
0.0
 40
5.0
  0
CIRCLE
  5
50B
330
17
100
AcDbEntity
  8
ACIER_LONG
100
AcDbCircle
 10
2855.234642032334
 20
9959.0
 30
0.0
 40
5.0
  0
CIRCLE
  5
50C
330
17
100
AcDbEntity
  8
ACIER_LONG
100
AcDbCircle
 10
2841.5293302540413
 20
9959.0
 30
0.0
 40
5.0
  0
CIRCLE
  5
50D
330
17
100
AcDbEntity
  8
ACIER_LONG
100
AcDbCircle
 10
2827.8240184757524
 20
9959.0
 30
0.0
 40
5.0
  0
CIRCLE
  5
50E
330
17
100
AcDbEntity
  8
ACIER_LONG
100
AcDbCircle
 10
2814.11870669746
 20
9959.0
 30
0.0
 40
5.0
  0
CIRCLE
  5
50F
330
17
100
AcDbEntity
  8
ACIER_LONG
100
AcDbCircle
 10
2800.4133949191673
 20
9959.0
 30
0.0
 40
5.0
  0
CIRCLE
  5
510
330
17
100
AcDbEntity
  8
ACIER_LONG
100
AcDbCircle
 10
2786.7080831408784
 20
9959.0
 30
0.0
 40
5.0
  0
CIRCLE
  5
511
330
17
100
AcDbEntity
  8
ACIER_LONG
100
AcDbCircle
 10
2773.002771362586
 20
9959.0
 30
0.0
 40
5.0
  0
CIRCLE
  5
512
330
17
100
AcDbEntity
  8
ACIER_LONG
100
AcDbCircle
 10
2759.297459584297
 20
9959.0
 30
0.0
 40
5.0
  0
CIRCLE
  5
513
330
17
100
AcDbEntity
  8
ACIER_LONG
100
AcDbCircle
 10
2745.5921478060045
 20
9959.0
 30
0.0
 40
5.0
  0
CIRCLE
  5
514
330
17
100
AcDbEntity
  8
ACIER_LONG
100
AcDbCircle
 10
2731.886836027712
 20
9959.0
 30
0.0
 40
5.0
  0
CIRCLE
  5
515
330
17
100
AcDbEntity
  8
ACIER_LONG
100
AcDbCircle
 10
2718.181524249423
 20
9959.0
 30
0.0
 40
5.0
  0
CIRCLE
  5
516
330
17
100
AcDbEntity
  8
ACIER_LONG
100
AcDbCircle
 10
2704.4762124711306
 20
9959.0
 30
0.0
 40
5.0
  0
CIRCLE
  5
517
330
17
100
AcDbEntity
  8
ACIER_LONG
100
AcDbCircle
 10
2690.7709006928417
 20
9959.0
 30
0.0
 40
5.0
  0
CIRCLE
  5
518
330
17
100
AcDbEntity
  8
ACIER_LONG
100
AcDbCircle
 10
2677.065588914549
 20
9959.0
 30
0.0
 40
5.0
  0
CIRCLE
  5
519
330
17
100
AcDbEntity
  8
ACIER_LONG
100
AcDbCircle
 10
2663.3602771362603
 20
9959.0
 30
0.0
 40
5.0
  0
CIRCLE
  5
51A
330
17
100
AcDbEntity
  8
ACIER_LONG
100
AcDbCircle
 10
2649.6549653579677
 20
9959.0
 30
0.0
 40
5.0
  0
CIRCLE
  5
51B
330
17
100
AcDbEntity
  8
ACIER_LONG
100
AcDbCircle
 10
2635.949653579675
 20
9959.0
 30
0.0
 40
5.0
  0
CIRCLE
  5
51C
330
17
100
AcDbEntity
  8
ACIER_LONG
100
AcDbCircle
 10
2622.2443418013863
 20
9959.0
 30
0.0
 40
5.0
  0
CIRCLE
  5
51D
330
17
100
AcDbEntity
  8
ACIER_LONG
100
AcDbCircle
 10
2608.539030023094
 20
9959.0
 30
0.0
 40
5.0
  0
CIRCLE
  5
51E
330
17
100
AcDbEntity
  8
ACIER_LONG
100
AcDbCircle
 10
2594.833718244805
 20
9959.0
 30
0.0
 40
5.0
  0
CIRCLE
  5
51F
330
17
100
AcDbEntity
  8
ACIER_LONG
100
AcDbCircle
 10
2581.1284064665124
 20
9959.0
 30
0.0
 40
5.0
  0
CIRCLE
  5
520
330
17
100
AcDbEntity
  8
ACIER_LONG
100
AcDbCircle
 10
2567.4230946882235
 20
9959.0
 30
0.0
 40
5.0
  0
CIRCLE
  5
521
330
17
100
AcDbEntity
  8
ACIER_LONG
100
AcDbCircle
 10
2553.717782909931
 20
9959.0
 30
0.0
 40
5.0
  0
CIRCLE
  5
522
330
17
100
AcDbEntity
  8
ACIER_LONG
100
AcDbCircle
 10
2540.0124711316384
 20
9959.0
 30
0.0
 40
5.0
  0
CIRCLE
  5
523
330
17
100
AcDbEntity
  8
ACIER_LONG
100
AcDbCircle
 10
2526.3071593533496
 20
9959.0
 30
0.0
 40
5.0
  0
CIRCLE
  5
524
330
17
100
AcDbEntity
  8
ACIER_LONG
100
AcDbCircle
 10
2512.601847575057
 20
9959.0
 30
0.0
 40
5.0
  0
CIRCLE
  5
525
330
17
100
AcDbEntity
  8
ACIER_LONG
100
AcDbCircle
 10
2498.896535796768
 20
9959.0
 30
0.0
 40
5.0
  0
CIRCLE
  5
526
330
17
100
AcDbEntity
  8
ACIER_LONG
100
AcDbCircle
 10
2485.1912240184756
 20
9959.0
 30
0.0
 40
5.0
  0
CIRCLE
  5
527
330
17
100
AcDbEntity
  8
ACIER_LONG
100
AcDbCircle
 10
2471.485912240183
 20
9959.0
 30
0.0
 40
5.0
  0
CIRCLE
  5
528
330
17
100
AcDbEntity
  8
ACIER_LONG
100
AcDbCircle
 10
2457.780600461894
 20
9959.0
 30
0.0
 40
5.0
  0
CIRCLE
  5
529
330
17
100
AcDbEntity
  8
ACIER_LONG
100
AcDbCircle
 10
2444.0752886836017
 20
9959.0
 30
0.0
 40
5.0
  0
CIRCLE
  5
52A
330
17
100
AcDbEntity
  8
ACIER_LONG
100
AcDbCircle
 10
2430.369976905313
 20
9959.0
 30
0.0
 40
5.0
  0
CIRCLE
  5
52B
330
17
100
AcDbEntity
  8
ACIER_LONG
100
AcDbCircle
 10
2416.6646651270203
 20
9959.0
 30
0.0
 40
5.0
  0
CIRCLE
  5
52C
330
17
100
AcDbEntity
  8
ACIER_LONG
100
AcDbCircle
 10
2402.9593533487314
 20
9959.0
 30
0.0
 40
5.0
  0
CIRCLE
  5
52D
330
17
100
AcDbEntity
  8
ACIER_LONG
100
AcDbCircle
 10
2389.254041570439
 20
9959.0
 30
0.0
 40
5.0
  0
CIRCLE
  5
52E
330
17
100
AcDbEntity
  8
ACIER_LONG
100
AcDbCircle
 10
2375.5487297921463
 20
9959.0
 30
0.0
 40
5.0
  0
CIRCLE
  5
52F
330
17
100
AcDbEntity
  8
ACIER_LONG
100
AcDbCircle
 10
2361.8434180138574
 20
9959.0
 30
0.0
 40
5.0
  0
CIRCLE
  5
530
330
17
100
AcDbEntity
  8
ACIER_LONG
100
AcDbCircle
 10
2348.138106235565
 20
9959.0
 30
0.0
 40
5.0
  0
CIRCLE
  5
531
330
17
100
AcDbEntity
  8
ACIER_LONG
100
AcDbCircle
 10
2334.432794457276
 20
9959.0
 30
0.0
 40
5.0
  0
CIRCLE
  5
532
330
17
100
AcDbEntity
  8
ACIER_LONG
100
AcDbCircle
 10
2320.7274826789835
 20
9959.0
 30
0.0
 40
5.0
  0
CIRCLE
  5
533
330
17
100
AcDbEntity
  8
ACIER_LONG
100
AcDbCircle
 10
2307.0221709006946
 20
9959.0
 30
0.0
 40
5.0
  0
CIRCLE
  5
534
330
17
100
AcDbEntity
  8
ACIER_LONG
100
AcDbCircle
 10
2293.316859122402
 20
9959.0
 30
0.0
 40
5.0
  0
CIRCLE
  5
535
330
17
100
AcDbEntity
  8
ACIER_LONG
100
AcDbCircle
 10
2279.6115473441096
 20
9959.0
 30
0.0
 40
5.0
  0
CIRCLE
  5
536
330
17
100
AcDbEntity
  8
ACIER_LONG
100
AcDbCircle
 10
2265.9062355658207
 20
9959.0
 30
0.0
 40
5.0
  0
CIRCLE
  5
537
330
17
100
AcDbEntity
  8
ACIER_LONG
100
AcDbCircle
 10
2252.200923787528
 20
9959.0
 30
0.0
 40
5.0
  0
CIRCLE
  5
538
330
17
100
AcDbEntity
  8
ACIER_LONG
100
AcDbCircle
 10
2238.4956120092393
 20
9959.0
 30
0.0
 40
5.0
  0
CIRCLE
  5
539
330
17
100
AcDbEntity
  8
ACIER_LONG
100
AcDbCircle
 10
2224.7903002309467
 20
9959.0
 30
0.0
 40
5.0
  0
CIRCLE
  5
53A
330
17
100
AcDbEntity
  8
ACIER_LONG
100
AcDbCircle
 10
2211.084988452654
 20
9959.0
 30
0.0
 40
5.0
  0
CIRCLE
  5
53B
330
17
100
AcDbEntity
  8
ACIER_LONG
100
AcDbCircle
 10
2197.3796766743653
 20
9959.0
 30
0.0
 40
5.0
  0
CIRCLE
  5
53C
330
17
100
AcDbEntity
  8
ACIER_LONG
100
AcDbCircle
 10
2183.674364896073
 20
9959.0
 30
0.0
 40
5.0
  0
CIRCLE
  5
53D
330
17
100
AcDbEntity
  8
ACIER_LONG
100
AcDbCircle
 10
2169.969053117784
 20
9959.0
 30
0.0
 40
5.0
  0
CIRCLE
  5
53E
330
17
100
AcDbEntity
  8
ACIER_LONG
100
AcDbCircle
 10
2156.2637413394914
 20
9959.0
 30
0.0
 40
5.0
  0
CIRCLE
  5
53F
330
17
100
AcDbEntity
  8
ACIER_LONG
100
AcDbCircle
 10
2142.5584295612025
 20
9959.0
 30
0.0
 40
5.0
  0
CIRCLE
  5
540
330
17
100
AcDbEntity
  8
ACIER_LONG
100
AcDbCircle
 10
2128.85311778291
 20
9959.0
 30
0.0
 40
5.0
  0
CIRCLE
  5
541
330
17
100
AcDbEntity
  8
ACIER_LONG
100
AcDbCircle
 10
2115.1478060046175
 20
9959.0
 30
0.0
 40
5.0
  0
CIRCLE
  5
542
330
17
100
AcDbEntity
  8
ACIER_LONG
100
AcDbCircle
 10
2101.4424942263286
 20
9959.0
 30
0.0
 40
5.0
  0
CIRCLE
  5
543
330
17
100
AcDbEntity
  8
ACIER_LONG
100
AcDbCircle
 10
2087.737182448036
 20
9959.0
 30
0.0
 40
5.0
  0
CIRCLE
  5
544
330
17
100
AcDbEntity
  8
ACIER_LONG
100
AcDbCircle
 10
2074.031870669747
 20
9959.0
 30
0.0
 40
5.0
  0
CIRCLE
  5
545
330
17
100
AcDbEntity
  8
ACIER_LONG
100
AcDbCircle
 10
2060.3265588914546
 20
9959.0
 30
0.0
 40
5.0
  0
CIRCLE
  5
546
330
17
100
AcDbEntity
  8
ACIER_LONG
100
AcDbCircle
 10
2046.6212471131657
 20
9959.0
 30
0.0
 40
5.0
  0
CIRCLE
  5
547
330
17
100
AcDbEntity
  8
ACIER_LONG
100
AcDbCircle
 10
2032.9159353348732
 20
9959.0
 30
0.0
 40
5.0
  0
CIRCLE
  5
548
330
17
100
AcDbEntity
  8
ACIER_LONG
100
AcDbCircle
 10
2019.2106235565807
 20
9959.0
 30
0.0
 40
5.0
  0
CIRCLE
  5
549
330
17
100
AcDbEntity
  8
ACIER_LONG
100
AcDbCircle
 10
2005.5053117782918
 20
9959.0
 30
0.0
 40
5.0
  0
CIRCLE
  5
54A
330
17
100
AcDbEntity
  8
ACIER_LONG
100
AcDbCircle
 10
1991.7999999999993
 20
9959.0
 30
0.0
 40
5.0
  0
CIRCLE
  5
54B
330
17
100
AcDbEntity
  8
ACIER_LONG
100
AcDbCircle
 10
1978.0946882217104
 20
9959.0
 30
0.0
 40
5.0
  0
CIRCLE
  5
54C
330
17
100
AcDbEntity
  8
ACIER_LONG
100
AcDbCircle
 10
1964.3893764434179
 20
9959.0
 30
0.0
 40
5.0
  0
CIRCLE
  5
54D
330
17
100
AcDbEntity
  8
ACIER_LONG
100
AcDbCircle
 10
1950.6840646651253
 20
9959.0
 30
0.0
 40
5.0
  0
CIRCLE
  5
54E
330
17
100
AcDbEntity
  8
ACIER_LONG
100
AcDbCircle
 10
1936.9787528868364
 20
9959.0
 30
0.0
 40
5.0
  0
CIRCLE
  5
54F
330
17
100
AcDbEntity
  8
ACIER_LONG
100
AcDbCircle
 10
1923.273441108544
 20
9959.0
 30
0.0
 40
5.0
  0
CIRCLE
  5
550
330
17
100
AcDbEntity
  8
ACIER_LONG
100
AcDbCircle
 10
1909.568129330255
 20
9959.0
 30
0.0
 40
5.0
  0
CIRCLE
  5
551
330
17
100
AcDbEntity
  8
ACIER_LONG
100
AcDbCircle
 10
1895.8628175519625
 20
9959.0
 30
0.0
 40
5.0
  0
CIRCLE
  5
552
330
17
100
AcDbEntity
  8
ACIER_LONG
100
AcDbCircle
 10
1882.1575057736736
 20
9959.0
 30
0.0
 40
5.0
  0
CIRCLE
  5
553
330
17
100
AcDbEntity
  8
ACIER_LONG
100
AcDbCircle
 10
1868.452193995381
 20
9959.0
 30
0.0
 40
5.0
  0
CIRCLE
  5
554
330
17
100
AcDbEntity
  8
ACIER_LONG
100
AcDbCircle
 10
1854.7468822170886
 20
9959.0
 30
0.0
 40
5.0
  0
CIRCLE
  5
555
330
17
100
AcDbEntity
  8
ACIER_LONG
100
AcDbCircle
 10
1841.0415704387997
 20
9959.0
 30
0.0
 40
5.0
  0
CIRCLE
  5
556
330
17
100
AcDbEntity
  8
ACIER_LONG
100
AcDbCircle
 10
1827.3362586605072
 20
9959.0
 30
0.0
 40
5.0
  0
CIRCLE
  5
557
330
17
100
AcDbEntity
  8
ACIER_LONG
100
AcDbCircle
 10
1813.6309468822183
 20
9959.0
 30
0.0
 40
5.0
  0
CIRCLE
  5
558
330
17
100
AcDbEntity
  8
ACIER_LONG
100
AcDbCircle
 10
1799.9256351039257
 20
9959.0
 30
0.0
 40
5.0
  0
CIRCLE
  5
559
330
17
100
AcDbEntity
  8
ACIER_LONG
100
AcDbCircle
 10
1786.2203233256369
 20
9959.0
 30
0.0
 40
5.0
  0
CIRCLE
  5
55A
330
17
100
AcDbEntity
  8
ACIER_LONG
100
AcDbCircle
 10
1772.5150115473443
 20
9959.0
 30
0.0
 40
5.0
  0
CIRCLE
  5
55B
330
17
100
AcDbEntity
  8
ACIER_LONG
100
AcDbCircle
 10
1758.8096997690518
 20
9959.0
 30
0.0
 40
5.0
  0
CIRCLE
  5
55C
330
17
100
AcDbEntity
  8
ACIER_LONG
100
AcDbCircle
 10
1745.104387990763
 20
9959.0
 30
0.0
 40
5.0
  0
CIRCLE
  5
55D
330
17
100
AcDbEntity
  8
ACIER_LONG
100
AcDbCircle
 10
1731.3990762124704
 20
9959.0
 30
0.0
 40
5.0
  0
CIRCLE
  5
55E
330
17
100
AcDbEntity
  8
ACIER_LONG
100
AcDbCircle
 10
1717.6937644341815
 20
9959.0
 30
0.0
 40
5.0
  0
CIRCLE
  5
55F
330
17
100
AcDbEntity
  8
ACIER_LONG
100
AcDbCircle
 10
1703.988452655889
 20
9959.0
 30
0.0
 40
5.0
  0
CIRCLE
  5
560
330
17
100
AcDbEntity
  8
ACIER_LONG
100
AcDbCircle
 10
1690.2831408775965
 20
9959.0
 30
0.0
 40
5.0
  0
CIRCLE
  5
561
330
17
100
AcDbEntity
  8
ACIER_LONG
100
AcDbCircle
 10
1676.5778290993076
 20
9959.0
 30
0.0
 40
5.0
  0
CIRCLE
  5
562
330
17
100
AcDbEntity
  8
ACIER_LONG
100
AcDbCircle
 10
1662.872517321015
 20
9959.0
 30
0.0
 40
5.0
  0
CIRCLE
  5
563
330
17
100
AcDbEntity
  8
ACIER_LONG
100
AcDbCircle
 10
1649.1672055427262
 20
9959.0
 30
0.0
 40
5.0
  0
CIRCLE
  5
564
330
17
100
AcDbEntity
  8
ACIER_LONG
100
AcDbCircle
 10
1635.4618937644336
 20
9959.0
 30
0.0
 40
5.0
  0
CIRCLE
  5
565
330
17
100
AcDbEntity
  8
ACIER_LONG
100
AcDbCircle
 10
1621.7565819861447
 20
9959.0
 30
0.0
 40
5.0
  0
CIRCLE
  5
566
330
17
100
AcDbEntity
  8
ACIER_LONG
100
AcDbCircle
 10
1608.0512702078522
 20
9959.0
 30
0.0
 40
5.0
  0
CIRCLE
  5
567
330
17
100
AcDbEntity
  8
ACIER_LONG
100
AcDbCircle
 10
1594.3459584295597
 20
9959.0
 30
0.0
 40
5.0
  0
CIRCLE
  5
568
330
17
100
AcDbEntity
  8
ACIER_LONG
100
AcDbCircle
 10
1580.6406466512708
 20
9959.0
 30
0.0
 40
5.0
  0
CIRCLE
  5
569
330
17
100
AcDbEntity
  8
ACIER_LONG
100
AcDbCircle
 10
1566.9353348729783
 20
9959.0
 30
0.0
 40
5.0
  0
CIRCLE
  5
56A
330
17
100
AcDbEntity
  8
ACIER_LONG
100
AcDbCircle
 10
1553.2300230946894
 20
9959.0
 30
0.0
 40
5.0
  0
CIRCLE
  5
56B
330
17
100
AcDbEntity
  8
ACIER_LONG
100
AcDbCircle
 10
1539.5247113163969
 20
9959.0
 30
0.0
 40
5.0
  0
CIRCLE
  5
56C
330
17
100
AcDbEntity
  8
ACIER_LONG
100
AcDbCircle
 10
1525.819399538108
 20
9959.0
 30
0.0
 40
5.0
  0
CIRCLE
  5
56D
330
17
100
AcDbEntity
  8
ACIER_LONG
100
AcDbCircle
 10
1512.1140877598154
 20
9959.0
 30
0.0
 40
5.0
  0
CIRCLE
  5
56E
330
17
100
AcDbEntity
  8
ACIER_LONG
100
AcDbCircle
 10
1498.408775981523
 20
9959.0
 30
0.0
 40
5.0
  0
CIRCLE
  5
56F
330
17
100
AcDbEntity
  8
ACIER_LONG
100
AcDbCircle
 10
1484.703464203234
 20
9959.0
 30
0.0
 40
5.0
  0
CIRCLE
  5
570
330
17
100
AcDbEntity
  8
ACIER_LONG
100
AcDbCircle
 10
1470.9981524249415
 20
9959.0
 30
0.0
 40
5.0
  0
CIRCLE
  5
571
330
17
100
AcDbEntity
  8
ACIER_LONG
100
AcDbCircle
 10
1457.2928406466526
 20
9959.0
 30
0.0
 40
5.0
  0
CIRCLE
  5
572
330
17
100
AcDbEntity
  8
ACIER_LONG
100
AcDbCircle
 10
1443.58752886836
 20
9959.0
 30
0.0
 40
5.0
  0
CIRCLE
  5
573
330
17
100
AcDbEntity
  8
ACIER_LONG
100
AcDbCircle
 10
1429.8822170900676
 20
9959.0
 30
0.0
 40
5.0
  0
CIRCLE
  5
574
330
17
100
AcDbEntity
  8
ACIER_LONG
100
AcDbCircle
 10
1416.1769053117787
 20
9959.0
 30
0.0
 40
5.0
  0
CIRCLE
  5
575
330
17
100
AcDbEntity
  8
ACIER_LONG
100
AcDbCircle
 10
1402.4715935334862
 20
9959.0
 30
0.0
 40
5.0
  0
CIRCLE
  5
576
330
17
100
AcDbEntity
  8
ACIER_LONG
100
AcDbCircle
 10
1388.7662817551973
 20
9959.0
 30
0.0
 40
5.0
  0
CIRCLE
  5
577
330
17
100
AcDbEntity
  8
ACIER_LONG
100
AcDbCircle
 10
1375.0609699769047
 20
9959.0
 30
0.0
 40
5.0
  0
CIRCLE
  5
578
330
17
100
AcDbEntity
  8
ACIER_LONG
100
AcDbCircle
 10
1361.3556581986159
 20
9959.0
 30
0.0
 40
5.0
  0
CIRCLE
  5
579
330
17
100
AcDbEntity
  8
ACIER_LONG
100
AcDbCircle
 10
1347.6503464203233
 20
9959.0
 30
0.0
 40
5.0
  0
CIRCLE
  5
57A
330
17
100
AcDbEntity
  8
ACIER_LONG
100
AcDbCircle
 10
1333.9450346420308
 20
9959.0
 30
0.0
 40
5.0
  0
CIRCLE
  5
57B
330
17
100
AcDbEntity
  8
ACIER_LONG
100
AcDbCircle
 10
1320.239722863742
 20
9959.0
 30
0.0
 40
5.0
  0
CIRCLE
  5
57C
330
17
100
AcDbEntity
  8
ACIER_LONG
100
AcDbCircle
 10
1306.5344110854494
 20
9959.0
 30
0.0
 40
5.0
  0
CIRCLE
  5
57D
330
17
100
AcDbEntity
  8
ACIER_LONG
100
AcDbCircle
 10
1292.8290993071605
 20
9959.0
 30
0.0
 40
5.0
  0
CIRCLE
  5
57E
330
17
100
AcDbEntity
  8
ACIER_LONG
100
AcDbCircle
 10
1279.123787528868
 20
9959.0
 30
0.0
 40
5.0
  0
CIRCLE
  5
57F
330
17
100
AcDbEntity
  8
ACIER_LONG
100
AcDbCircle
 10
1265.418475750579
 20
9959.0
 30
0.0
 40
5.0
  0
CIRCLE
  5
580
330
17
100
AcDbEntity
  8
ACIER_LONG
100
AcDbCircle
 10
1251.7131639722866
 20
9959.0
 30
0.0
 40
5.0
  0
CIRCLE
  5
581
330
17
100
AcDbEntity
  8
ACIER_LONG
100
AcDbCircle
 10
1238.007852193994
 20
9959.0
 30
0.0
 40
5.0
  0
CIRCLE
  5
582
330
17
100
AcDbEntity
  8
ACIER_LONG
100
AcDbCircle
 10
1224.3025404157052
 20
9959.0
 30
0.0
 40
5.0
  0
CIRCLE
  5
583
330
17
100
AcDbEntity
  8
ACIER_LONG
100
AcDbCircle
 10
1210.5972286374126
 20
9959.0
 30
0.0
 40
5.0
  0
CIRCLE
  5
584
330
17
100
AcDbEntity
  8
ACIER_LONG
100
AcDbCircle
 10
1196.8919168591237
 20
9959.0
 30
0.0
 40
5.0
  0
CIRCLE
  5
585
330
17
100
AcDbEntity
  8
ACIER_LONG
100
AcDbCircle
 10
1183.1866050808312
 20
9959.0
 30
0.0
 40
5.0
  0
CIRCLE
  5
586
330
17
100
AcDbEntity
  8
ACIER_LONG
100
AcDbCircle
 10
1169.4812933025387
 20
9959.0
 30
0.0
 40
5.0
  0
CIRCLE
  5
587
330
17
100
AcDbEntity
  8
ACIER_LONG
100
AcDbCircle
 10
1155.7759815242498
 20
9959.0
 30
0.0
 40
5.0
  0
CIRCLE
  5
588
330
17
100
AcDbEntity
  8
ACIER_LONG
100
AcDbCircle
 10
1142.0706697459573
 20
9959.0
 30
0.0
 40
5.0
  0
CIRCLE
  5
589
330
17
100
AcDbEntity
  8
ACIER_LONG
100
AcDbCircle
 10
1128.3653579676684
 20
9959.0
 30
0.0
 40
5.0
  0
CIRCLE
  5
58A
330
17
100
AcDbEntity
  8
ACIER_LONG
100
AcDbCircle
 10
1114.6600461893759
 20
9959.0
 30
0.0
 40
5.0
  0
CIRCLE
  5
58B
330
17
100
AcDbEntity
  8
ACIER_LONG
100
AcDbCircle
 10
1100.954734411087
 20
9959.0
 30
0.0
 40
5.0
  0
CIRCLE
  5
58C
330
17
100
AcDbEntity
  8
ACIER_LONG
100
AcDbCircle
 10
1087.2494226327944
 20
9959.0
 30
0.0
 40
5.0
  0
CIRCLE
  5
58D
330
17
100
AcDbEntity
  8
ACIER_LONG
100
AcDbCircle
 10
1073.544110854502
 20
9959.0
 30
0.0
 40
5.0
  0
CIRCLE
  5
58E
330
17
100
AcDbEntity
  8
ACIER_LONG
100
AcDbCircle
 10
1059.838799076213
 20
9959.0
 30
0.0
 40
5.0
  0
CIRCLE
  5
58F
330
17
100
AcDbEntity
  8
ACIER_LONG
100
AcDbCircle
 10
1046.1334872979205
 20
9959.0
 30
0.0
 40
5.0
  0
CIRCLE
  5
590
330
17
100
AcDbEntity
  8
ACIER_LONG
100
AcDbCircle
 10
1032.4281755196316
 20
9959.0
 30
0.0
 40
5.0
  0
CIRCLE
  5
591
330
17
100
AcDbEntity
  8
ACIER_LONG
100
AcDbCircle
 10
1018.7228637413391
 20
9959.0
 30
0.0
 40
5.0
  0
CIRCLE
  5
592
330
17
100
AcDbEntity
  8
ACIER_LONG
100
AcDbCircle
 10
1005.0175519630502
 20
9959.0
 30
0.0
 40
5.0
  0
CIRCLE
  5
593
330
17
100
AcDbEntity
  8
ACIER_LONG
100
AcDbCircle
 10
991.3122401847577
 20
9959.0
 30
0.0
 40
5.0
  0
CIRCLE
  5
594
330
17
100
AcDbEntity
  8
ACIER_LONG
100
AcDbCircle
 10
977.6069284064652
 20
9959.0
 30
0.0
 40
5.0
  0
CIRCLE
  5
595
330
17
100
AcDbEntity
  8
ACIER_LONG
100
AcDbCircle
 10
963.9016166281763
 20
9959.0
 30
0.0
 40
5.0
  0
CIRCLE
  5
596
330
17
100
AcDbEntity
  8
ACIER_LONG
100
AcDbCircle
 10
950.1963048498837
 20
9959.0
 30
0.0
 40
5.0
  0
CIRCLE
  5
597
330
17
100
AcDbEntity
  8
ACIER_LONG
100
AcDbCircle
 10
936.4909930715949
 20
9959.0
 30
0.0
 40
5.0
  0
CIRCLE
  5
598
330
17
100
AcDbEntity
  8
ACIER_LONG
100
AcDbCircle
 10
922.7856812933023
 20
9959.0
 30
0.0
 40
5.0
  0
CIRCLE
  5
599
330
17
100
AcDbEntity
  8
ACIER_LONG
100
AcDbCircle
 10
909.0803695150098
 20
9959.0
 30
0.0
 40
5.0
  0
CIRCLE
  5
59A
330
17
100
AcDbEntity
  8
ACIER_LONG
100
AcDbCircle
 10
895.3750577367209
 20
9959.0
 30
0.0
 40
5.0
  0
CIRCLE
  5
59B
330
17
100
AcDbEntity
  8
ACIER_LONG
100
AcDbCircle
 10
881.6697459584284
 20
9959.0
 30
0.0
 40
5.0
  0
CIRCLE
  5
59C
330
17
100
AcDbEntity
  8
ACIER_LONG
100
AcDbCircle
 10
867.9644341801395
 20
9959.0
 30
0.0
 40
5.0
  0
CIRCLE
  5
59D
330
17
100
AcDbEntity
  8
ACIER_LONG
100
AcDbCircle
 10
854.259122401847
 20
9959.0
 30
0.0
 40
5.0
  0
CIRCLE
  5
59E
330
17
100
AcDbEntity
  8
ACIER_LONG
100
AcDbCircle
 10
840.5538106235581
 20
9959.0
 30
0.0
 40
5.0
  0
CIRCLE
  5
59F
330
17
100
AcDbEntity
  8
ACIER_LONG
100
AcDbCircle
 10
826.8484988452656
 20
9959.0
 30
0.0
 40
5.0
  0
CIRCLE
  5
5A0
330
17
100
AcDbEntity
  8
ACIER_LONG
100
AcDbCircle
 10
813.143187066973
 20
9959.0
 30
0.0
 40
5.0
  0
CIRCLE
  5
5A1
330
17
100
AcDbEntity
  8
ACIER_LONG
100
AcDbCircle
 10
799.4378752886842
 20
9959.0
 30
0.0
 40
5.0
  0
CIRCLE
  5
5A2
330
17
100
AcDbEntity
  8
ACIER_LONG
100
AcDbCircle
 10
785.7325635103916
 20
9959.0
 30
0.0
 40
5.0
  0
CIRCLE
  5
5A3
330
17
100
AcDbEntity
  8
ACIER_LONG
100
AcDbCircle
 10
772.0272517321027
 20
9959.0
 30
0.0
 40
5.0
  0
CIRCLE
  5
5A4
330
17
100
AcDbEntity
  8
ACIER_LONG
100
AcDbCircle
 10
758.3219399538102
 20
9959.0
 30
0.0
 40
5.0
  0
CIRCLE
  5
5A5
330
17
100
AcDbEntity
  8
ACIER_LONG
100
AcDbCircle
 10
744.6166281755213
 20
9959.0
 30
0.0
 40
5.0
  0
CIRCLE
  5
5A6
330
17
100
AcDbEntity
  8
ACIER_LONG
100
AcDbCircle
 10
730.9113163972288
 20
9959.0
 30
0.0
 40
5.0
  0
CIRCLE
  5
5A7
330
17
100
AcDbEntity
  8
ACIER_LONG
100
AcDbCircle
 10
717.2060046189363
 20
9959.0
 30
0.0
 40
5.0
  0
CIRCLE
  5
5A8
330
17
100
AcDbEntity
  8
ACIER_LONG
100
AcDbCircle
 10
703.5006928406474
 20
9959.0
 30
0.0
 40
5.0
  0
CIRCLE
  5
5A9
330
17
100
AcDbEntity
  8
ACIER_LONG
100
AcDbCircle
 10
689.7953810623549
 20
9959.0
 30
0.0
 40
5.0
  0
CIRCLE
  5
5AA
330
17
100
AcDbEntity
  8
ACIER_LONG
100
AcDbCircle
 10
676.090069284066
 20
9959.0
 30
0.0
 40
5.0
  0
CIRCLE
  5
5AB
330
17
100
AcDbEntity
  8
ACIER_LONG
100
AcDbCircle
 10
662.3847575057735
 20
9959.0
 30
0.0
 40
5.0
  0
CIRCLE
  5
5AC
330
17
100
AcDbEntity
  8
ACIER_LONG
100
AcDbCircle
 10
648.6794457274809
 20
9959.0
 30
0.0
 40
5.0
  0
CIRCLE
  5
5AD
330
17
100
AcDbEntity
  8
ACIER_LONG
100
AcDbCircle
 10
634.974133949192
 20
9959.0
 30
0.0
 40
5.0
  0
CIRCLE
  5
5AE
330
17
100
AcDbEntity
  8
ACIER_LONG
100
AcDbCircle
 10
621.2688221708995
 20
9959.0
 30
0.0
 40
5.0
  0
CIRCLE
  5
5AF
330
17
100
AcDbEntity
  8
ACIER_LONG
100
AcDbCircle
 10
607.5635103926106
 20
9959.0
 30
0.0
 40
5.0
  0
CIRCLE
  5
5B0
330
17
100
AcDbEntity
  8
ACIER_LONG
100
AcDbCircle
 10
593.8581986143181
 20
9959.0
 30
0.0
 40
5.0
  0
CIRCLE
  5
5B1
330
17
100
AcDbEntity
  8
ACIER_LONG
100
AcDbCircle
 10
580.1528868360292
 20
9959.0
 30
0.0
 40
5.0
  0
CIRCLE
  5
5B2
330
17
100
AcDbEntity
  8
ACIER_LONG
100
AcDbCircle
 10
566.4475750577367
 20
9959.0
 30
0.0
 40
5.0
  0
CIRCLE
  5
5B3
330
17
100
AcDbEntity
  8
ACIER_LONG
100
AcDbCircle
 10
552.7422632794442
 20
9959.0
 30
0.0
 40
5.0
  0
CIRCLE
  5
5B4
330
17
100
AcDbEntity
  8
ACIER_LONG
100
AcDbCircle
 10
539.0369515011553
 20
9959.0
 30
0.0
 40
5.0
  0
CIRCLE
  5
5B5
330
17
100
AcDbEntity
  8
ACIER_LONG
100
AcDbCircle
 10
525.3316397228627
 20
9959.0
 30
0.0
 40
5.0
  0
CIRCLE
  5
5B6
330
17
100
AcDbEntity
  8
ACIER_LONG
100
AcDbCircle
 10
511.62632794457386
 20
9959.0
 30
0.0
 40
5.0
  0
CIRCLE
  5
5B7
330
17
100
AcDbEntity
  8
ACIER_LONG
100
AcDbCircle
 10
497.92101616628133
 20
9959.0
 30
0.0
 40
5.0
  0
CIRCLE
  5
5B8
330
17
100
AcDbEntity
  8
ACIER_LONG
100
AcDbCircle
 10
484.21570438799245
 20
9959.0
 30
0.0
 40
5.0
  0
CIRCLE
  5
5B9
330
17
100
AcDbEntity
  8
ACIER_LONG
100
AcDbCircle
 10
470.5103926096999
 20
9959.0
 30
0.0
 40
5.0
  0
CIRCLE
  5
5BA
330
17
100
AcDbEntity
  8
ACIER_LONG
100
AcDbCircle
 10
456.8050808314074
 20
9959.0
 30
0.0
 40
5.0
  0
CIRCLE
  5
5BB
330
17
100
AcDbEntity
  8
ACIER_LONG
100
AcDbCircle
 10
443.0997690531185
 20
9959.0
 30
0.0
 40
5.0
  0
CIRCLE
  5
5BC
330
17
100
AcDbEntity
  8
ACIER_LONG
100
AcDbCircle
 10
429.394457274826
 20
9959.0
 30
0.0
 40
5.0
  0
CIRCLE
  5
5BD
330
17
100
AcDbEntity
  8
ACIER_LONG
100
AcDbCircle
 10
415.6891454965371
 20
9959.0
 30
0.0
 40
5.0
  0
CIRCLE
  5
5BE
330
17
100
AcDbEntity
  8
ACIER_LONG
100
AcDbCircle
 10
401.98383371824457
 20
9959.0
 30
0.0
 40
5.0
  0
CIRCLE
  5
5BF
330
17
100
AcDbEntity
  8
ACIER_LONG
100
AcDbCircle
 10
388.27852193995204
 20
9959.0
 30
0.0
 40
5.0
  0
CIRCLE
  5
5C0
330
17
100
AcDbEntity
  8
ACIER_LONG
100
AcDbCircle
 10
374.57321016166316
 20
9959.0
 30
0.0
 40
5.0
  0
CIRCLE
  5
5C1
330
17
100
AcDbEntity
  8
ACIER_LONG
100
AcDbCircle
 10
360.86789838337063
 20
9959.0
 30
0.0
 40
5.0
  0
CIRCLE
  5
5C2
330
17
100
AcDbEntity
  8
ACIER_LONG
100
AcDbCircle
 10
347.16258660508174
 20
9959.0
 30
0.0
 40
5.0
  0
CIRCLE
  5
5C3
330
17
100
AcDbEntity
  8
ACIER_LONG
100
AcDbCircle
 10
333.4572748267892
 20
9959.0
 30
0.0
 40
5.0
  0
CIRCLE
  5
5C4
330
17
100
AcDbEntity
  8
ACIER_LONG
100
AcDbCircle
 10
319.75196304850033
 20
9959.0
 30
0.0
 40
5.0
  0
CIRCLE
  5
5C5
330
17
100
AcDbEntity
  8
ACIER_LONG
100
AcDbCircle
 10
306.0466512702078
 20
9959.0
 30
0.0
 40
5.0
  0
CIRCLE
  5
5C6
330
17
100
AcDbEntity
  8
ACIER_LONG
100
AcDbCircle
 10
292.3413394919153
 20
9959.0
 30
0.0
 40
5.0
  0
CIRCLE
  5
5C7
330
17
100
AcDbEntity
  8
ACIER_LONG
100
AcDbCircle
 10
278.6360277136264
 20
9959.0
 30
0.0
 40
5.0
  0
CIRCLE
  5
5C8
330
17
100
AcDbEntity
  8
ACIER_LONG
100
AcDbCircle
 10
264.93071593533386
 20
9959.0
 30
0.0
 40
5.0
  0
CIRCLE
  5
5C9
330
17
100
AcDbEntity
  8
ACIER_LONG
100
AcDbCircle
 10
251.22540415704498
 20
9959.0
 30
0.0
 40
5.0
  0
CIRCLE
  5
5CA
330
17
100
AcDbEntity
  8
ACIER_LONG
100
AcDbCircle
 10
237.52009237875245
 20
9959.0
 30
0.0
 40
5.0
  0
CIRCLE
  5
5CB
330
17
100
AcDbEntity
  8
ACIER_LONG
100
AcDbCircle
 10
223.81478060046356
 20
9959.0
 30
0.0
 40
5.0
  0
CIRCLE
  5
5CC
330
17
100
AcDbEntity
  8
ACIER_LONG
100
AcDbCircle
 10
210.10946882217104
 20
9959.0
 30
0.0
 40
5.0
  0
CIRCLE
  5
5CD
330
17
100
AcDbEntity
  8
ACIER_LONG
100
AcDbCircle
 10
196.4041570438785
 20
9959.0
 30
0.0
 40
5.0
  0
CIRCLE
  5
5CE
330
17
100
AcDbEntity
  8
ACIER_LONG
100
AcDbCircle
 10
182.69884526558963
 20
9959.0
 30
0.0
 40
5.0
  0
CIRCLE
  5
5CF
330
17
100
AcDbEntity
  8
ACIER_LONG
100
AcDbCircle
 10
168.9935334872971
 20
9959.0
 30
0.0
 40
5.0
  0
CIRCLE
  5
5D0
330
17
100
AcDbEntity
  8
ACIER_LONG
100
AcDbCircle
 10
155.2882217090082
 20
9959.0
 30
0.0
 40
5.0
  0
CIRCLE
  5
5D1
330
17
100
AcDbEntity
  8
ACIER_LONG
100
AcDbCircle
 10
141.5829099307157
 20
9959.0
 30
0.0
 40
5.0
  0
CIRCLE
  5
5D2
330
17
100
AcDbEntity
  8
ACIER_LONG
100
AcDbCircle
 10
127.87759815242316
 20
9959.0
 30
0.0
 40
5.0
  0
CIRCLE
  5
5D3
330
17
100
AcDbEntity
  8
ACIER_LONG
100
AcDbCircle
 10
114.17228637413427
 20
9959.0
 30
0.0
 40
5.0
  0
CIRCLE
  5
5D4
330
17
100
AcDbEntity
  8
ACIER_LONG
100
AcDbCircle
 10
100.46697459584175
 20
9959.0
 30
0.0
 40
5.0
  0
CIRCLE
  5
5D5
330
17
100
AcDbEntity
  8
ACIER_LONG
100
AcDbCircle
 10
86.76166281755286
 20
9959.0
 30
0.0
 40
5.0
  0
CIRCLE
  5
5D6
330
17
100
AcDbEntity
  8
ACIER_LONG
100
AcDbCircle
 10
73.05635103926033
 20
9959.0
 30
0.0
 40
5.0
  0
CIRCLE
  5
5D7
330
17
100
AcDbEntity
  8
ACIER_LONG
100
AcDbCircle
 10
59.35103926097145
 20
9959.0
 30
0.0
 40
5.0
  0
CIRCLE
  5
5D8
330
17
100
AcDbEntity
  8
ACIER_LONG
100
AcDbCircle
 10
45.64572748267892
 20
9959.0
 30
0.0
 40
5.0
  0
CIRCLE
  5
5D9
330
17
100
AcDbEntity
  8
ACIER_LONG
100
AcDbCircle
 10
41.0
 20
9949.940415704386
 30
0.0
 40
5.0
  0
CIRCLE
  5
5DA
330
17
100
AcDbEntity
  8
ACIER_LONG
100
AcDbCircle
 10
41.0
 20
9936.235103926098
 30
0.0
 40
5.0
  0
CIRCLE
  5
5DB
330
17
100
AcDbEntity
  8
ACIER_LONG
100
AcDbCircle
 10
41.0
 20
9922.529792147805
 30
0.0
 40
5.0
  0
CIRCLE
  5
5DC
330
17
100
AcDbEntity
  8
ACIER_LONG
100
AcDbCircle
 10
41.0
 20
9908.824480369516
 30
0.0
 40
5.0
  0
CIRCLE
  5
5DD
330
17
100
AcDbEntity
  8
ACIER_LONG
100
AcDbCircle
 10
41.0
 20
9895.119168591224
 30
0.0
 40
5.0
  0
CIRCLE
  5
5DE
330
17
100
AcDbEntity
  8
ACIER_LONG
100
AcDbCircle
 10
41.0
 20
9881.413856812935
 30
0.0
 40
5.0
  0
CIRCLE
  5
5DF
330
17
100
AcDbEntity
  8
ACIER_LONG
100
AcDbCircle
 10
41.0
 20
9867.708545034642
 30
0.0
 40
5.0
  0
CIRCLE
  5
5E0
330
17
100
AcDbEntity
  8
ACIER_LONG
100
AcDbCircle
 10
41.0
 20
9854.00323325635
 30
0.0
 40
5.0
  0
CIRCLE
  5
5E1
330
17
100
AcDbEntity
  8
ACIER_LONG
100
AcDbCircle
 10
41.0
 20
9840.29792147806
 30
0.0
 40
5.0
  0
CIRCLE
  5
5E2
330
17
100
AcDbEntity
  8
ACIER_LONG
100
AcDbCircle
 10
41.0
 20
9826.592609699768
 30
0.0
 40
5.0
  0
CIRCLE
  5
5E3
330
17
100
AcDbEntity
  8
ACIER_LONG
100
AcDbCircle
 10
41.0
 20
9812.88729792148
 30
0.0
 40
5.0
  0
CIRCLE
  5
5E4
330
17
100
AcDbEntity
  8
ACIER_LONG
100
AcDbCircle
 10
41.0
 20
9799.181986143187
 30
0.0
 40
5.0
  0
CIRCLE
  5
5E5
330
17
100
AcDbEntity
  8
ACIER_LONG
100
AcDbCircle
 10
41.0
 20
9785.476674364894
 30
0.0
 40
5.0
  0
CIRCLE
  5
5E6
330
17
100
AcDbEntity
  8
ACIER_LONG
100
AcDbCircle
 10
41.0
 20
9771.771362586605
 30
0.0
 40
5.0
  0
CIRCLE
  5
5E7
330
17
100
AcDbEntity
  8
ACIER_LONG
100
AcDbCircle
 10
41.0
 20
9758.066050808313
 30
0.0
 40
5.0
  0
CIRCLE
  5
5E8
330
17
100
AcDbEntity
  8
ACIER_LONG
100
AcDbCircle
 10
41.0
 20
9744.360739030024
 30
0.0
 40
5.0
  0
CIRCLE
  5
5E9
330
17
100
AcDbEntity
  8
ACIER_LONG
100
AcDbCircle
 10
41.0
 20
9730.655427251731
 30
0.0
 40
5.0
  0
CIRCLE
  5
5EA
330
17
100
AcDbEntity
  8
ACIER_LONG
100
AcDbCircle
 10
41.0
 20
9716.950115473443
 30
0.0
 40
5.0
  0
CIRCLE
  5
5EB
330
17
100
AcDbEntity
  8
ACIER_LONG
100
AcDbCircle
 10
41.0
 20
9703.24480369515
 30
0.0
 40
5.0
  0
CIRCLE
  5
5EC
330
17
100
AcDbEntity
  8
ACIER_LONG
100
AcDbCircle
 10
41.0
 20
9689.539491916858
 30
0.0
 40
5.0
  0
CIRCLE
  5
5ED
330
17
100
AcDbEntity
  8
ACIER_LONG
100
AcDbCircle
 10
41.0
 20
9675.834180138569
 30
0.0
 40
5.0
  0
CIRCLE
  5
5EE
330
17
100
AcDbEntity
  8
ACIER_LONG
100
AcDbCircle
 10
41.0
 20
9662.128868360276
 30
0.0
 40
5.0
  0
CIRCLE
  5
5EF
330
17
100
AcDbEntity
  8
ACIER_LONG
100
AcDbCircle
 10
41.0
 20
9648.423556581987
 30
0.0
 40
5.0
  0
CIRCLE
  5
5F0
330
17
100
AcDbEntity
  8
ACIER_LONG
100
AcDbCircle
 10
41.0
 20
9634.718244803695
 30
0.0
 40
5.0
  0
CIRCLE
  5
5F1
330
17
100
AcDbEntity
  8
ACIER_LONG
100
AcDbCircle
 10
41.0
 20
9621.012933025406
 30
0.0
 40
5.0
  0
CIRCLE
  5
5F2
330
17
100
AcDbEntity
  8
ACIER_LONG
100
AcDbCircle
 10
41.0
 20
9607.307621247113
 30
0.0
 40
5.0
  0
CIRCLE
  5
5F3
330
17
100
AcDbEntity
  8
ACIER_LONG
100
AcDbCircle
 10
41.0
 20
9593.60230946882
 30
0.0
 40
5.0
  0
CIRCLE
  5
5F4
330
17
100
AcDbEntity
  8
ACIER_LONG
100
AcDbCircle
 10
41.0
 20
9579.896997690532
 30
0.0
 40
5.0
  0
CIRCLE
  5
5F5
330
17
100
AcDbEntity
  8
ACIER_LONG
100
AcDbCircle
 10
41.0
 20
9566.19168591224
 30
0.0
 40
5.0
  0
CIRCLE
  5
5F6
330
17
100
AcDbEntity
  8
ACIER_LONG
100
AcDbCircle
 10
41.0
 20
9552.48637413395
 30
0.0
 40
5.0
  0
CIRCLE
  5
5F7
330
17
100
AcDbEntity
  8
ACIER_LONG
100
AcDbCircle
 10
41.0
 20
9538.781062355658
 30
0.0
 40
5.0
  0
CIRCLE
  5
5F8
330
17
100
AcDbEntity
  8
ACIER_LONG
100
AcDbCircle
 10
41.0
 20
9525.075750577365
 30
0.0
 40
5.0
  0
CIRCLE
  5
5F9
330
17
100
AcDbEntity
  8
ACIER_LONG
100
AcDbCircle
 10
41.0
 20
9511.370438799077
 30
0.0
 40
5.0
  0
CIRCLE
  5
5FA
330
17
100
AcDbEntity
  8
ACIER_LONG
100
AcDbCircle
 10
41.0
 20
9497.665127020784
 30
0.0
 40
5.0
  0
CIRCLE
  5
5FB
330
17
100
AcDbEntity
  8
ACIER_LONG
100
AcDbCircle
 10
41.0
 20
9483.959815242495
 30
0.0
 40
5.0
  0
CIRCLE
  5
5FC
330
17
100
AcDbEntity
  8
ACIER_LONG
100
AcDbCircle
 10
41.0
 20
9470.254503464203
 30
0.0
 40
5.0
  0
CIRCLE
  5
5FD
330
17
100
AcDbEntity
  8
ACIER_LONG
100
AcDbCircle
 10
41.0
 20
9456.549191685914
 30
0.0
 40
5.0
  0
CIRCLE
  5
5FE
330
17
100
AcDbEntity
  8
ACIER_LONG
100
AcDbCircle
 10
41.0
 20
9442.843879907621
 30
0.0
 40
5.0
  0
CIRCLE
  5
5FF
330
17
100
AcDbEntity
  8
ACIER_LONG
100
AcDbCircle
 10
41.0
 20
9429.138568129329
 30
0.0
 40
5.0
  0
CIRCLE
  5
600
330
17
100
AcDbEntity
  8
ACIER_LONG
100
AcDbCircle
 10
41.0
 20
9415.43325635104
 30
0.0
 40
5.0
  0
CIRCLE
  5
601
330
17
100
AcDbEntity
  8
ACIER_LONG
100
AcDbCircle
 10
41.0
 20
9401.727944572747
 30
0.0
 40
5.0
  0
CIRCLE
  5
602
330
17
100
AcDbEntity
  8
ACIER_LONG
100
AcDbCircle
 10
41.0
 20
9388.022632794458
 30
0.0
 40
5.0
  0
CIRCLE
  5
603
330
17
100
AcDbEntity
  8
ACIER_LONG
100
AcDbCircle
 10
41.0
 20
9374.317321016166
 30
0.0
 40
5.0
  0
CIRCLE
  5
604
330
17
100
AcDbEntity
  8
ACIER_LONG
100
AcDbCircle
 10
41.0
 20
9360.612009237877
 30
0.0
 40
5.0
  0
CIRCLE
  5
605
330
17
100
AcDbEntity
  8
ACIER_LONG
100
AcDbCircle
 10
41.0
 20
9346.906697459584
 30
0.0
 40
5.0
  0
CIRCLE
  5
606
330
17
100
AcDbEntity
  8
ACIER_LONG
100
AcDbCircle
 10
41.0
 20
9333.201385681292
 30
0.0
 40
5.0
  0
CIRCLE
  5
607
330
17
100
AcDbEntity
  8
ACIER_LONG
100
AcDbCircle
 10
41.0
 20
9319.496073903003
 30
0.0
 40
5.0
  0
CIRCLE
  5
608
330
17
100
AcDbEntity
  8
ACIER_LONG
100
AcDbCircle
 10
41.0
 20
9305.79076212471
 30
0.0
 40
5.0
  0
CIRCLE
  5
609
330
17
100
AcDbEntity
  8
ACIER_LONG
100
AcDbCircle
 10
41.0
 20
9292.085450346422
 30
0.0
 40
5.0
  0
CIRCLE
  5
60A
330
17
100
AcDbEntity
  8
ACIER_LONG
100
AcDbCircle
 10
41.0
 20
9278.380138568129
 30
0.0
 40
5.0
  0
CIRCLE
  5
60B
330
17
100
AcDbEntity
  8
ACIER_LONG
100
AcDbCircle
 10
41.0
 20
9264.67482678984
 30
0.0
 40
5.0
  0
CIRCLE
  5
60C
330
17
100
AcDbEntity
  8
ACIER_LONG
100
AcDbCircle
 10
41.0
 20
9250.969515011548
 30
0.0
 40
5.0
  0
CIRCLE
  5
60D
330
17
100
AcDbEntity
  8
ACIER_LONG
100
AcDbCircle
 10
41.0
 20
9237.264203233255
 30
0.0
 40
5.0
  0
CIRCLE
  5
60E
330
17
100
AcDbEntity
  8
ACIER_LONG
100
AcDbCircle
 10
41.0
 20
9223.558891454966
 30
0.0
 40
5.0
  0
CIRCLE
  5
60F
330
17
100
AcDbEntity
  8
ACIER_LONG
100
AcDbCircle
 10
41.0
 20
9209.853579676674
 30
0.0
 40
5.0
  0
CIRCLE
  5
610
330
17
100
AcDbEntity
  8
ACIER_LONG
100
AcDbCircle
 10
41.0
 20
9196.148267898385
 30
0.0
 40
5.0
  0
CIRCLE
  5
611
330
17
100
AcDbEntity
  8
ACIER_LONG
100
AcDbCircle
 10
41.0
 20
9182.442956120092
 30
0.0
 40
5.0
  0
CIRCLE
  5
612
330
17
100
AcDbEntity
  8
ACIER_LONG
100
AcDbCircle
 10
41.0
 20
9168.7376443418
 30
0.0
 40
5.0
  0
CIRCLE
  5
613
330
17
100
AcDbEntity
  8
ACIER_LONG
100
AcDbCircle
 10
41.0
 20
9155.03233256351
 30
0.0
 40
5.0
  0
CIRCLE
  5
614
330
17
100
AcDbEntity
  8
ACIER_LONG
100
AcDbCircle
 10
41.0
 20
9141.327020785218
 30
0.0
 40
5.0
  0
CIRCLE
  5
615
330
17
100
AcDbEntity
  8
ACIER_LONG
100
AcDbCircle
 10
41.0
 20
9127.62170900693
 30
0.0
 40
5.0
  0
CIRCLE
  5
616
330
17
100
AcDbEntity
  8
ACIER_LONG
100
AcDbCircle
 10
41.0
 20
9113.916397228637
 30
0.0
 40
5.0
  0
CIRCLE
  5
617
330
17
100
AcDbEntity
  8
ACIER_LONG
100
AcDbCircle
 10
41.0
 20
9100.211085450348
 30
0.0
 40
5.0
  0
CIRCLE
  5
618
330
17
100
AcDbEntity
  8
ACIER_LONG
100
AcDbCircle
 10
41.0
 20
9086.505773672056
 30
0.0
 40
5.0
  0
CIRCLE
  5
619
330
17
100
AcDbEntity
  8
ACIER_LONG
100
AcDbCircle
 10
41.0
 20
9072.800461893763
 30
0.0
 40
5.0
  0
CIRCLE
  5
61A
330
17
100
AcDbEntity
  8
ACIER_LONG
100
AcDbCircle
 10
41.0
 20
9059.095150115474
 30
0.0
 40
5.0
  0
CIRCLE
  5
61B
330
17
100
AcDbEntity
  8
ACIER_LONG
100
AcDbCircle
 10
41.0
 20
9045.389838337182
 30
0.0
 40
5.0
  0
CIRCLE
  5
61C
330
17
100
AcDbEntity
  8
ACIER_LONG
100
AcDbCircle
 10
41.0
 20
9031.684526558893
 30
0.0
 40
5.0
  0
CIRCLE
  5
61D
330
17
100
AcDbEntity
  8
ACIER_LONG
100
AcDbCircle
 10
41.0
 20
9017.9792147806
 30
0.0
 40
5.0
  0
CIRCLE
  5
61E
330
17
100
AcDbEntity
  8
ACIER_LONG
100
AcDbCircle
 10
41.0
 20
9004.273903002311
 30
0.0
 40
5.0
  0
CIRCLE
  5
61F
330
17
100
AcDbEntity
  8
ACIER_LONG
100
AcDbCircle
 10
41.0
 20
8990.568591224019
 30
0.0
 40
5.0
  0
CIRCLE
  5
620
330
17
100
AcDbEntity
  8
ACIER_LONG
100
AcDbCircle
 10
41.0
 20
8976.863279445726
 30
0.0
 40
5.0
  0
CIRCLE
  5
621
330
17
100
AcDbEntity
  8
ACIER_LONG
100
AcDbCircle
 10
41.0
 20
8963.157967667437
 30
0.0
 40
5.0
  0
CIRCLE
  5
622
330
17
100
AcDbEntity
  8
ACIER_LONG
100
AcDbCircle
 10
41.0
 20
8949.452655889145
 30
0.0
 40
5.0
  0
CIRCLE
  5
623
330
17
100
AcDbEntity
  8
ACIER_LONG
100
AcDbCircle
 10
41.0
 20
8935.747344110856
 30
0.0
 40
5.0
  0
CIRCLE
  5
624
330
17
100
AcDbEntity
  8
ACIER_LONG
100
AcDbCircle
 10
41.0
 20
8922.042032332563
 30
0.0
 40
5.0
  0
CIRCLE
  5
625
330
17
100
AcDbEntity
  8
ACIER_LONG
100
AcDbCircle
 10
41.0
 20
8908.33672055427
 30
0.0
 40
5.0
  0
CIRCLE
  5
626
330
17
100
AcDbEntity
  8
ACIER_LONG
100
AcDbCircle
 10
41.0
 20
8894.631408775982
 30
0.0
 40
5.0
  0
CIRCLE
  5
627
330
17
100
AcDbEntity
  8
ACIER_LONG
100
AcDbCircle
 10
41.0
 20
8880.92609699769
 30
0.0
 40
5.0
  0
CIRCLE
  5
628
330
17
100
AcDbEntity
  8
ACIER_LONG
100
AcDbCircle
 10
41.0
 20
8867.2207852194
 30
0.0
 40
5.0
  0
CIRCLE
  5
629
330
17
100
AcDbEntity
  8
ACIER_LONG
100
AcDbCircle
 10
41.0
 20
8853.515473441108
 30
0.0
 40
5.0
  0
CIRCLE
  5
62A
330
17
100
AcDbEntity
  8
ACIER_LONG
100
AcDbCircle
 10
41.0
 20
8839.81016166282
 30
0.0
 40
5.0
  0
CIRCLE
  5
62B
330
17
100
AcDbEntity
  8
ACIER_LONG
100
AcDbCircle
 10
41.0
 20
8826.104849884527
 30
0.0
 40
5.0
  0
CIRCLE
  5
62C
330
17
100
AcDbEntity
  8
ACIER_LONG
100
AcDbCircle
 10
41.0
 20
8812.399538106234
 30
0.0
 40
5.0
  0
CIRCLE
  5
62D
330
17
100
AcDbEntity
  8
ACIER_LONG
100
AcDbCircle
 10
41.0
 20
8798.694226327945
 30
0.0
 40
5.0
  0
CIRCLE
  5
62E
330
17
100
AcDbEntity
  8
ACIER_LONG
100
AcDbCircle
 10
41.0
 20
8784.988914549653
 30
0.0
 40
5.0
  0
CIRCLE
  5
62F
330
17
100
AcDbEntity
  8
ACIER_LONG
100
AcDbCircle
 10
41.0
 20
8771.283602771364
 30
0.0
 40
5.0
  0
CIRCLE
  5
630
330
17
100
AcDbEntity
  8
ACIER_LONG
100
AcDbCircle
 10
41.0
 20
8757.578290993071
 30
0.0
 40
5.0
  0
CIRCLE
  5
631
330
17
100
AcDbEntity
  8
ACIER_LONG
100
AcDbCircle
 10
41.0
 20
8743.872979214782
 30
0.0
 40
5.0
  0
CIRCLE
  5
632
330
17
100
AcDbEntity
  8
ACIER_LONG
100
AcDbCircle
 10
41.0
 20
8730.16766743649
 30
0.0
 40
5.0
  0
CIRCLE
  5
633
330
17
100
AcDbEntity
  8
ACIER_LONG
100
AcDbCircle
 10
41.0
 20
8716.462355658197
 30
0.0
 40
5.0
  0
CIRCLE
  5
634
330
17
100
AcDbEntity
  8
ACIER_LONG
100
AcDbCircle
 10
41.0
 20
8702.757043879908
 30
0.0
 40
5.0
  0
CIRCLE
  5
635
330
17
100
AcDbEntity
  8
ACIER_LONG
100
AcDbCircle
 10
41.0
 20
8689.051732101616
 30
0.0
 40
5.0
  0
CIRCLE
  5
636
330
17
100
AcDbEntity
  8
ACIER_LONG
100
AcDbCircle
 10
41.0
 20
8675.346420323327
 30
0.0
 40
5.0
  0
CIRCLE
  5
637
330
17
100
AcDbEntity
  8
ACIER_LONG
100
AcDbCircle
 10
41.0
 20
8661.641108545035
 30
0.0
 40
5.0
  0
CIRCLE
  5
638
330
17
100
AcDbEntity
  8
ACIER_LONG
100
AcDbCircle
 10
41.0
 20
8647.935796766742
 30
0.0
 40
5.0
  0
CIRCLE
  5
639
330
17
100
AcDbEntity
  8
ACIER_LONG
100
AcDbCircle
 10
41.0
 20
8634.230484988453
 30
0.0
 40
5.0
  0
CIRCLE
  5
63A
330
17
100
AcDbEntity
  8
ACIER_LONG
100
AcDbCircle
 10
41.0
 20
8620.52517321016
 30
0.0
 40
5.0
  0
CIRCLE
  5
63B
330
17
100
AcDbEntity
  8
ACIER_LONG
100
AcDbCircle
 10
41.0
 20
8606.819861431872
 30
0.0
 40
5.0
  0
CIRCLE
  5
63C
330
17
100
AcDbEntity
  8
ACIER_LONG
100
AcDbCircle
 10
41.0
 20
8593.11454965358
 30
0.0
 40
5.0
  0
CIRCLE
  5
63D
330
17
100
AcDbEntity
  8
ACIER_LONG
100
AcDbCircle
 10
41.0
 20
8579.40923787529
 30
0.0
 40
5.0
  0
CIRCLE
  5
63E
330
17
100
AcDbEntity
  8
ACIER_LONG
100
AcDbCircle
 10
41.0
 20
8565.703926096998
 30
0.0
 40
5.0
  0
CIRCLE
  5
63F
330
17
100
AcDbEntity
  8
ACIER_LONG
100
AcDbCircle
 10
41.0
 20
8551.998614318705
 30
0.0
 40
5.0
  0
CIRCLE
  5
640
330
17
100
AcDbEntity
  8
ACIER_LONG
100
AcDbCircle
 10
41.0
 20
8538.293302540416
 30
0.0
 40
5.0
  0
CIRCLE
  5
641
330
17
100
AcDbEntity
  8
ACIER_LONG
100
AcDbCircle
 10
41.0
 20
8524.587990762124
 30
0.0
 40
5.0
  0
CIRCLE
  5
642
330
17
100
AcDbEntity
  8
ACIER_LONG
100
AcDbCircle
 10
41.0
 20
8510.882678983835
 30
0.0
 40
5.0
  0
CIRCLE
  5
643
330
17
100
AcDbEntity
  8
ACIER_LONG
100
AcDbCircle
 10
41.0
 20
8497.177367205542
 30
0.0
 40
5.0
  0
CIRCLE
  5
644
330
17
100
AcDbEntity
  8
ACIER_LONG
100
AcDbCircle
 10
41.0
 20
8483.472055427254
 30
0.0
 40
5.0
  0
CIRCLE
  5
645
330
17
100
AcDbEntity
  8
ACIER_LONG
100
AcDbCircle
 10
41.0
 20
8469.766743648961
 30
0.0
 40
5.0
  0
CIRCLE
  5
646
330
17
100
AcDbEntity
  8
ACIER_LONG
100
AcDbCircle
 10
41.0
 20
8456.061431870668
 30
0.0
 40
5.0
  0
CIRCLE
  5
647
330
17
100
AcDbEntity
  8
ACIER_LONG
100
AcDbCircle
 10
41.0
 20
8442.35612009238
 30
0.0
 40
5.0
  0
CIRCLE
  5
648
330
17
100
AcDbEntity
  8
ACIER_LONG
100
AcDbCircle
 10
41.0
 20
8428.650808314087
 30
0.0
 40
5.0
  0
CIRCLE
  5
649
330
17
100
AcDbEntity
  8
ACIER_LONG
100
AcDbCircle
 10
41.0
 20
8414.945496535798
 30
0.0
 40
5.0
  0
CIRCLE
  5
64A
330
17
100
AcDbEntity
  8
ACIER_LONG
100
AcDbCircle
 10
41.0
 20
8401.240184757506
 30
0.0
 40
5.0
  0
CIRCLE
  5
64B
330
17
100
AcDbEntity
  8
ACIER_LONG
100
AcDbCircle
 10
41.0
 20
8387.534872979213
 30
0.0
 40
5.0
  0
CIRCLE
  5
64C
330
17
100
AcDbEntity
  8
ACIER_LONG
100
AcDbCircle
 10
41.0
 20
8373.829561200924
 30
0.0
 40
5.0
  0
CIRCLE
  5
64D
330
17
100
AcDbEntity
  8
ACIER_LONG
100
AcDbCircle
 10
41.0
 20
8360.124249422632
 30
0.0
 40
5.0
  0
CIRCLE
  5
64E
330
17
100
AcDbEntity
  8
ACIER_LONG
100
AcDbCircle
 10
41.0
 20
8346.418937644343
 30
0.0
 40
5.0
  0
CIRCLE
  5
64F
330
17
100
AcDbEntity
  8
ACIER_LONG
100
AcDbCircle
 10
41.0
 20
8332.71362586605
 30
0.0
 40
5.0
  0
CIRCLE
  5
650
330
17
100
AcDbEntity
  8
ACIER_LONG
100
AcDbCircle
 10
41.0
 20
8319.008314087761
 30
0.0
 40
5.0
  0
CIRCLE
  5
651
330
17
100
AcDbEntity
  8
ACIER_LONG
100
AcDbCircle
 10
41.0
 20
8305.303002309469
 30
0.0
 40
5.0
  0
CIRCLE
  5
652
330
17
100
AcDbEntity
  8
ACIER_LONG
100
AcDbCircle
 10
41.0
 20
8291.597690531176
 30
0.0
 40
5.0
  0
CIRCLE
  5
653
330
17
100
AcDbEntity
  8
ACIER_LONG
100
AcDbCircle
 10
41.0
 20
8277.892378752887
 30
0.0
 40
5.0
  0
CIRCLE
  5
654
330
17
100
AcDbEntity
  8
ACIER_LONG
100
AcDbCircle
 10
41.0
 20
8264.187066974595
 30
0.0
 40
5.0
  0
CIRCLE
  5
655
330
17
100
AcDbEntity
  8
ACIER_LONG
100
AcDbCircle
 10
41.0
 20
8250.481755196306
 30
0.0
 40
5.0
  0
CIRCLE
  5
656
330
17
100
AcDbEntity
  8
ACIER_LONG
100
AcDbCircle
 10
41.0
 20
8236.776443418014
 30
0.0
 40
5.0
  0
CIRCLE
  5
657
330
17
100
AcDbEntity
  8
ACIER_LONG
100
AcDbCircle
 10
41.0
 20
8223.071131639725
 30
0.0
 40
5.0
  0
CIRCLE
  5
658
330
17
100
AcDbEntity
  8
ACIER_LONG
100
AcDbCircle
 10
41.0
 20
8209.365819861432
 30
0.0
 40
5.0
  0
CIRCLE
  5
659
330
17
100
AcDbEntity
  8
ACIER_LONG
100
AcDbCircle
 10
41.0
 20
8195.66050808314
 30
0.0
 40
5.0
  0
CIRCLE
  5
65A
330
17
100
AcDbEntity
  8
ACIER_LONG
100
AcDbCircle
 10
41.0
 20
8181.955196304851
 30
0.0
 40
5.0
  0
CIRCLE
  5
65B
330
17
100
AcDbEntity
  8
ACIER_LONG
100
AcDbCircle
 10
41.0
 20
8168.249884526558
 30
0.0
 40
5.0
  0
CIRCLE
  5
65C
330
17
100
AcDbEntity
  8
ACIER_LONG
100
AcDbCircle
 10
41.0
 20
8154.544572748269
 30
0.0
 40
5.0
  0
CIRCLE
  5
65D
330
17
100
AcDbEntity
  8
ACIER_LONG
100
AcDbCircle
 10
41.0
 20
8140.839260969977
 30
0.0
 40
5.0
  0
CIRCLE
  5
65E
330
17
100
AcDbEntity
  8
ACIER_LONG
100
AcDbCircle
 10
41.0
 20
8127.133949191684
 30
0.0
 40
5.0
  0
CIRCLE
  5
65F
330
17
100
AcDbEntity
  8
ACIER_LONG
100
AcDbCircle
 10
41.0
 20
8113.428637413395
 30
0.0
 40
5.0
  0
CIRCLE
  5
660
330
17
100
AcDbEntity
  8
ACIER_LONG
100
AcDbCircle
 10
41.0
 20
8099.723325635103
 30
0.0
 40
5.0
  0
CIRCLE
  5
661
330
17
100
AcDbEntity
  8
ACIER_LONG
100
AcDbCircle
 10
41.0
 20
8086.018013856814
 30
0.0
 40
5.0
  0
CIRCLE
  5
662
330
17
100
AcDbEntity
  8
ACIER_LONG
100
AcDbCircle
 10
41.0
 20
8072.312702078521
 30
0.0
 40
5.0
  0
CIRCLE
  5
663
330
17
100
AcDbEntity
  8
ACIER_LONG
100
AcDbCircle
 10
41.0
 20
8058.6073903002325
 30
0.0
 40
5.0
  0
CIRCLE
  5
664
330
17
100
AcDbEntity
  8
ACIER_LONG
100
AcDbCircle
 10
41.0
 20
8044.90207852194
 30
0.0
 40
5.0
  0
CIRCLE
  5
665
330
17
100
AcDbEntity
  8
ACIER_LONG
100
AcDbCircle
 10
41.0
 20
8031.1967667436475
 30
0.0
 40
5.0
  0
CIRCLE
  5
666
330
17
100
AcDbEntity
  8
ACIER_LONG
100
AcDbCircle
 10
41.0
 20
8017.491454965359
 30
0.0
 40
5.0
  0
CIRCLE
  5
667
330
17
100
AcDbEntity
  8
ACIER_LONG
100
AcDbCircle
 10
41.0
 20
8003.786143187066
 30
0.0
 40
5.0
  0
CIRCLE
  5
668
330
17
100
AcDbEntity
  8
ACIER_LONG
100
AcDbCircle
 10
41.0
 20
7990.080831408777
 30
0.0
 40
5.0
  0
CIRCLE
  5
669
330
17
100
AcDbEntity
  8
ACIER_LONG
100
AcDbCircle
 10
41.0
 20
7976.375519630485
 30
0.0
 40
5.0
  0
CIRCLE
  5
66A
330
17
100
AcDbEntity
  8
ACIER_LONG
100
AcDbCircle
 10
41.0
 20
7962.670207852196
 30
0.0
 40
5.0
  0
CIRCLE
  5
66B
330
17
100
AcDbEntity
  8
ACIER_LONG
100
AcDbCircle
 10
41.0
 20
7948.964896073903
 30
0.0
 40
5.0
  0
CIRCLE
  5
66C
330
17
100
AcDbEntity
  8
ACIER_LONG
100
AcDbCircle
 10
41.0
 20
7935.259584295611
 30
0.0
 40
5.0
  0
CIRCLE
  5
66D
330
17
100
AcDbEntity
  8
ACIER_LONG
100
AcDbCircle
 10
41.0
 20
7921.554272517322
 30
0.0
 40
5.0
  0
CIRCLE
  5
66E
330
17
100
AcDbEntity
  8
ACIER_LONG
100
AcDbCircle
 10
41.0
 20
7907.848960739029
 30
0.0
 40
5.0
  0
CIRCLE
  5
66F
330
17
100
AcDbEntity
  8
ACIER_LONG
100
AcDbCircle
 10
41.0
 20
7894.14364896074
 30
0.0
 40
5.0
  0
CIRCLE
  5
670
330
17
100
AcDbEntity
  8
ACIER_LONG
100
AcDbCircle
 10
41.0
 20
7880.438337182448
 30
0.0
 40
5.0
  0
CIRCLE
  5
671
330
17
100
AcDbEntity
  8
ACIER_LONG
100
AcDbCircle
 10
41.0
 20
7866.733025404155
 30
0.0
 40
5.0
  0
CIRCLE
  5
672
330
17
100
AcDbEntity
  8
ACIER_LONG
100
AcDbCircle
 10
41.0
 20
7853.027713625866
 30
0.0
 40
5.0
  0
CIRCLE
  5
673
330
17
100
AcDbEntity
  8
ACIER_LONG
100
AcDbCircle
 10
41.0
 20
7839.322401847574
 30
0.0
 40
5.0
  0
CIRCLE
  5
674
330
17
100
AcDbEntity
  8
ACIER_LONG
100
AcDbCircle
 10
41.0
 20
7825.617090069285
 30
0.0
 40
5.0
  0
CIRCLE
  5
675
330
17
100
AcDbEntity
  8
ACIER_LONG
100
AcDbCircle
 10
41.0
 20
7811.9117782909925
 30
0.0
 40
5.0
  0
CIRCLE
  5
676
330
17
100
AcDbEntity
  8
ACIER_LONG
100
AcDbCircle
 10
41.0
 20
7798.206466512704
 30
0.0
 40
5.0
  0
CIRCLE
  5
677
330
17
100
AcDbEntity
  8
ACIER_LONG
100
AcDbCircle
 10
41.0
 20
7784.501154734411
 30
0.0
 40
5.0
  0
CIRCLE
  5
678
330
17
100
AcDbEntity
  8
ACIER_LONG
100
AcDbCircle
 10
41.0
 20
7770.795842956119
 30
0.0
 40
5.0
  0
CIRCLE
  5
679
330
17
100
AcDbEntity
  8
ACIER_LONG
100
AcDbCircle
 10
41.0
 20
7757.09053117783
 30
0.0
 40
5.0
  0
CIRCLE
  5
67A
330
17
100
AcDbEntity
  8
ACIER_LONG
100
AcDbCircle
 10
41.0
 20
7743.385219399537
 30
0.0
 40
5.0
  0
CIRCLE
  5
67B
330
17
100
AcDbEntity
  8
ACIER_LONG
100
AcDbCircle
 10
41.0
 20
7729.679907621248
 30
0.0
 40
5.0
  0
CIRCLE
  5
67C
330
17
100
AcDbEntity
  8
ACIER_LONG
100
AcDbCircle
 10
41.0
 20
7715.974595842956
 30
0.0
 40
5.0
  0
CIRCLE
  5
67D
330
17
100
AcDbEntity
  8
ACIER_LONG
100
AcDbCircle
 10
41.0
 20
7702.269284064667
 30
0.0
 40
5.0
  0
CIRCLE
  5
67E
330
17
100
AcDbEntity
  8
ACIER_LONG
100
AcDbCircle
 10
41.0
 20
7688.563972286374
 30
0.0
 40
5.0
  0
CIRCLE
  5
67F
330
17
100
AcDbEntity
  8
ACIER_LONG
100
AcDbCircle
 10
41.0
 20
7674.858660508082
 30
0.0
 40
5.0
  0
CIRCLE
  5
680
330
17
100
AcDbEntity
  8
ACIER_LONG
100
AcDbCircle
 10
41.0
 20
7661.153348729793
 30
0.0
 40
5.0
  0
CIRCLE
  5
681
330
17
100
AcDbEntity
  8
ACIER_LONG
100
AcDbCircle
 10
41.0
 20
7647.4480369515
 30
0.0
 40
5.0
  0
CIRCLE
  5
682
330
17
100
AcDbEntity
  8
ACIER_LONG
100
AcDbCircle
 10
41.0
 20
7633.7427251732115
 30
0.0
 40
5.0
  0
CIRCLE
  5
683
330
17
100
AcDbEntity
  8
ACIER_LONG
100
AcDbCircle
 10
41.0
 20
7620.037413394919
 30
0.0
 40
5.0
  0
CIRCLE
  5
684
330
17
100
AcDbEntity
  8
ACIER_LONG
100
AcDbCircle
 10
41.0
 20
7606.3321016166265
 30
0.0
 40
5.0
  0
CIRCLE
  5
685
330
17
100
AcDbEntity
  8
ACIER_LONG
100
AcDbCircle
 10
41.0
 20
7592.626789838338
 30
0.0
 40
5.0
  0
CIRCLE
  5
686
330
17
100
AcDbEntity
  8
ACIER_LONG
100
AcDbCircle
 10
41.0
 20
7578.921478060045
 30
0.0
 40
5.0
  0
CIRCLE
  5
687
330
17
100
AcDbEntity
  8
ACIER_LONG
100
AcDbCircle
 10
41.0
 20
7565.216166281756
 30
0.0
 40
5.0
  0
CIRCLE
  5
688
330
17
100
AcDbEntity
  8
ACIER_LONG
100
AcDbCircle
 10
41.0
 20
7551.510854503464
 30
0.0
 40
5.0
  0
CIRCLE
  5
689
330
17
100
AcDbEntity
  8
ACIER_LONG
100
AcDbCircle
 10
41.0
 20
7537.805542725175
 30
0.0
 40
5.0
  0
CIRCLE
  5
68A
330
17
100
AcDbEntity
  8
ACIER_LONG
100
AcDbCircle
 10
41.0
 20
7524.100230946882
 30
0.0
 40
5.0
  0
CIRCLE
  5
68B
330
17
100
AcDbEntity
  8
ACIER_LONG
100
AcDbCircle
 10
41.0
 20
7510.39491916859
 30
0.0
 40
5.0
  0
CIRCLE
  5
68C
330
17
100
AcDbEntity
  8
ACIER_LONG
100
AcDbCircle
 10
41.0
 20
7496.689607390301
 30
0.0
 40
5.0
  0
CIRCLE
  5
68D
330
17
100
AcDbEntity
  8
ACIER_LONG
100
AcDbCircle
 10
41.0
 20
7482.984295612008
 30
0.0
 40
5.0
  0
CIRCLE
  5
68E
330
17
100
AcDbEntity
  8
ACIER_LONG
100
AcDbCircle
 10
41.0
 20
7469.278983833719
 30
0.0
 40
5.0
  0
CIRCLE
  5
68F
330
17
100
AcDbEntity
  8
ACIER_LONG
100
AcDbCircle
 10
41.0
 20
7455.573672055427
 30
0.0
 40
5.0
  0
CIRCLE
  5
690
330
17
100
AcDbEntity
  8
ACIER_LONG
100
AcDbCircle
 10
41.0
 20
7441.868360277138
 30
0.0
 40
5.0
  0
CIRCLE
  5
691
330
17
100
AcDbEntity
  8
ACIER_LONG
100
AcDbCircle
 10
41.0
 20
7428.1630484988455
 30
0.0
 40
5.0
  0
CIRCLE
  5
692
330
17
100
AcDbEntity
  8
ACIER_LONG
100
AcDbCircle
 10
41.0
 20
7414.457736720553
 30
0.0
 40
5.0
  0
CIRCLE
  5
693
330
17
100
AcDbEntity
  8
ACIER_LONG
100
AcDbCircle
 10
41.0
 20
7400.752424942264
 30
0.0
 40
5.0
  0
CIRCLE
  5
694
330
17
100
AcDbEntity
  8
ACIER_LONG
100
AcDbCircle
 10
41.0
 20
7387.0471131639715
 30
0.0
 40
5.0
  0
CIRCLE
  5
695
330
17
100
AcDbEntity
  8
ACIER_LONG
100
AcDbCircle
 10
41.0
 20
7373.341801385683
 30
0.0
 40
5.0
  0
CIRCLE
  5
696
330
17
100
AcDbEntity
  8
ACIER_LONG
100
AcDbCircle
 10
41.0
 20
7359.63648960739
 30
0.0
 40
5.0
  0
CIRCLE
  5
697
330
17
100
AcDbEntity
  8
ACIER_LONG
100
AcDbCircle
 10
41.0
 20
7345.931177829098
 30
0.0
 40
5.0
  0
CIRCLE
  5
698
330
17
100
AcDbEntity
  8
ACIER_LONG
100
AcDbCircle
 10
41.0
 20
7332.225866050809
 30
0.0
 40
5.0
  0
CIRCLE
  5
699
330
17
100
AcDbEntity
  8
ACIER_LONG
100
AcDbCircle
 10
41.0
 20
7318.520554272516
 30
0.0
 40
5.0
  0
CIRCLE
  5
69A
330
17
100
AcDbEntity
  8
ACIER_LONG
100
AcDbCircle
 10
41.0
 20
7304.815242494227
 30
0.0
 40
5.0
  0
CIRCLE
  5
69B
330
17
100
AcDbEntity
  8
ACIER_LONG
100
AcDbCircle
 10
41.0
 20
7291.109930715935
 30
0.0
 40
5.0
  0
CIRCLE
  5
69C
330
17
100
AcDbEntity
  8
ACIER_LONG
100
AcDbCircle
 10
41.0
 20
7277.404618937646
 30
0.0
 40
5.0
  0
CIRCLE
  5
69D
330
17
100
AcDbEntity
  8
ACIER_LONG
100
AcDbCircle
 10
41.0
 20
7263.699307159353
 30
0.0
 40
5.0
  0
CIRCLE
  5
69E
330
17
100
AcDbEntity
  8
ACIER_LONG
100
AcDbCircle
 10
41.0
 20
7249.993995381061
 30
0.0
 40
5.0
  0
CIRCLE
  5
69F
330
17
100
AcDbEntity
  8
ACIER_LONG
100
AcDbCircle
 10
41.0
 20
7236.288683602772
 30
0.0
 40
5.0
  0
CIRCLE
  5
6A0
330
17
100
AcDbEntity
  8
ACIER_LONG
100
AcDbCircle
 10
41.0
 20
7222.583371824479
 30
0.0
 40
5.0
  0
CIRCLE
  5
6A1
330
17
100
AcDbEntity
  8
ACIER_LONG
100
AcDbCircle
 10
41.0
 20
7208.8780600461905
 30
0.0
 40
5.0
  0
CIRCLE
  5
6A2
330
17
100
AcDbEntity
  8
ACIER_LONG
100
AcDbCircle
 10
41.0
 20
7195.172748267898
 30
0.0
 40
5.0
  0
CIRCLE
  5
6A3
330
17
100
AcDbEntity
  8
ACIER_LONG
100
AcDbCircle
 10
41.0
 20
7181.467436489609
 30
0.0
 40
5.0
  0
CIRCLE
  5
6A4
330
17
100
AcDbEntity
  8
ACIER_LONG
100
AcDbCircle
 10
41.0
 20
7167.762124711317
 30
0.0
 40
5.0
  0
CIRCLE
  5
6A5
330
17
100
AcDbEntity
  8
ACIER_LONG
100
AcDbCircle
 10
41.0
 20
7154.056812933024
 30
0.0
 40
5.0
  0
CIRCLE
  5
6A6
330
17
100
AcDbEntity
  8
ACIER_LONG
100
AcDbCircle
 10
41.0
 20
7140.351501154735
 30
0.0
 40
5.0
  0
CIRCLE
  5
6A7
330
17
100
AcDbEntity
  8
ACIER_LONG
100
AcDbCircle
 10
41.0
 20
7126.646189376443
 30
0.0
 40
5.0
  0
CIRCLE
  5
6A8
330
17
100
AcDbEntity
  8
ACIER_LONG
100
AcDbCircle
 10
41.0
 20
7112.940877598154
 30
0.0
 40
5.0
  0
CIRCLE
  5
6A9
330
17
100
AcDbEntity
  8
ACIER_LONG
100
AcDbCircle
 10
41.0
 20
7099.235565819861
 30
0.0
 40
5.0
  0
CIRCLE
  5
6AA
330
17
100
AcDbEntity
  8
ACIER_LONG
100
AcDbCircle
 10
41.0
 20
7085.530254041569
 30
0.0
 40
5.0
  0
CIRCLE
  5
6AB
330
17
100
AcDbEntity
  8
ACIER_LONG
100
AcDbCircle
 10
41.0
 20
7071.82494226328
 30
0.0
 40
5.0
  0
CIRCLE
  5
6AC
330
17
100
AcDbEntity
  8
ACIER_LONG
100
AcDbCircle
 10
41.0
 20
7058.119630484987
 30
0.0
 40
5.0
  0
CIRCLE
  5
6AD
330
17
100
AcDbEntity
  8
ACIER_LONG
100
AcDbCircle
 10
41.0
 20
7044.414318706698
 30
0.0
 40
5.0
  0
CIRCLE
  5
6AE
330
17
100
AcDbEntity
  8
ACIER_LONG
100
AcDbCircle
 10
41.0
 20
7030.709006928406
 30
0.0
 40
5.0
  0
CIRCLE
  5
6AF
330
17
100
AcDbEntity
  8
ACIER_LONG
100
AcDbCircle
 10
41.0
 20
7017.003695150117
 30
0.0
 40
5.0
  0
CIRCLE
  5
6B0
330
17
100
AcDbEntity
  8
ACIER_LONG
100
AcDbCircle
 10
41.0
 20
7003.2983833718245
 30
0.0
 40
5.0
  0
CIRCLE
  5
6B1
330
17
100
AcDbEntity
  8
ACIER_LONG
100
AcDbCircle
 10
41.0
 20
6989.593071593532
 30
0.0
 40
5.0
  0
CIRCLE
  5
6B2
330
17
100
AcDbEntity
  8
ACIER_LONG
100
AcDbCircle
 10
41.0
 20
6975.887759815243
 30
0.0
 40
5.0
  0
CIRCLE
  5
6B3
330
17
100
AcDbEntity
  8
ACIER_LONG
100
AcDbCircle
 10
41.0
 20
6962.1824480369505
 30
0.0
 40
5.0
  0
CIRCLE
  5
6B4
330
17
100
AcDbEntity
  8
ACIER_LONG
100
AcDbCircle
 10
41.0
 20
6948.477136258662
 30
0.0
 40
5.0
  0
CIRCLE
  5
6B5
330
17
100
AcDbEntity
  8
ACIER_LONG
100
AcDbCircle
 10
41.0
 20
6934.771824480369
 30
0.0
 40
5.0
  0
CIRCLE
  5
6B6
330
17
100
AcDbEntity
  8
ACIER_LONG
100
AcDbCircle
 10
41.0
 20
6921.06651270208
 30
0.0
 40
5.0
  0
CIRCLE
  5
6B7
330
17
100
AcDbEntity
  8
ACIER_LONG
100
AcDbCircle
 10
41.0
 20
6907.361200923788
 30
0.0
 40
5.0
  0
CIRCLE
  5
6B8
330
17
100
AcDbEntity
  8
ACIER_LONG
100
AcDbCircle
 10
41.0
 20
6893.655889145495
 30
0.0
 40
5.0
  0
CIRCLE
  5
6B9
330
17
100
AcDbEntity
  8
ACIER_LONG
100
AcDbCircle
 10
41.0
 20
6879.950577367206
 30
0.0
 40
5.0
  0
CIRCLE
  5
6BA
330
17
100
AcDbEntity
  8
ACIER_LONG
100
AcDbCircle
 10
41.0
 20
6866.245265588914
 30
0.0
 40
5.0
  0
CIRCLE
  5
6BB
330
17
100
AcDbEntity
  8
ACIER_LONG
100
AcDbCircle
 10
41.0
 20
6852.539953810625
 30
0.0
 40
5.0
  0
CIRCLE
  5
6BC
330
17
100
AcDbEntity
  8
ACIER_LONG
100
AcDbCircle
 10
41.0
 20
6838.834642032332
 30
0.0
 40
5.0
  0
CIRCLE
  5
6BD
330
17
100
AcDbEntity
  8
ACIER_LONG
100
AcDbCircle
 10
41.0
 20
6825.12933025404
 30
0.0
 40
5.0
  0
CIRCLE
  5
6BE
330
17
100
AcDbEntity
  8
ACIER_LONG
100
AcDbCircle
 10
41.0
 20
6811.424018475751
 30
0.0
 40
5.0
  0
CIRCLE
  5
6BF
330
17
100
AcDbEntity
  8
ACIER_LONG
100
AcDbCircle
 10
41.0
 20
6797.718706697458
 30
0.0
 40
5.0
  0
CIRCLE
  5
6C0
330
17
100
AcDbEntity
  8
ACIER_LONG
100
AcDbCircle
 10
41.0
 20
6784.0133949191695
 30
0.0
 40
5.0
  0
CIRCLE
  5
6C1
330
17
100
AcDbEntity
  8
ACIER_LONG
100
AcDbCircle
 10
41.0
 20
6770.308083140877
 30
0.0
 40
5.0
  0
CIRCLE
  5
6C2
330
17
100
AcDbEntity
  8
ACIER_LONG
100
AcDbCircle
 10
41.0
 20
6756.602771362588
 30
0.0
 40
5.0
  0
CIRCLE
  5
6C3
330
17
100
AcDbEntity
  8
ACIER_LONG
100
AcDbCircle
 10
41.0
 20
6742.897459584296
 30
0.0
 40
5.0
  0
CIRCLE
  5
6C4
330
17
100
AcDbEntity
  8
ACIER_LONG
100
AcDbCircle
 10
41.0
 20
6729.192147806003
 30
0.0
 40
5.0
  0
CIRCLE
  5
6C5
330
17
100
AcDbEntity
  8
ACIER_LONG
100
AcDbCircle
 10
41.0
 20
6715.486836027714
 30
0.0
 40
5.0
  0
CIRCLE
  5
6C6
330
17
100
AcDbEntity
  8
ACIER_LONG
100
AcDbCircle
 10
41.0
 20
6701.781524249422
 30
0.0
 40
5.0
  0
CIRCLE
  5
6C7
330
17
100
AcDbEntity
  8
ACIER_LONG
100
AcDbCircle
 10
41.0
 20
6688.076212471133
 30
0.0
 40
5.0
  0
CIRCLE
  5
6C8
330
17
100
AcDbEntity
  8
ACIER_LONG
100
AcDbCircle
 10
41.0
 20
6674.37090069284
 30
0.0
 40
5.0
  0
CIRCLE
  5
6C9
330
17
100
AcDbEntity
  8
ACIER_LONG
100
AcDbCircle
 10
41.0
 20
6660.665588914551
 30
0.0
 40
5.0
  0
CIRCLE
  5
6CA
330
17
100
AcDbEntity
  8
ACIER_LONG
100
AcDbCircle
 10
41.0
 20
6646.960277136259
 30
0.0
 40
5.0
  0
CIRCLE
  5
6CB
330
17
100
AcDbEntity
  8
ACIER_LONG
100
AcDbCircle
 10
41.0
 20
6633.254965357966
 30
0.0
 40
5.0
  0
CIRCLE
  5
6CC
330
17
100
AcDbEntity
  8
ACIER_LONG
100
AcDbCircle
 10
41.0
 20
6619.549653579677
 30
0.0
 40
5.0
  0
CIRCLE
  5
6CD
330
17
100
AcDbEntity
  8
ACIER_LONG
100
AcDbCircle
 10
41.0
 20
6605.844341801385
 30
0.0
 40
5.0
  0
CIRCLE
  5
6CE
330
17
100
AcDbEntity
  8
ACIER_LONG
100
AcDbCircle
 10
41.0
 20
6592.139030023096
 30
0.0
 40
5.0
  0
CIRCLE
  5
6CF
330
17
100
AcDbEntity
  8
ACIER_LONG
100
AcDbCircle
 10
41.0
 20
6578.4337182448035
 30
0.0
 40
5.0
  0
CIRCLE
  5
6D0
330
17
100
AcDbEntity
  8
ACIER_LONG
100
AcDbCircle
 10
41.0
 20
6564.728406466511
 30
0.0
 40
5.0
  0
CIRCLE
  5
6D1
330
17
100
AcDbEntity
  8
ACIER_LONG
100
AcDbCircle
 10
41.0
 20
6551.023094688222
 30
0.0
 40
5.0
  0
CIRCLE
  5
6D2
330
17
100
AcDbEntity
  8
ACIER_LONG
100
AcDbCircle
 10
41.0
 20
6537.3177829099295
 30
0.0
 40
5.0
  0
CIRCLE
  5
6D3
330
17
100
AcDbEntity
  8
ACIER_LONG
100
AcDbCircle
 10
41.0
 20
6523.612471131641
 30
0.0
 40
5.0
  0
CIRCLE
  5
6D4
330
17
100
AcDbEntity
  8
ACIER_LONG
100
AcDbCircle
 10
41.0
 20
6509.907159353348
 30
0.0
 40
5.0
  0
CIRCLE
  5
6D5
330
17
100
AcDbEntity
  8
ACIER_LONG
100
AcDbCircle
 10
41.0
 20
6496.201847575059
 30
0.0
 40
5.0
  0
CIRCLE
  5
6D6
330
17
100
AcDbEntity
  8
ACIER_LONG
100
AcDbCircle
 10
41.0
 20
6482.496535796767
 30
0.0
 40
5.0
  0
CIRCLE
  5
6D7
330
17
100
AcDbEntity
  8
ACIER_LONG
100
AcDbCircle
 10
41.0
 20
6468.791224018474
 30
0.0
 40
5.0
  0
CIRCLE
  5
6D8
330
17
100
AcDbEntity
  8
ACIER_LONG
100
AcDbCircle
 10
41.0
 20
6455.085912240185
 30
0.0
 40
5.0
  0
CIRCLE
  5
6D9
330
17
100
AcDbEntity
  8
ACIER_LONG
100
AcDbCircle
 10
41.0
 20
6441.380600461893
 30
0.0
 40
5.0
  0
CIRCLE
  5
6DA
330
17
100
AcDbEntity
  8
ACIER_LONG
100
AcDbCircle
 10
41.0
 20
6427.675288683604
 30
0.0
 40
5.0
  0
CIRCLE
  5
6DB
330
17
100
AcDbEntity
  8
ACIER_LONG
100
AcDbCircle
 10
41.0
 20
6413.969976905311
 30
0.0
 40
5.0
  0
CIRCLE
  5
6DC
330
17
100
AcDbEntity
  8
ACIER_LONG
100
AcDbCircle
 10
41.0
 20
6400.264665127022
 30
0.0
 40
5.0
  0
CIRCLE
  5
6DD
330
17
100
AcDbEntity
  8
ACIER_LONG
100
AcDbCircle
 10
41.0
 20
6386.55935334873
 30
0.0
 40
5.0
  0
CIRCLE
  5
6DE
330
17
100
AcDbEntity
  8
ACIER_LONG
100
AcDbCircle
 10
41.0
 20
6372.854041570437
 30
0.0
 40
5.0
  0
CIRCLE
  5
6DF
330
17
100
AcDbEntity
  8
ACIER_LONG
100
AcDbCircle
 10
41.0
 20
6359.1487297921485
 30
0.0
 40
5.0
  0
CIRCLE
  5
6E0
330
17
100
AcDbEntity
  8
ACIER_LONG
100
AcDbCircle
 10
41.0
 20
6345.443418013856
 30
0.0
 40
5.0
  0
CIRCLE
  5
6E1
330
17
100
AcDbEntity
  8
ACIER_LONG
100
AcDbCircle
 10
41.0
 20
6331.738106235567
 30
0.0
 40
5.0
  0
CIRCLE
  5
6E2
330
17
100
AcDbEntity
  8
ACIER_LONG
100
AcDbCircle
 10
41.0
 20
6318.032794457275
 30
0.0
 40
5.0
  0
CIRCLE
  5
6E3
330
17
100
AcDbEntity
  8
ACIER_LONG
100
AcDbCircle
 10
41.0
 20
6304.327482678982
 30
0.0
 40
5.0
  0
CIRCLE
  5
6E4
330
17
100
AcDbEntity
  8
ACIER_LONG
100
AcDbCircle
 10
41.0
 20
6290.622170900693
 30
0.0
 40
5.0
  0
CIRCLE
  5
6E5
330
17
100
AcDbEntity
  8
ACIER_LONG
100
AcDbCircle
 10
41.0
 20
6276.916859122401
 30
0.0
 40
5.0
  0
CIRCLE
  5
6E6
330
17
100
AcDbEntity
  8
ACIER_LONG
100
AcDbCircle
 10
41.0
 20
6263.211547344112
 30
0.0
 40
5.0
  0
CIRCLE
  5
6E7
330
17
100
AcDbEntity
  8
ACIER_LONG
100
AcDbCircle
 10
41.0
 20
6249.506235565819
 30
0.0
 40
5.0
  0
CIRCLE
  5
6E8
330
17
100
AcDbEntity
  8
ACIER_LONG
100
AcDbCircle
 10
41.0
 20
6235.80092378753
 30
0.0
 40
5.0
  0
CIRCLE
  5
6E9
330
17
100
AcDbEntity
  8
ACIER_LONG
100
AcDbCircle
 10
41.0
 20
6222.095612009238
 30
0.0
 40
5.0
  0
CIRCLE
  5
6EA
330
17
100
AcDbEntity
  8
ACIER_LONG
100
AcDbCircle
 10
41.0
 20
6208.390300230945
 30
0.0
 40
5.0
  0
CIRCLE
  5
6EB
330
17
100
AcDbEntity
  8
ACIER_LONG
100
AcDbCircle
 10
41.0
 20
6194.684988452656
 30
0.0
 40
5.0
  0
CIRCLE
  5
6EC
330
17
100
AcDbEntity
  8
ACIER_LONG
100
AcDbCircle
 10
41.0
 20
6180.979676674364
 30
0.0
 40
5.0
  0
CIRCLE
  5
6ED
330
17
100
AcDbEntity
  8
ACIER_LONG
100
AcDbCircle
 10
41.0
 20
6167.274364896075
 30
0.0
 40
5.0
  0
CIRCLE
  5
6EE
330
17
100
AcDbEntity
  8
ACIER_LONG
100
AcDbCircle
 10
41.0
 20
6153.5690531177825
 30
0.0
 40
5.0
  0
CIRCLE
  5
6EF
330
17
100
AcDbEntity
  8
ACIER_LONG
100
AcDbCircle
 10
41.0
 20
6139.863741339494
 30
0.0
 40
5.0
  0
CIRCLE
  5
6F0
330
17
100
AcDbEntity
  8
ACIER_LONG
100
AcDbCircle
 10
41.0
 20
6126.158429561201
 30
0.0
 40
5.0
  0
CIRCLE
  5
6F1
330
17
100
AcDbEntity
  8
ACIER_LONG
100
AcDbCircle
 10
41.0
 20
6112.4531177829085
 30
0.0
 40
5.0
  0
CIRCLE
  5
6F2
330
17
100
AcDbEntity
  8
ACIER_LONG
100
AcDbCircle
 10
41.0
 20
6098.74780600462
 30
0.0
 40
5.0
  0
CIRCLE
  5
6F3
330
17
100
AcDbEntity
  8
ACIER_LONG
100
AcDbCircle
 10
41.0
 20
6085.042494226327
 30
0.0
 40
5.0
  0
CIRCLE
  5
6F4
330
17
100
AcDbEntity
  8
ACIER_LONG
100
AcDbCircle
 10
41.0
 20
6071.337182448038
 30
0.0
 40
5.0
  0
CIRCLE
  5
6F5
330
17
100
AcDbEntity
  8
ACIER_LONG
100
AcDbCircle
 10
41.0
 20
6057.631870669746
 30
0.0
 40
5.0
  0
CIRCLE
  5
6F6
330
17
100
AcDbEntity
  8
ACIER_LONG
100
AcDbCircle
 10
41.0
 20
6043.926558891453
 30
0.0
 40
5.0
  0
CIRCLE
  5
6F7
330
17
100
AcDbEntity
  8
ACIER_LONG
100
AcDbCircle
 10
41.0
 20
6030.221247113164
 30
0.0
 40
5.0
  0
CIRCLE
  5
6F8
330
17
100
AcDbEntity
  8
ACIER_LONG
100
AcDbCircle
 10
41.0
 20
6016.515935334872
 30
0.0
 40
5.0
  0
CIRCLE
  5
6F9
330
17
100
AcDbEntity
  8
ACIER_LONG
100
AcDbCircle
 10
41.0
 20
6002.810623556583
 30
0.0
 40
5.0
  0
CIRCLE
  5
6FA
330
17
100
AcDbEntity
  8
ACIER_LONG
100
AcDbCircle
 10
41.0
 20
5989.10531177829
 30
0.0
 40
5.0
  0
CIRCLE
  5
6FB
330
17
100
AcDbEntity
  8
ACIER_LONG
100
AcDbCircle
 10
41.0
 20
5975.4000000000015
 30
0.0
 40
5.0
  0
CIRCLE
  5
6FC
330
17
100
AcDbEntity
  8
ACIER_LONG
100
AcDbCircle
 10
41.0
 20
5961.694688221709
 30
0.0
 40
5.0
  0
CIRCLE
  5
6FD
330
17
100
AcDbEntity
  8
ACIER_LONG
100
AcDbCircle
 10
41.0
 20
5947.989376443416
 30
0.0
 40
5.0
  0
CIRCLE
  5
6FE
330
17
100
AcDbEntity
  8
ACIER_LONG
100
AcDbCircle
 10
41.0
 20
5934.2840646651275
 30
0.0
 40
5.0
  0
CIRCLE
  5
6FF
330
17
100
AcDbEntity
  8
ACIER_LONG
100
AcDbCircle
 10
41.0
 20
5920.578752886835
 30
0.0
 40
5.0
  0
CIRCLE
  5
700
330
17
100
AcDbEntity
  8
ACIER_LONG
100
AcDbCircle
 10
41.0
 20
5906.873441108546
 30
0.0
 40
5.0
  0
CIRCLE
  5
701
330
17
100
AcDbEntity
  8
ACIER_LONG
100
AcDbCircle
 10
41.0
 20
5893.168129330254
 30
0.0
 40
5.0
  0
CIRCLE
  5
702
330
17
100
AcDbEntity
  8
ACIER_LONG
100
AcDbCircle
 10
41.0
 20
5879.462817551965
 30
0.0
 40
5.0
  0
CIRCLE
  5
703
330
17
100
AcDbEntity
  8
ACIER_LONG
100
AcDbCircle
 10
41.0
 20
5865.757505773672
 30
0.0
 40
5.0
  0
CIRCLE
  5
704
330
17
100
AcDbEntity
  8
ACIER_LONG
100
AcDbCircle
 10
41.0
 20
5852.05219399538
 30
0.0
 40
5.0
  0
CIRCLE
  5
705
330
17
100
AcDbEntity
  8
ACIER_LONG
100
AcDbCircle
 10
41.0
 20
5838.346882217091
 30
0.0
 40
5.0
  0
CIRCLE
  5
706
330
17
100
AcDbEntity
  8
ACIER_LONG
100
AcDbCircle
 10
41.0
 20
5824.641570438798
 30
0.0
 40
5.0
  0
CIRCLE
  5
707
330
17
100
AcDbEntity
  8
ACIER_LONG
100
AcDbCircle
 10
41.0
 20
5810.936258660509
 30
0.0
 40
5.0
  0
CIRCLE
  5
708
330
17
100
AcDbEntity
  8
ACIER_LONG
100
AcDbCircle
 10
41.0
 20
5797.230946882217
 30
0.0
 40
5.0
  0
CIRCLE
  5
709
330
17
100
AcDbEntity
  8
ACIER_LONG
100
AcDbCircle
 10
41.0
 20
5783.525635103924
 30
0.0
 40
5.0
  0
CIRCLE
  5
70A
330
17
100
AcDbEntity
  8
ACIER_LONG
100
AcDbCircle
 10
41.0
 20
5769.820323325635
 30
0.0
 40
5.0
  0
CIRCLE
  5
70B
330
17
100
AcDbEntity
  8
ACIER_LONG
100
AcDbCircle
 10
41.0
 20
5756.115011547343
 30
0.0
 40
5.0
  0
CIRCLE
  5
70C
330
17
100
AcDbEntity
  8
ACIER_LONG
100
AcDbCircle
 10
41.0
 20
5742.409699769054
 30
0.0
 40
5.0
  0
CIRCLE
  5
70D
330
17
100
AcDbEntity
  8
ACIER_LONG
100
AcDbCircle
 10
41.0
 20
5728.7043879907615
 30
0.0
 40
5.0
  0
CIRCLE
  5
70E
330
17
100
AcDbEntity
  8
ACIER_LONG
100
AcDbCircle
 10
41.0
 20
5714.999076212473
 30
0.0
 40
5.0
  0
CIRCLE
  5
70F
330
17
100
AcDbEntity
  8
ACIER_LONG
100
AcDbCircle
 10
41.0
 20
5701.29376443418
 30
0.0
 40
5.0
  0
CIRCLE
  5
710
330
17
100
AcDbEntity
  8
ACIER_LONG
100
AcDbCircle
 10
41.0
 20
5687.5884526558875
 30
0.0
 40
5.0
  0
CIRCLE
  5
711
330
17
100
AcDbEntity
  8
ACIER_LONG
100
AcDbCircle
 10
41.0
 20
5673.883140877599
 30
0.0
 40
5.0
  0
CIRCLE
  5
712
330
17
100
AcDbEntity
  8
ACIER_LONG
100
AcDbCircle
 10
41.0
 20
5660.177829099306
 30
0.0
 40
5.0
  0
CIRCLE
  5
713
330
17
100
AcDbEntity
  8
ACIER_LONG
100
AcDbCircle
 10
41.0
 20
5646.472517321017
 30
0.0
 40
5.0
  0
CIRCLE
  5
714
330
17
100
AcDbEntity
  8
ACIER_LONG
100
AcDbCircle
 10
41.0
 20
5632.767205542725
 30
0.0
 40
5.0
  0
CIRCLE
  5
715
330
17
100
AcDbEntity
  8
ACIER_LONG
100
AcDbCircle
 10
41.0
 20
5619.061893764436
 30
0.0
 40
5.0
  0
CIRCLE
  5
716
330
17
100
AcDbEntity
  8
ACIER_LONG
100
AcDbCircle
 10
41.0
 20
5605.356581986143
 30
0.0
 40
5.0
  0
CIRCLE
  5
717
330
17
100
AcDbEntity
  8
ACIER_LONG
100
AcDbCircle
 10
41.0
 20
5591.651270207851
 30
0.0
 40
5.0
  0
CIRCLE
  5
718
330
17
100
AcDbEntity
  8
ACIER_LONG
100
AcDbCircle
 10
41.0
 20
5577.945958429562
 30
0.0
 40
5.0
  0
CIRCLE
  5
719
330
17
100
AcDbEntity
  8
ACIER_LONG
100
AcDbCircle
 10
41.0
 20
5564.240646651269
 30
0.0
 40
5.0
  0
CIRCLE
  5
71A
330
17
100
AcDbEntity
  8
ACIER_LONG
100
AcDbCircle
 10
41.0
 20
5550.5353348729805
 30
0.0
 40
5.0
  0
CIRCLE
  5
71B
330
17
100
AcDbEntity
  8
ACIER_LONG
100
AcDbCircle
 10
41.0
 20
5536.830023094688
 30
0.0
 40
5.0
  0
CIRCLE
  5
71C
330
17
100
AcDbEntity
  8
ACIER_LONG
100
AcDbCircle
 10
41.0
 20
5523.124711316399
 30
0.0
 40
5.0
  0
CIRCLE
  5
71D
330
17
100
AcDbEntity
  8
ACIER_LONG
100
AcDbCircle
 10
41.0
 20
5509.4193995381065
 30
0.0
 40
5.0
  0
CIRCLE
  5
71E
330
17
100
AcDbEntity
  8
ACIER_LONG
100
AcDbCircle
 10
41.0
 20
5495.714087759814
 30
0.0
 40
5.0
  0
CIRCLE
  5
71F
330
17
100
AcDbEntity
  8
ACIER_LONG
100
AcDbCircle
 10
41.0
 20
5482.008775981525
 30
0.0
 40
5.0
  0
CIRCLE
  5
720
330
17
100
AcDbEntity
  8
ACIER_LONG
100
AcDbCircle
 10
41.0
 20
5468.303464203233
 30
0.0
 40
5.0
  0
CIRCLE
  5
721
330
17
100
AcDbEntity
  8
ACIER_LONG
100
AcDbCircle
 10
41.0
 20
5454.598152424944
 30
0.0
 40
5.0
  0
CIRCLE
  5
722
330
17
100
AcDbEntity
  8
ACIER_LONG
100
AcDbCircle
 10
41.0
 20
5440.892840646651
 30
0.0
 40
5.0
  0
CIRCLE
  5
723
330
17
100
AcDbEntity
  8
ACIER_LONG
100
AcDbCircle
 10
41.0
 20
5427.187528868359
 30
0.0
 40
5.0
  0
CIRCLE
  5
724
330
17
100
AcDbEntity
  8
ACIER_LONG
100
AcDbCircle
 10
41.0
 20
5413.48221709007
 30
0.0
 40
5.0
  0
CIRCLE
  5
725
330
17
100
AcDbEntity
  8
ACIER_LONG
100
AcDbCircle
 10
41.0
 20
5399.776905311777
 30
0.0
 40
5.0
  0
CIRCLE
  5
726
330
17
100
AcDbEntity
  8
ACIER_LONG
100
AcDbCircle
 10
41.0
 20
5386.071593533488
 30
0.0
 40
5.0
  0
CIRCLE
  5
727
330
17
100
AcDbEntity
  8
ACIER_LONG
100
AcDbCircle
 10
41.0
 20
5372.366281755196
 30
0.0
 40
5.0
  0
CIRCLE
  5
728
330
17
100
AcDbEntity
  8
ACIER_LONG
100
AcDbCircle
 10
41.0
 20
5358.660969976907
 30
0.0
 40
5.0
  0
CIRCLE
  5
729
330
17
100
AcDbEntity
  8
ACIER_LONG
100
AcDbCircle
 10
41.0
 20
5344.955658198614
 30
0.0
 40
5.0
  0
CIRCLE
  5
72A
330
17
100
AcDbEntity
  8
ACIER_LONG
100
AcDbCircle
 10
41.0
 20
5331.250346420322
 30
0.0
 40
5.0
  0
CIRCLE
  5
72B
330
17
100
AcDbEntity
  8
ACIER_LONG
100
AcDbCircle
 10
41.0
 20
5317.545034642033
 30
0.0
 40
5.0
  0
CIRCLE
  5
72C
330
17
100
AcDbEntity
  8
ACIER_LONG
100
AcDbCircle
 10
41.0
 20
5303.8397228637405
 30
0.0
 40
5.0
  0
CIRCLE
  5
72D
330
17
100
AcDbEntity
  8
ACIER_LONG
100
AcDbCircle
 10
41.0
 20
5290.134411085452
 30
0.0
 40
5.0
  0
CIRCLE
  5
72E
330
17
100
AcDbEntity
  8
ACIER_LONG
100
AcDbCircle
 10
41.0
 20
5276.429099307159
 30
0.0
 40
5.0
  0
CIRCLE
  5
72F
330
17
100
AcDbEntity
  8
ACIER_LONG
100
AcDbCircle
 10
41.0
 20
5262.72378752887
 30
0.0
 40
5.0
  0
CIRCLE
  5
730
330
17
100
AcDbEntity
  8
ACIER_LONG
100
AcDbCircle
 10
41.0
 20
5249.018475750578
 30
0.0
 40
5.0
  0
CIRCLE
  5
731
330
17
100
AcDbEntity
  8
ACIER_LONG
100
AcDbCircle
 10
41.0
 20
5235.313163972285
 30
0.0
 40
5.0
  0
CIRCLE
  5
732
330
17
100
AcDbEntity
  8
ACIER_LONG
100
AcDbCircle
 10
41.0
 20
5221.607852193996
 30
0.0
 40
5.0
  0
CIRCLE
  5
733
330
17
100
AcDbEntity
  8
ACIER_LONG
100
AcDbCircle
 10
41.0
 20
5207.902540415704
 30
0.0
 40
5.0
  0
CIRCLE
  5
734
330
17
100
AcDbEntity
  8
ACIER_LONG
100
AcDbCircle
 10
41.0
 20
5194.197228637415
 30
0.0
 40
5.0
  0
CIRCLE
  5
735
330
17
100
AcDbEntity
  8
ACIER_LONG
100
AcDbCircle
 10
41.0
 20
5180.491916859122
 30
0.0
 40
5.0
  0
CIRCLE
  5
736
330
17
100
AcDbEntity
  8
ACIER_LONG
100
AcDbCircle
 10
41.0
 20
5166.78660508083
 30
0.0
 40
5.0
  0
CIRCLE
  5
737
330
17
100
AcDbEntity
  8
ACIER_LONG
100
AcDbCircle
 10
41.0
 20
5153.081293302541
 30
0.0
 40
5.0
  0
CIRCLE
  5
738
330
17
100
AcDbEntity
  8
ACIER_LONG
100
AcDbCircle
 10
41.0
 20
5139.375981524248
 30
0.0
 40
5.0
  0
CIRCLE
  5
739
330
17
100
AcDbEntity
  8
ACIER_LONG
100
AcDbCircle
 10
41.0
 20
5125.6706697459595
 30
0.0
 40
5.0
  0
CIRCLE
  5
73A
330
17
100
AcDbEntity
  8
ACIER_LONG
100
AcDbCircle
 10
41.0
 20
5111.965357967667
 30
0.0
 40
5.0
  0
CIRCLE
  5
73B
330
17
100
AcDbEntity
  8
ACIER_LONG
100
AcDbCircle
 10
41.0
 20
5098.260046189378
 30
0.0
 40
5.0
  0
CIRCLE
  5
73C
330
17
100
AcDbEntity
  8
ACIER_LONG
100
AcDbCircle
 10
41.0
 20
5084.5547344110855
 30
0.0
 40
5.0
  0
CIRCLE
  5
73D
330
17
100
AcDbEntity
  8
ACIER_LONG
100
AcDbCircle
 10
41.0
 20
5070.849422632793
 30
0.0
 40
5.0
  0
CIRCLE
  5
73E
330
17
100
AcDbEntity
  8
ACIER_LONG
100
AcDbCircle
 10
41.0
 20
5057.144110854504
 30
0.0
 40
5.0
  0
CIRCLE
  5
73F
330
17
100
AcDbEntity
  8
ACIER_LONG
100
AcDbCircle
 10
41.0
 20
5043.438799076212
 30
0.0
 40
5.0
  0
CIRCLE
  5
740
330
17
100
AcDbEntity
  8
ACIER_LONG
100
AcDbCircle
 10
41.0
 20
5029.733487297923
 30
0.0
 40
5.0
  0
CIRCLE
  5
741
330
17
100
AcDbEntity
  8
ACIER_LONG
100
AcDbCircle
 10
41.0
 20
5016.02817551963
 30
0.0
 40
5.0
  0
CIRCLE
  5
742
330
17
100
AcDbEntity
  8
ACIER_LONG
100
AcDbCircle
 10
41.0
 20
5002.322863741341
 30
0.0
 40
5.0
  0
CIRCLE
  5
743
330
17
100
AcDbEntity
  8
ACIER_LONG
100
AcDbCircle
 10
41.0
 20
4988.617551963049
 30
0.0
 40
5.0
  0
CIRCLE
  5
744
330
17
100
AcDbEntity
  8
ACIER_LONG
100
AcDbCircle
 10
41.0
 20
4974.912240184756
 30
0.0
 40
5.0
  0
CIRCLE
  5
745
330
17
100
AcDbEntity
  8
ACIER_LONG
100
AcDbCircle
 10
41.0
 20
4961.206928406467
 30
0.0
 40
5.0
  0
CIRCLE
  5
746
330
17
100
AcDbEntity
  8
ACIER_LONG
100
AcDbCircle
 10
41.0
 20
4947.501616628175
 30
0.0
 40
5.0
  0
CIRCLE
  5
747
330
17
100
AcDbEntity
  8
ACIER_LONG
100
AcDbCircle
 10
41.0
 20
4933.796304849886
 30
0.0
 40
5.0
  0
CIRCLE
  5
748
330
17
100
AcDbEntity
  8
ACIER_LONG
100
AcDbCircle
 10
41.0
 20
4920.090993071593
 30
0.0
 40
5.0
  0
CIRCLE
  5
749
330
17
100
AcDbEntity
  8
ACIER_LONG
100
AcDbCircle
 10
41.0
 20
4906.385681293301
 30
0.0
 40
5.0
  0
CIRCLE
  5
74A
330
17
100
AcDbEntity
  8
ACIER_LONG
100
AcDbCircle
 10
41.0
 20
4892.680369515012
 30
0.0
 40
5.0
  0
CIRCLE
  5
74B
330
17
100
AcDbEntity
  8
ACIER_LONG
100
AcDbCircle
 10
41.0
 20
4878.9750577367195
 30
0.0
 40
5.0
  0
CIRCLE
  5
74C
330
17
100
AcDbEntity
  8
ACIER_LONG
100
AcDbCircle
 10
41.0
 20
4865.269745958431
 30
0.0
 40
5.0
  0
CIRCLE
  5
74D
330
17
100
AcDbEntity
  8
ACIER_LONG
100
AcDbCircle
 10
41.0
 20
4851.564434180138
 30
0.0
 40
5.0
  0
CIRCLE
  5
74E
330
17
100
AcDbEntity
  8
ACIER_LONG
100
AcDbCircle
 10
41.0
 20
4837.859122401849
 30
0.0
 40
5.0
  0
CIRCLE
  5
74F
330
17
100
AcDbEntity
  8
ACIER_LONG
100
AcDbCircle
 10
41.0
 20
4824.153810623557
 30
0.0
 40
5.0
  0
CIRCLE
  5
750
330
17
100
AcDbEntity
  8
ACIER_LONG
100
AcDbCircle
 10
41.0
 20
4810.448498845264
 30
0.0
 40
5.0
  0
CIRCLE
  5
751
330
17
100
AcDbEntity
  8
ACIER_LONG
100
AcDbCircle
 10
41.0
 20
4796.743187066975
 30
0.0
 40
5.0
  0
CIRCLE
  5
752
330
17
100
AcDbEntity
  8
ACIER_LONG
100
AcDbCircle
 10
41.0
 20
4783.037875288683
 30
0.0
 40
5.0
  0
CIRCLE
  5
753
330
17
100
AcDbEntity
  8
ACIER_LONG
100
AcDbCircle
 10
41.0
 20
4769.332563510394
 30
0.0
 40
5.0
  0
CIRCLE
  5
754
330
17
100
AcDbEntity
  8
ACIER_LONG
100
AcDbCircle
 10
41.0
 20
4755.627251732101
 30
0.0
 40
5.0
  0
CIRCLE
  5
755
330
17
100
AcDbEntity
  8
ACIER_LONG
100
AcDbCircle
 10
41.0
 20
4741.921939953812
 30
0.0
 40
5.0
  0
CIRCLE
  5
756
330
17
100
AcDbEntity
  8
ACIER_LONG
100
AcDbCircle
 10
41.0
 20
4728.21662817552
 30
0.0
 40
5.0
  0
CIRCLE
  5
757
330
17
100
AcDbEntity
  8
ACIER_LONG
100
AcDbCircle
 10
41.0
 20
4714.511316397227
 30
0.0
 40
5.0
  0
CIRCLE
  5
758
330
17
100
AcDbEntity
  8
ACIER_LONG
100
AcDbCircle
 10
41.0
 20
4700.8060046189385
 30
0.0
 40
5.0
  0
CIRCLE
  5
759
330
17
100
AcDbEntity
  8
ACIER_LONG
100
AcDbCircle
 10
41.0
 20
4687.100692840646
 30
0.0
 40
5.0
  0
CIRCLE
  5
75A
330
17
100
AcDbEntity
  8
ACIER_LONG
100
AcDbCircle
 10
41.0
 20
4673.395381062357
 30
0.0
 40
5.0
  0
CIRCLE
  5
75B
330
17
100
AcDbEntity
  8
ACIER_LONG
100
AcDbCircle
 10
41.0
 20
4659.6900692840645
 30
0.0
 40
5.0
  0
CIRCLE
  5
75C
330
17
100
AcDbEntity
  8
ACIER_LONG
100
AcDbCircle
 10
41.0
 20
4645.984757505772
 30
0.0
 40
5.0
  0
CIRCLE
  5
75D
330
17
100
AcDbEntity
  8
ACIER_LONG
100
AcDbCircle
 10
41.0
 20
4632.279445727483
 30
0.0
 40
5.0
  0
CIRCLE
  5
75E
330
17
100
AcDbEntity
  8
ACIER_LONG
100
AcDbCircle
 10
41.0
 20
4618.574133949191
 30
0.0
 40
5.0
  0
CIRCLE
  5
75F
330
17
100
AcDbEntity
  8
ACIER_LONG
100
AcDbCircle
 10
41.0
 20
4604.868822170902
 30
0.0
 40
5.0
  0
CIRCLE
  5
760
330
17
100
AcDbEntity
  8
ACIER_LONG
100
AcDbCircle
 10
41.0
 20
4591.163510392609
 30
0.0
 40
5.0
  0
CIRCLE
  5
761
330
17
100
AcDbEntity
  8
ACIER_LONG
100
AcDbCircle
 10
41.0
 20
4577.45819861432
 30
0.0
 40
5.0
  0
CIRCLE
  5
762
330
17
100
AcDbEntity
  8
ACIER_LONG
100
AcDbCircle
 10
41.0
 20
4563.752886836028
 30
0.0
 40
5.0
  0
CIRCLE
  5
763
330
17
100
AcDbEntity
  8
ACIER_LONG
100
AcDbCircle
 10
41.0
 20
4550.047575057735
 30
0.0
 40
5.0
  0
CIRCLE
  5
764
330
17
100
AcDbEntity
  8
ACIER_LONG
100
AcDbCircle
 10
41.0
 20
4536.342263279446
 30
0.0
 40
5.0
  0
CIRCLE
  5
765
330
17
100
AcDbEntity
  8
ACIER_LONG
100
AcDbCircle
 10
41.0
 20
4522.636951501154
 30
0.0
 40
5.0
  0
CIRCLE
  5
766
330
17
100
AcDbEntity
  8
ACIER_LONG
100
AcDbCircle
 10
41.0
 20
4508.931639722865
 30
0.0
 40
5.0
  0
CIRCLE
  5
767
330
17
100
AcDbEntity
  8
ACIER_LONG
100
AcDbCircle
 10
41.0
 20
4495.226327944572
 30
0.0
 40
5.0
  0
CIRCLE
  5
768
330
17
100
AcDbEntity
  8
ACIER_LONG
100
AcDbCircle
 10
41.0
 20
4481.5210161662835
 30
0.0
 40
5.0
  0
CIRCLE
  5
769
330
17
100
AcDbEntity
  8
ACIER_LONG
100
AcDbCircle
 10
41.0
 20
4467.815704387991
 30
0.0
 40
5.0
  0
CIRCLE
  5
76A
330
17
100
AcDbEntity
  8
ACIER_LONG
100
AcDbCircle
 10
41.0
 20
4454.1103926096985
 30
0.0
 40
5.0
  0
CIRCLE
  5
76B
330
17
100
AcDbEntity
  8
ACIER_LONG
100
AcDbCircle
 10
41.0
 20
4440.40508083141
 30
0.0
 40
5.0
  0
CIRCLE
  5
76C
330
17
100
AcDbEntity
  8
ACIER_LONG
100
AcDbCircle
 10
41.0
 20
4426.699769053117
 30
0.0
 40
5.0
  0
CIRCLE
  5
76D
330
17
100
AcDbEntity
  8
ACIER_LONG
100
AcDbCircle
 10
41.0
 20
4412.994457274828
 30
0.0
 40
5.0
  0
CIRCLE
  5
76E
330
17
100
AcDbEntity
  8
ACIER_LONG
100
AcDbCircle
 10
41.0
 20
4399.289145496536
 30
0.0
 40
5.0
  0
CIRCLE
  5
76F
330
17
100
AcDbEntity
  8
ACIER_LONG
100
AcDbCircle
 10
41.0
 20
4385.583833718243
 30
0.0
 40
5.0
  0
CIRCLE
  5
770
330
17
100
AcDbEntity
  8
ACIER_LONG
100
AcDbCircle
 10
41.0
 20
4371.878521939954
 30
0.0
 40
5.0
  0
CIRCLE
  5
771
330
17
100
AcDbEntity
  8
ACIER_LONG
100
AcDbCircle
 10
41.0
 20
4358.173210161662
 30
0.0
 40
5.0
  0
CIRCLE
  5
772
330
17
100
AcDbEntity
  8
ACIER_LONG
100
AcDbCircle
 10
41.0
 20
4344.467898383373
 30
0.0
 40
5.0
  0
CIRCLE
  5
773
330
17
100
AcDbEntity
  8
ACIER_LONG
100
AcDbCircle
 10
41.0
 20
4330.76258660508
 30
0.0
 40
5.0
  0
CIRCLE
  5
774
330
17
100
AcDbEntity
  8
ACIER_LONG
100
AcDbCircle
 10
41.0
 20
4317.057274826791
 30
0.0
 40
5.0
  0
CIRCLE
  5
775
330
17
100
AcDbEntity
  8
ACIER_LONG
100
AcDbCircle
 10
41.0
 20
4303.351963048499
 30
0.0
 40
5.0
  0
CIRCLE
  5
776
330
17
100
AcDbEntity
  8
ACIER_LONG
100
AcDbCircle
 10
41.0
 20
4289.646651270206
 30
0.0
 40
5.0
  0
CIRCLE
  5
777
330
17
100
AcDbEntity
  8
ACIER_LONG
100
AcDbCircle
 10
41.0
 20
4275.9413394919175
 30
0.0
 40
5.0
  0
CIRCLE
  5
778
330
17
100
AcDbEntity
  8
ACIER_LONG
100
AcDbCircle
 10
41.0
 20
4262.236027713625
 30
0.0
 40
5.0
  0
CIRCLE
  5
779
330
17
100
AcDbEntity
  8
ACIER_LONG
100
AcDbCircle
 10
41.0
 20
4248.530715935336
 30
0.0
 40
5.0
  0
CIRCLE
  5
77A
330
17
100
AcDbEntity
  8
ACIER_LONG
100
AcDbCircle
 10
41.0
 20
4234.8254041570435
 30
0.0
 40
5.0
  0
CIRCLE
  5
77B
330
17
100
AcDbEntity
  8
ACIER_LONG
100
AcDbCircle
 10
41.0
 20
4221.120092378755
 30
0.0
 40
5.0
  0
CIRCLE
  5
77C
330
17
100
AcDbEntity
  8
ACIER_LONG
100
AcDbCircle
 10
41.0
 20
4207.414780600462
 30
0.0
 40
5.0
  0
CIRCLE
  5
77D
330
17
100
AcDbEntity
  8
ACIER_LONG
100
AcDbCircle
 10
41.0
 20
4193.70946882217
 30
0.0
 40
5.0
  0
CIRCLE
  5
77E
330
17
100
AcDbEntity
  8
ACIER_LONG
100
AcDbCircle
 10
41.0
 20
4180.004157043881
 30
0.0
 40
5.0
  0
CIRCLE
  5
77F
330
17
100
AcDbEntity
  8
ACIER_LONG
100
AcDbCircle
 10
41.0
 20
4166.298845265588
 30
0.0
 40
5.0
  0
CIRCLE
  5
780
330
17
100
AcDbEntity
  8
ACIER_LONG
100
AcDbCircle
 10
41.0
 20
4152.593533487299
 30
0.0
 40
5.0
  0
CIRCLE
  5
781
330
17
100
AcDbEntity
  8
ACIER_LONG
100
AcDbCircle
 10
41.0
 20
4138.888221709007
 30
0.0
 40
5.0
  0
CIRCLE
  5
782
330
17
100
AcDbEntity
  8
ACIER_LONG
100
AcDbCircle
 10
41.0
 20
4125.182909930714
 30
0.0
 40
5.0
  0
CIRCLE
  5
783
330
17
100
AcDbEntity
  8
ACIER_LONG
100
AcDbCircle
 10
41.0
 20
4111.477598152425
 30
0.0
 40
5.0
  0
CIRCLE
  5
784
330
17
100
AcDbEntity
  8
ACIER_LONG
100
AcDbCircle
 10
41.0
 20
4097.772286374133
 30
0.0
 40
5.0
  0
CIRCLE
  5
785
330
17
100
AcDbEntity
  8
ACIER_LONG
100
AcDbCircle
 10
41.0
 20
4084.066974595844
 30
0.0
 40
5.0
  0
CIRCLE
  5
786
330
17
100
AcDbEntity
  8
ACIER_LONG
100
AcDbCircle
 10
41.0
 20
4070.3616628175514
 30
0.0
 40
5.0
  0
CIRCLE
  5
787
330
17
100
AcDbEntity
  8
ACIER_LONG
100
AcDbCircle
 10
41.0
 20
4056.6563510392625
 30
0.0
 40
5.0
  0
CIRCLE
  5
788
330
17
100
AcDbEntity
  8
ACIER_LONG
100
AcDbCircle
 10
41.0
 20
4042.95103926097
 30
0.0
 40
5.0
  0
CIRCLE
  5
789
330
17
100
AcDbEntity
  8
ACIER_LONG
100
AcDbCircle
 10
41.0
 20
4029.2457274826775
 30
0.0
 40
5.0
  0
CIRCLE
  5
78A
330
17
100
AcDbEntity
  8
ACIER_LONG
100
AcDbCircle
 10
41.0
 20
4015.5404157043886
 30
0.0
 40
5.0
  0
CIRCLE
  5
78B
330
17
100
AcDbEntity
  8
ACIER_LONG
100
AcDbCircle
 10
41.0
 20
4001.835103926096
 30
0.0
 40
5.0
  0
CIRCLE
  5
78C
330
17
100
AcDbEntity
  8
ACIER_LONG
100
AcDbCircle
 10
41.0
 20
3988.129792147807
 30
0.0
 40
5.0
  0
CIRCLE
  5
78D
330
17
100
AcDbEntity
  8
ACIER_LONG
100
AcDbCircle
 10
41.0
 20
3974.4244803695146
 30
0.0
 40
5.0
  0
CIRCLE
  5
78E
330
17
100
AcDbEntity
  8
ACIER_LONG
100
AcDbCircle
 10
41.0
 20
3960.7191685912258
 30
0.0
 40
5.0
  0
CIRCLE
  5
78F
330
17
100
AcDbEntity
  8
ACIER_LONG
100
AcDbCircle
 10
41.0
 20
3947.013856812933
 30
0.0
 40
5.0
  0
CIRCLE
  5
790
330
17
100
AcDbEntity
  8
ACIER_LONG
100
AcDbCircle
 10
41.0
 20
3933.3085450346407
 30
0.0
 40
5.0
  0
CIRCLE
  5
791
330
17
100
AcDbEntity
  8
ACIER_LONG
100
AcDbCircle
 10
41.0
 20
3919.603233256352
 30
0.0
 40
5.0
  0
CIRCLE
  5
792
330
17
100
AcDbEntity
  8
ACIER_LONG
100
AcDbCircle
 10
41.0
 20
3905.8979214780593
 30
0.0
 40
5.0
  0
CIRCLE
  5
793
330
17
100
AcDbEntity
  8
ACIER_LONG
100
AcDbCircle
 10
41.0
 20
3892.1926096997704
 30
0.0
 40
5.0
  0
CIRCLE
  5
794
330
17
100
AcDbEntity
  8
ACIER_LONG
100
AcDbCircle
 10
41.0
 20
3878.487297921478
 30
0.0
 40
5.0
  0
CIRCLE
  5
795
330
17
100
AcDbEntity
  8
ACIER_LONG
100
AcDbCircle
 10
41.0
 20
3864.7819861431853
 30
0.0
 40
5.0
  0
CIRCLE
  5
796
330
17
100
AcDbEntity
  8
ACIER_LONG
100
AcDbCircle
 10
41.0
 20
3851.0766743648965
 30
0.0
 40
5.0
  0
CIRCLE
  5
797
330
17
100
AcDbEntity
  8
ACIER_LONG
100
AcDbCircle
 10
41.0
 20
3837.371362586604
 30
0.0
 40
5.0
  0
CIRCLE
  5
798
330
17
100
AcDbEntity
  8
ACIER_LONG
100
AcDbCircle
 10
41.0
 20
3823.666050808315
 30
0.0
 40
5.0
  0
CIRCLE
  5
799
330
17
100
AcDbEntity
  8
ACIER_LONG
100
AcDbCircle
 10
41.0
 20
3809.9607390300225
 30
0.0
 40
5.0
  0
CIRCLE
  5
79A
330
17
100
AcDbEntity
  8
ACIER_LONG
100
AcDbCircle
 10
41.0
 20
3796.2554272517336
 30
0.0
 40
5.0
  0
CIRCLE
  5
79B
330
17
100
AcDbEntity
  8
ACIER_LONG
100
AcDbCircle
 10
41.0
 20
3782.550115473441
 30
0.0
 40
5.0
  0
CIRCLE
  5
79C
330
17
100
AcDbEntity
  8
ACIER_LONG
100
AcDbCircle
 10
41.0
 20
3768.8448036951486
 30
0.0
 40
5.0
  0
CIRCLE
  5
79D
330
17
100
AcDbEntity
  8
ACIER_LONG
100
AcDbCircle
 10
41.0
 20
3755.1394919168597
 30
0.0
 40
5.0
  0
CIRCLE
  5
79E
330
17
100
AcDbEntity
  8
ACIER_LONG
100
AcDbCircle
 10
41.0
 20
3741.434180138567
 30
0.0
 40
5.0
  0
CIRCLE
  5
79F
330
17
100
AcDbEntity
  8
ACIER_LONG
100
AcDbCircle
 10
41.0
 20
3727.7288683602783
 30
0.0
 40
5.0
  0
CIRCLE
  5
7A0
330
17
100
AcDbEntity
  8
ACIER_LONG
100
AcDbCircle
 10
41.0
 20
3714.0235565819858
 30
0.0
 40
5.0
  0
CIRCLE
  5
7A1
330
17
100
AcDbEntity
  8
ACIER_LONG
100
AcDbCircle
 10
41.0
 20
3700.318244803697
 30
0.0
 40
5.0
  0
CIRCLE
  5
7A2
330
17
100
AcDbEntity
  8
ACIER_LONG
100
AcDbCircle
 10
41.0
 20
3686.6129330254043
 30
0.0
 40
5.0
  0
CIRCLE
  5
7A3
330
17
100
AcDbEntity
  8
ACIER_LONG
100
AcDbCircle
 10
41.0
 20
3672.907621247112
 30
0.0
 40
5.0
  0
CIRCLE
  5
7A4
330
17
100
AcDbEntity
  8
ACIER_LONG
100
AcDbCircle
 10
41.0
 20
3659.202309468823
 30
0.0
 40
5.0
  0
CIRCLE
  5
7A5
330
17
100
AcDbEntity
  8
ACIER_LONG
100
AcDbCircle
 10
41.0
 20
3645.4969976905304
 30
0.0
 40
5.0
  0
CIRCLE
  5
7A6
330
17
100
AcDbEntity
  8
ACIER_LONG
100
AcDbCircle
 10
41.0
 20
3631.7916859122415
 30
0.0
 40
5.0
  0
CIRCLE
  5
7A7
330
17
100
AcDbEntity
  8
ACIER_LONG
100
AcDbCircle
 10
41.0
 20
3618.086374133949
 30
0.0
 40
5.0
  0
CIRCLE
  5
7A8
330
17
100
AcDbEntity
  8
ACIER_LONG
100
AcDbCircle
 10
41.0
 20
3604.3810623556565
 30
0.0
 40
5.0
  0
CIRCLE
  5
7A9
330
17
100
AcDbEntity
  8
ACIER_LONG
100
AcDbCircle
 10
41.0
 20
3590.6757505773676
 30
0.0
 40
5.0
  0
CIRCLE
  5
7AA
330
17
100
AcDbEntity
  8
ACIER_LONG
100
AcDbCircle
 10
41.0
 20
3576.970438799075
 30
0.0
 40
5.0
  0
CIRCLE
  5
7AB
330
17
100
AcDbEntity
  8
ACIER_LONG
100
AcDbCircle
 10
41.0
 20
3563.265127020786
 30
0.0
 40
5.0
  0
CIRCLE
  5
7AC
330
17
100
AcDbEntity
  8
ACIER_LONG
100
AcDbCircle
 10
41.0
 20
3549.5598152424936
 30
0.0
 40
5.0
  0
CIRCLE
  5
7AD
330
17
100
AcDbEntity
  8
ACIER_LONG
100
AcDbCircle
 10
41.0
 20
3535.8545034642048
 30
0.0
 40
5.0
  0
CIRCLE
  5
7AE
330
17
100
AcDbEntity
  8
ACIER_LONG
100
AcDbCircle
 10
41.0
 20
3522.1491916859122
 30
0.0
 40
5.0
  0
CIRCLE
  5
7AF
330
17
100
AcDbEntity
  8
ACIER_LONG
100
AcDbCircle
 10
41.0
 20
3508.4438799076197
 30
0.0
 40
5.0
  0
CIRCLE
  5
7B0
330
17
100
AcDbEntity
  8
ACIER_LONG
100
AcDbCircle
 10
41.0
 20
3494.738568129331
 30
0.0
 40
5.0
  0
CIRCLE
  5
7B1
330
17
100
AcDbEntity
  8
ACIER_LONG
100
AcDbCircle
 10
41.0
 20
3481.0332563510383
 30
0.0
 40
5.0
  0
CIRCLE
  5
7B2
330
17
100
AcDbEntity
  8
ACIER_LONG
100
AcDbCircle
 10
41.0
 20
3467.3279445727494
 30
0.0
 40
5.0
  0
CIRCLE
  5
7B3
330
17
100
AcDbEntity
  8
ACIER_LONG
100
AcDbCircle
 10
41.0
 20
3453.622632794457
 30
0.0
 40
5.0
  0
CIRCLE
  5
7B4
330
17
100
AcDbEntity
  8
ACIER_LONG
100
AcDbCircle
 10
41.0
 20
3439.917321016168
 30
0.0
 40
5.0
  0
CIRCLE
  5
7B5
330
17
100
AcDbEntity
  8
ACIER_LONG
100
AcDbCircle
 10
41.0
 20
3426.2120092378755
 30
0.0
 40
5.0
  0
CIRCLE
  5
7B6
330
17
100
AcDbEntity
  8
ACIER_LONG
100
AcDbCircle
 10
41.0
 20
3412.506697459583
 30
0.0
 40
5.0
  0
CIRCLE
  5
7B7
330
17
100
AcDbEntity
  8
ACIER_LONG
100
AcDbCircle
 10
41.0
 20
3398.801385681294
 30
0.0
 40
5.0
  0
CIRCLE
  5
7B8
330
17
100
AcDbEntity
  8
ACIER_LONG
100
AcDbCircle
 10
41.0
 20
3385.0960739030015
 30
0.0
 40
5.0
  0
CIRCLE
  5
7B9
330
17
100
AcDbEntity
  8
ACIER_LONG
100
AcDbCircle
 10
41.0
 20
3371.3907621247126
 30
0.0
 40
5.0
  0
CIRCLE
  5
7BA
330
17
100
AcDbEntity
  8
ACIER_LONG
100
AcDbCircle
 10
41.0
 20
3357.68545034642
 30
0.0
 40
5.0
  0
CIRCLE
  5
7BB
330
17
100
AcDbEntity
  8
ACIER_LONG
100
AcDbCircle
 10
41.0
 20
3343.9801385681276
 30
0.0
 40
5.0
  0
CIRCLE
  5
7BC
330
17
100
AcDbEntity
  8
ACIER_LONG
100
AcDbCircle
 10
41.0
 20
3330.2748267898387
 30
0.0
 40
5.0
  0
CIRCLE
  5
7BD
330
17
100
AcDbEntity
  8
ACIER_LONG
100
AcDbCircle
 10
41.0
 20
3316.569515011546
 30
0.0
 40
5.0
  0
CIRCLE
  5
7BE
330
17
100
AcDbEntity
  8
ACIER_LONG
100
AcDbCircle
 10
41.0
 20
3302.8642032332573
 30
0.0
 40
5.0
  0
CIRCLE
  5
7BF
330
17
100
AcDbEntity
  8
ACIER_LONG
100
AcDbCircle
 10
41.0
 20
3289.1588914549648
 30
0.0
 40
5.0
  0
CIRCLE
  5
7C0
330
17
100
AcDbEntity
  8
ACIER_LONG
100
AcDbCircle
 10
41.0
 20
3275.453579676676
 30
0.0
 40
5.0
  0
CIRCLE
  5
7C1
330
17
100
AcDbEntity
  8
ACIER_LONG
100
AcDbCircle
 10
41.0
 20
3261.7482678983833
 30
0.0
 40
5.0
  0
CIRCLE
  5
7C2
330
17
100
AcDbEntity
  8
ACIER_LONG
100
AcDbCircle
 10
41.0
 20
3248.042956120091
 30
0.0
 40
5.0
  0
CIRCLE
  5
7C3
330
17
100
AcDbEntity
  8
ACIER_LONG
100
AcDbCircle
 10
41.0
 20
3234.337644341802
 30
0.0
 40
5.0
  0
CIRCLE
  5
7C4
330
17
100
AcDbEntity
  8
ACIER_LONG
100
AcDbCircle
 10
41.0
 20
3220.6323325635094
 30
0.0
 40
5.0
  0
CIRCLE
  5
7C5
330
17
100
AcDbEntity
  8
ACIER_LONG
100
AcDbCircle
 10
41.0
 20
3206.9270207852205
 30
0.0
 40
5.0
  0
CIRCLE
  5
7C6
330
17
100
AcDbEntity
  8
ACIER_LONG
100
AcDbCircle
 10
41.0
 20
3193.221709006928
 30
0.0
 40
5.0
  0
CIRCLE
  5
7C7
330
17
100
AcDbEntity
  8
ACIER_LONG
100
AcDbCircle
 10
41.0
 20
3179.516397228639
 30
0.0
 40
5.0
  0
CIRCLE
  5
7C8
330
17
100
AcDbEntity
  8
ACIER_LONG
100
AcDbCircle
 10
41.0
 20
3165.8110854503466
 30
0.0
 40
5.0
  0
CIRCLE
  5
7C9
330
17
100
AcDbEntity
  8
ACIER_LONG
100
AcDbCircle
 10
41.0
 20
3152.105773672054
 30
0.0
 40
5.0
  0
CIRCLE
  5
7CA
330
17
100
AcDbEntity
  8
ACIER_LONG
100
AcDbCircle
 10
41.0
 20
3138.400461893765
 30
0.0
 40
5.0
  0
CIRCLE
  5
7CB
330
17
100
AcDbEntity
  8
ACIER_LONG
100
AcDbCircle
 10
41.0
 20
3124.6951501154726
 30
0.0
 40
5.0
  0
CIRCLE
  5
7CC
330
17
100
AcDbEntity
  8
ACIER_LONG
100
AcDbCircle
 10
41.0
 20
3110.9898383371838
 30
0.0
 40
5.0
  0
CIRCLE
  5
7CD
330
17
100
AcDbEntity
  8
ACIER_LONG
100
AcDbCircle
 10
41.0
 20
3097.2845265588912
 30
0.0
 40
5.0
  0
CIRCLE
  5
7CE
330
17
100
AcDbEntity
  8
ACIER_LONG
100
AcDbCircle
 10
41.0
 20
3083.5792147805987
 30
0.0
 40
5.0
  0
CIRCLE
  5
7CF
330
17
100
AcDbEntity
  8
ACIER_LONG
100
AcDbCircle
 10
41.0
 20
3069.87390300231
 30
0.0
 40
5.0
  0
CIRCLE
  5
7D0
330
17
100
AcDbEntity
  8
ACIER_LONG
100
AcDbCircle
 10
41.0
 20
3056.1685912240173
 30
0.0
 40
5.0
  0
CIRCLE
  5
7D1
330
17
100
AcDbEntity
  8
ACIER_LONG
100
AcDbCircle
 10
41.0
 20
3042.4632794457284
 30
0.0
 40
5.0
  0
CIRCLE
  5
7D2
330
17
100
AcDbEntity
  8
ACIER_LONG
100
AcDbCircle
 10
41.0
 20
3028.757967667436
 30
0.0
 40
5.0
  0
CIRCLE
  5
7D3
330
17
100
AcDbEntity
  8
ACIER_LONG
100
AcDbCircle
 10
41.0
 20
3015.052655889147
 30
0.0
 40
5.0
  0
CIRCLE
  5
7D4
330
17
100
AcDbEntity
  8
ACIER_LONG
100
AcDbCircle
 10
41.0
 20
3001.3473441108545
 30
0.0
 40
5.0
  0
CIRCLE
  5
7D5
330
17
100
AcDbEntity
  8
ACIER_LONG
100
AcDbCircle
 10
41.0
 20
2987.642032332562
 30
0.0
 40
5.0
  0
CIRCLE
  5
7D6
330
17
100
AcDbEntity
  8
ACIER_LONG
100
AcDbCircle
 10
41.0
 20
2973.936720554273
 30
0.0
 40
5.0
  0
CIRCLE
  5
7D7
330
17
100
AcDbEntity
  8
ACIER_LONG
100
AcDbCircle
 10
41.0
 20
2960.2314087759805
 30
0.0
 40
5.0
  0
CIRCLE
  5
7D8
330
17
100
AcDbEntity
  8
ACIER_LONG
100
AcDbCircle
 10
41.0
 20
2946.5260969976916
 30
0.0
 40
5.0
  0
CIRCLE
  5
7D9
330
17
100
AcDbEntity
  8
ACIER_LONG
100
AcDbCircle
 10
41.0
 20
2932.820785219399
 30
0.0
 40
5.0
  0
CIRCLE
  5
7DA
330
17
100
AcDbEntity
  8
ACIER_LONG
100
AcDbCircle
 10
41.0
 20
2919.11547344111
 30
0.0
 40
5.0
  0
CIRCLE
  5
7DB
330
17
100
AcDbEntity
  8
ACIER_LONG
100
AcDbCircle
 10
41.0
 20
2905.4101616628177
 30
0.0
 40
5.0
  0
CIRCLE
  5
7DC
330
17
100
AcDbEntity
  8
ACIER_LONG
100
AcDbCircle
 10
41.0
 20
2891.704849884525
 30
0.0
 40
5.0
  0
CIRCLE
  5
7DD
330
17
100
AcDbEntity
  8
ACIER_LONG
100
AcDbCircle
 10
41.0
 20
2877.9995381062363
 30
0.0
 40
5.0
  0
CIRCLE
  5
7DE
330
17
100
AcDbEntity
  8
ACIER_LONG
100
AcDbCircle
 10
41.0
 20
2864.2942263279438
 30
0.0
 40
5.0
  0
CIRCLE
  5
7DF
330
17
100
AcDbEntity
  8
ACIER_LONG
100
AcDbCircle
 10
41.0
 20
2850.588914549655
 30
0.0
 40
5.0
  0
CIRCLE
  5
7E0
330
17
100
AcDbEntity
  8
ACIER_LONG
100
AcDbCircle
 10
41.0
 20
2836.8836027713623
 30
0.0
 40
5.0
  0
CIRCLE
  5
7E1
330
17
100
AcDbEntity
  8
ACIER_LONG
100
AcDbCircle
 10
41.0
 20
2823.17829099307
 30
0.0
 40
5.0
  0
CIRCLE
  5
7E2
330
17
100
AcDbEntity
  8
ACIER_LONG
100
AcDbCircle
 10
41.0
 20
2809.472979214781
 30
0.0
 40
5.0
  0
CIRCLE
  5
7E3
330
17
100
AcDbEntity
  8
ACIER_LONG
100
AcDbCircle
 10
41.0
 20
2795.7676674364884
 30
0.0
 40
5.0
  0
CIRCLE
  5
7E4
330
17
100
AcDbEntity
  8
ACIER_LONG
100
AcDbCircle
 10
41.0
 20
2782.0623556581995
 30
0.0
 40
5.0
  0
CIRCLE
  5
7E5
330
17
100
AcDbEntity
  8
ACIER_LONG
100
AcDbCircle
 10
41.0
 20
2768.357043879907
 30
0.0
 40
5.0
  0
CIRCLE
  5
7E6
330
17
100
AcDbEntity
  8
ACIER_LONG
100
AcDbCircle
 10
41.0
 20
2754.651732101618
 30
0.0
 40
5.0
  0
CIRCLE
  5
7E7
330
17
100
AcDbEntity
  8
ACIER_LONG
100
AcDbCircle
 10
41.0
 20
2740.9464203233256
 30
0.0
 40
5.0
  0
CIRCLE
  5
7E8
330
17
100
AcDbEntity
  8
ACIER_LONG
100
AcDbCircle
 10
41.0
 20
2727.241108545033
 30
0.0
 40
5.0
  0
CIRCLE
  5
7E9
330
17
100
AcDbEntity
  8
ACIER_LONG
100
AcDbCircle
 10
41.0
 20
2713.535796766744
 30
0.0
 40
5.0
  0
CIRCLE
  5
7EA
330
17
100
AcDbEntity
  8
ACIER_LONG
100
AcDbCircle
 10
41.0
 20
2699.8304849884516
 30
0.0
 40
5.0
  0
CIRCLE
  5
7EB
330
17
100
AcDbEntity
  8
ACIER_LONG
100
AcDbCircle
 10
41.0
 20
2686.1251732101628
 30
0.0
 40
5.0
  0
CIRCLE
  5
7EC
330
17
100
AcDbEntity
  8
ACIER_LONG
100
AcDbCircle
 10
41.0
 20
2672.4198614318702
 30
0.0
 40
5.0
  0
CIRCLE
  5
7ED
330
17
100
AcDbEntity
  8
ACIER_LONG
100
AcDbCircle
 10
41.0
 20
2658.7145496535813
 30
0.0
 40
5.0
  0
CIRCLE
  5
7EE
330
17
100
AcDbEntity
  8
ACIER_LONG
100
AcDbCircle
 10
41.0
 20
2645.009237875289
 30
0.0
 40
5.0
  0
CIRCLE
  5
7EF
330
17
100
AcDbEntity
  8
ACIER_LONG
100
AcDbCircle
 10
41.0
 20
2631.3039260969963
 30
0.0
 40
5.0
  0
CIRCLE
  5
7F0
330
17
100
AcDbEntity
  8
ACIER_LONG
100
AcDbCircle
 10
41.0
 20
2617.5986143187074
 30
0.0
 40
5.0
  0
CIRCLE
  5
7F1
330
17
100
AcDbEntity
  8
ACIER_LONG
100
AcDbCircle
 10
41.0
 20
2603.893302540415
 30
0.0
 40
5.0
  0
CIRCLE
  5
7F2
330
17
100
AcDbEntity
  8
ACIER_LONG
100
AcDbCircle
 10
41.0
 20
2590.187990762126
 30
0.0
 40
5.0
  0
CIRCLE
  5
7F3
330
17
100
AcDbEntity
  8
ACIER_LONG
100
AcDbCircle
 10
41.0
 20
2576.4826789838335
 30
0.0
 40
5.0
  0
CIRCLE
  5
7F4
330
17
100
AcDbEntity
  8
ACIER_LONG
100
AcDbCircle
 10
41.0
 20
2562.777367205541
 30
0.0
 40
5.0
  0
CIRCLE
  5
7F5
330
17
100
AcDbEntity
  8
ACIER_LONG
100
AcDbCircle
 10
41.0
 20
2549.072055427252
 30
0.0
 40
5.0
  0
CIRCLE
  5
7F6
330
17
100
AcDbEntity
  8
ACIER_LONG
100
AcDbCircle
 10
41.0
 20
2535.3667436489595
 30
0.0
 40
5.0
  0
CIRCLE
  5
7F7
330
17
100
AcDbEntity
  8
ACIER_LONG
100
AcDbCircle
 10
41.0
 20
2521.6614318706706
 30
0.0
 40
5.0
  0
CIRCLE
  5
7F8
330
17
100
AcDbEntity
  8
ACIER_LONG
100
AcDbCircle
 10
41.0
 20
2507.956120092378
 30
0.0
 40
5.0
  0
CIRCLE
  5
7F9
330
17
100
AcDbEntity
  8
ACIER_LONG
100
AcDbCircle
 10
41.0
 20
2494.250808314089
 30
0.0
 40
5.0
  0
CIRCLE
  5
7FA
330
17
100
AcDbEntity
  8
ACIER_LONG
100
AcDbCircle
 10
41.0
 20
2480.5454965357967
 30
0.0
 40
5.0
  0
CIRCLE
  5
7FB
330
17
100
AcDbEntity
  8
ACIER_LONG
100
AcDbCircle
 10
41.0
 20
2466.840184757504
 30
0.0
 40
5.0
  0
CIRCLE
  5
7FC
330
17
100
AcDbEntity
  8
ACIER_LONG
100
AcDbCircle
 10
41.0
 20
2453.1348729792153
 30
0.0
 40
5.0
  0
CIRCLE
  5
7FD
330
17
100
AcDbEntity
  8
ACIER_LONG
100
AcDbCircle
 10
41.0
 20
2439.4295612009228
 30
0.0
 40
5.0
  0
CIRCLE
  5
7FE
330
17
100
AcDbEntity
  8
ACIER_LONG
100
AcDbCircle
 10
41.0
 20
2425.724249422634
 30
0.0
 40
5.0
  0
CIRCLE
  5
7FF
330
17
100
AcDbEntity
  8
ACIER_LONG
100
AcDbCircle
 10
41.0
 20
2412.0189376443413
 30
0.0
 40
5.0
  0
CIRCLE
  5
800
330
17
100
AcDbEntity
  8
ACIER_LONG
100
AcDbCircle
 10
41.0
 20
2398.3136258660525
 30
0.0
 40
5.0
  0
CIRCLE
  5
801
330
17
100
AcDbEntity
  8
ACIER_LONG
100
AcDbCircle
 10
41.0
 20
2384.60831408776
 30
0.0
 40
5.0
  0
CIRCLE
  5
802
330
17
100
AcDbEntity
  8
ACIER_LONG
100
AcDbCircle
 10
41.0
 20
2370.9030023094674
 30
0.0
 40
5.0
  0
CIRCLE
  5
803
330
17
100
AcDbEntity
  8
ACIER_LONG
100
AcDbCircle
 10
41.0
 20
2357.1976905311785
 30
0.0
 40
5.0
  0
CIRCLE
  5
804
330
17
100
AcDbEntity
  8
ACIER_LONG
100
AcDbCircle
 10
41.0
 20
2343.492378752886
 30
0.0
 40
5.0
  0
CIRCLE
  5
805
330
17
100
AcDbEntity
  8
ACIER_LONG
100
AcDbCircle
 10
41.0
 20
2329.787066974597
 30
0.0
 40
5.0
  0
CIRCLE
  5
806
330
17
100
AcDbEntity
  8
ACIER_LONG
100
AcDbCircle
 10
41.0
 20
2316.0817551963046
 30
0.0
 40
5.0
  0
CIRCLE
  5
807
330
17
100
AcDbEntity
  8
ACIER_LONG
100
AcDbCircle
 10
41.0
 20
2302.376443418012
 30
0.0
 40
5.0
  0
CIRCLE
  5
808
330
17
100
AcDbEntity
  8
ACIER_LONG
100
AcDbCircle
 10
41.0
 20
2288.671131639723
 30
0.0
 40
5.0
  0
CIRCLE
  5
809
330
17
100
AcDbEntity
  8
ACIER_LONG
100
AcDbCircle
 10
41.0
 20
2274.9658198614306
 30
0.0
 40
5.0
  0
CIRCLE
  5
80A
330
17
100
AcDbEntity
  8
ACIER_LONG
100
AcDbCircle
 10
41.0
 20
2261.2605080831418
 30
0.0
 40
5.0
  0
CIRCLE
  5
80B
330
17
100
AcDbEntity
  8
ACIER_LONG
100
AcDbCircle
 10
41.0
 20
2247.5551963048492
 30
0.0
 40
5.0
  0
CIRCLE
  5
80C
330
17
100
AcDbEntity
  8
ACIER_LONG
100
AcDbCircle
 10
41.0
 20
2233.8498845265603
 30
0.0
 40
5.0
  0
CIRCLE
  5
80D
330
17
100
AcDbEntity
  8
ACIER_LONG
100
AcDbCircle
 10
41.0
 20
2220.144572748268
 30
0.0
 40
5.0
  0
CIRCLE
  5
80E
330
17
100
AcDbEntity
  8
ACIER_LONG
100
AcDbCircle
 10
41.0
 20
2206.4392609699753
 30
0.0
 40
5.0
  0
CIRCLE
  5
80F
330
17
100
AcDbEntity
  8
ACIER_LONG
100
AcDbCircle
 10
41.0
 20
2192.7339491916864
 30
0.0
 40
5.0
  0
CIRCLE
  5
810
330
17
100
AcDbEntity
  8
ACIER_LONG
100
AcDbCircle
 10
41.0
 20
2179.028637413394
 30
0.0
 40
5.0
  0
CIRCLE
  5
811
330
17
100
AcDbEntity
  8
ACIER_LONG
100
AcDbCircle
 10
41.0
 20
2165.323325635105
 30
0.0
 40
5.0
  0
CIRCLE
  5
812
330
17
100
AcDbEntity
  8
ACIER_LONG
100
AcDbCircle
 10
41.0
 20
2151.6180138568125
 30
0.0
 40
5.0
  0
CIRCLE
  5
813
330
17
100
AcDbEntity
  8
ACIER_LONG
100
AcDbCircle
 10
41.0
 20
2137.9127020785236
 30
0.0
 40
5.0
  0
CIRCLE
  5
814
330
17
100
AcDbEntity
  8
ACIER_LONG
100
AcDbCircle
 10
41.0
 20
2124.207390300231
 30
0.0
 40
5.0
  0
CIRCLE
  5
815
330
17
100
AcDbEntity
  8
ACIER_LONG
100
AcDbCircle
 10
41.0
 20
2110.5020785219385
 30
0.0
 40
5.0
  0
CIRCLE
  5
816
330
17
100
AcDbEntity
  8
ACIER_LONG
100
AcDbCircle
 10
41.0
 20
2096.7967667436496
 30
0.0
 40
5.0
  0
CIRCLE
  5
817
330
17
100
AcDbEntity
  8
ACIER_LONG
100
AcDbCircle
 10
41.0
 20
2083.091454965357
 30
0.0
 40
5.0
  0
CIRCLE
  5
818
330
17
100
AcDbEntity
  8
ACIER_LONG
100
AcDbCircle
 10
41.0
 20
2069.3861431870682
 30
0.0
 40
5.0
  0
CIRCLE
  5
819
330
17
100
AcDbEntity
  8
ACIER_LONG
100
AcDbCircle
 10
41.0
 20
2055.6808314087757
 30
0.0
 40
5.0
  0
CIRCLE
  5
81A
330
17
100
AcDbEntity
  8
ACIER_LONG
100
AcDbCircle
 10
41.0
 20
2041.9755196304832
 30
0.0
 40
5.0
  0
CIRCLE
  5
81B
330
17
100
AcDbEntity
  8
ACIER_LONG
100
AcDbCircle
 10
41.0
 20
2028.2702078521943
 30
0.0
 40
5.0
  0
CIRCLE
  5
81C
330
17
100
AcDbEntity
  8
ACIER_LONG
100
AcDbCircle
 10
41.0
 20
2014.5648960739018
 30
0.0
 40
5.0
  0
CIRCLE
  5
81D
330
17
100
AcDbEntity
  8
ACIER_LONG
100
AcDbCircle
 10
41.0
 20
2000.8595842956129
 30
0.0
 40
5.0
  0
CIRCLE
  5
81E
330
17
100
AcDbEntity
  8
ACIER_LONG
100
AcDbCircle
 10
41.0
 20
1987.1542725173204
 30
0.0
 40
5.0
  0
CIRCLE
  5
81F
330
17
100
AcDbEntity
  8
ACIER_LONG
100
AcDbCircle
 10
41.0
 20
1973.4489607390315
 30
0.0
 40
5.0
  0
CIRCLE
  5
820
330
17
100
AcDbEntity
  8
ACIER_LONG
100
AcDbCircle
 10
41.0
 20
1959.743648960739
 30
0.0
 40
5.0
  0
CIRCLE
  5
821
330
17
100
AcDbEntity
  8
ACIER_LONG
100
AcDbCircle
 10
41.0
 20
1946.0383371824464
 30
0.0
 40
5.0
  0
CIRCLE
  5
822
330
17
100
AcDbEntity
  8
ACIER_LONG
100
AcDbCircle
 10
41.0
 20
1932.3330254041575
 30
0.0
 40
5.0
  0
CIRCLE
  5
823
330
17
100
AcDbEntity
  8
ACIER_LONG
100
AcDbCircle
 10
41.0
 20
1918.627713625865
 30
0.0
 40
5.0
  0
CIRCLE
  5
824
330
17
100
AcDbEntity
  8
ACIER_LONG
100
AcDbCircle
 10
41.0
 20
1904.922401847576
 30
0.0
 40
5.0
  0
CIRCLE
  5
825
330
17
100
AcDbEntity
  8
ACIER_LONG
100
AcDbCircle
 10
41.0
 20
1891.2170900692836
 30
0.0
 40
5.0
  0
CIRCLE
  5
826
330
17
100
AcDbEntity
  8
ACIER_LONG
100
AcDbCircle
 10
41.0
 20
1877.5117782909947
 30
0.0
 40
5.0
  0
CIRCLE
  5
827
330
17
100
AcDbEntity
  8
ACIER_LONG
100
AcDbCircle
 10
41.0
 20
1863.8064665127022
 30
0.0
 40
5.0
  0
CIRCLE
  5
828
330
17
100
AcDbEntity
  8
ACIER_LONG
100
AcDbCircle
 10
41.0
 20
1850.1011547344096
 30
0.0
 40
5.0
  0
CIRCLE
  5
829
330
17
100
AcDbEntity
  8
ACIER_LONG
100
AcDbCircle
 10
41.0
 20
1836.3958429561208
 30
0.0
 40
5.0
  0
CIRCLE
  5
82A
330
17
100
AcDbEntity
  8
ACIER_LONG
100
AcDbCircle
 10
41.0
 20
1822.6905311778282
 30
0.0
 40
5.0
  0
CIRCLE
  5
82B
330
17
100
AcDbEntity
  8
ACIER_LONG
100
AcDbCircle
 10
41.0
 20
1808.9852193995393
 30
0.0
 40
5.0
  0
CIRCLE
  5
82C
330
17
100
AcDbEntity
  8
ACIER_LONG
100
AcDbCircle
 10
41.0
 20
1795.2799076212468
 30
0.0
 40
5.0
  0
CIRCLE
  5
82D
330
17
100
AcDbEntity
  8
ACIER_LONG
100
AcDbCircle
 10
41.0
 20
1781.574595842958
 30
0.0
 40
5.0
  0
CIRCLE
  5
82E
330
17
100
AcDbEntity
  8
ACIER_LONG
100
AcDbCircle
 10
41.0
 20
1767.8692840646654
 30
0.0
 40
5.0
  0
CIRCLE
  5
82F
330
17
100
AcDbEntity
  8
ACIER_LONG
100
AcDbCircle
 10
41.0
 20
1754.1639722863729
 30
0.0
 40
5.0
  0
CIRCLE
  5
830
330
17
100
AcDbEntity
  8
ACIER_LONG
100
AcDbCircle
 10
41.0
 20
1740.458660508084
 30
0.0
 40
5.0
  0
CIRCLE
  5
831
330
17
100
AcDbEntity
  8
ACIER_LONG
100
AcDbCircle
 10
41.0
 20
1726.7533487297915
 30
0.0
 40
5.0
  0
CIRCLE
  5
832
330
17
100
AcDbEntity
  8
ACIER_LONG
100
AcDbCircle
 10
41.0
 20
1713.0480369515026
 30
0.0
 40
5.0
  0
CIRCLE
  5
833
330
17
100
AcDbEntity
  8
ACIER_LONG
100
AcDbCircle
 10
41.0
 20
1699.34272517321
 30
0.0
 40
5.0
  0
CIRCLE
  5
834
330
17
100
AcDbEntity
  8
ACIER_LONG
100
AcDbCircle
 10
41.0
 20
1685.6374133949175
 30
0.0
 40
5.0
  0
CIRCLE
  5
835
330
17
100
AcDbEntity
  8
ACIER_LONG
100
AcDbCircle
 10
41.0
 20
1671.9321016166286
 30
0.0
 40
5.0
  0
CIRCLE
  5
836
330
17
100
AcDbEntity
  8
ACIER_LONG
100
AcDbCircle
 10
41.0
 20
1658.2267898383361
 30
0.0
 40
5.0
  0
CIRCLE
  5
837
330
17
100
AcDbEntity
  8
ACIER_LONG
100
AcDbCircle
 10
41.0
 20
1644.5214780600472
 30
0.0
 40
5.0
  0
CIRCLE
  5
838
330
17
100
AcDbEntity
  8
ACIER_LONG
100
AcDbCircle
 10
41.0
 20
1630.8161662817547
 30
0.0
 40
5.0
  0
CIRCLE
  5
839
330
17
100
AcDbEntity
  8
ACIER_LONG
100
AcDbCircle
 10
41.0
 20
1617.1108545034658
 30
0.0
 40
5.0
  0
CIRCLE
  5
83A
330
17
100
AcDbEntity
  8
ACIER_LONG
100
AcDbCircle
 10
41.0
 20
1603.4055427251733
 30
0.0
 40
5.0
  0
CIRCLE
  5
83B
330
17
100
AcDbEntity
  8
ACIER_LONG
100
AcDbCircle
 10
41.0
 20
1589.7002309468808
 30
0.0
 40
5.0
  0
CIRCLE
  5
83C
330
17
100
AcDbEntity
  8
ACIER_LONG
100
AcDbCircle
 10
41.0
 20
1575.9949191685919
 30
0.0
 40
5.0
  0
CIRCLE
  5
83D
330
17
100
AcDbEntity
  8
ACIER_LONG
100
AcDbCircle
 10
41.0
 20
1562.2896073902994
 30
0.0
 40
5.0
  0
CIRCLE
  5
83E
330
17
100
AcDbEntity
  8
ACIER_LONG
100
AcDbCircle
 10
41.0
 20
1548.5842956120105
 30
0.0
 40
5.0
  0
CIRCLE
  5
83F
330
17
100
AcDbEntity
  8
ACIER_LONG
100
AcDbCircle
 10
41.0
 20
1534.878983833718
 30
0.0
 40
5.0
  0
CIRCLE
  5
840
330
17
100
AcDbEntity
  8
ACIER_LONG
100
AcDbCircle
 10
41.0
 20
1521.173672055429
 30
0.0
 40
5.0
  0
CIRCLE
  5
841
330
17
100
AcDbEntity
  8
ACIER_LONG
100
AcDbCircle
 10
41.0
 20
1507.4683602771365
 30
0.0
 40
5.0
  0
CIRCLE
  5
842
330
17
100
AcDbEntity
  8
ACIER_LONG
100
AcDbCircle
 10
41.0
 20
1493.763048498844
 30
0.0
 40
5.0
  0
CIRCLE
  5
843
330
17
100
AcDbEntity
  8
ACIER_LONG
100
AcDbCircle
 10
41.0
 20
1480.057736720555
 30
0.0
 40
5.0
  0
CIRCLE
  5
844
330
17
100
AcDbEntity
  8
ACIER_LONG
100
AcDbCircle
 10
41.0
 20
1466.3524249422626
 30
0.0
 40
5.0
  0
CIRCLE
  5
845
330
17
100
AcDbEntity
  8
ACIER_LONG
100
AcDbCircle
 10
41.0
 20
1452.6471131639737
 30
0.0
 40
5.0
  0
CIRCLE
  5
846
330
17
100
AcDbEntity
  8
ACIER_LONG
100
AcDbCircle
 10
41.0
 20
1438.9418013856812
 30
0.0
 40
5.0
  0
CIRCLE
  5
847
330
17
100
AcDbEntity
  8
ACIER_LONG
100
AcDbCircle
 10
41.0
 20
1425.2364896073886
 30
0.0
 40
5.0
  0
CIRCLE
  5
848
330
17
100
AcDbEntity
  8
ACIER_LONG
100
AcDbCircle
 10
41.0
 20
1411.5311778290998
 30
0.0
 40
5.0
  0
CIRCLE
  5
849
330
17
100
AcDbEntity
  8
ACIER_LONG
100
AcDbCircle
 10
41.0
 20
1397.8258660508072
 30
0.0
 40
5.0
  0
CIRCLE
  5
84A
330
17
100
AcDbEntity
  8
ACIER_LONG
100
AcDbCircle
 10
41.0
 20
1384.1205542725183
 30
0.0
 40
5.0
  0
CIRCLE
  5
84B
330
17
100
AcDbEntity
  8
ACIER_LONG
100
AcDbCircle
 10
41.0
 20
1370.4152424942258
 30
0.0
 40
5.0
  0
CIRCLE
  5
84C
330
17
100
AcDbEntity
  8
ACIER_LONG
100
AcDbCircle
 10
41.0
 20
1356.709930715937
 30
0.0
 40
5.0
  0
CIRCLE
  5
84D
330
17
100
AcDbEntity
  8
ACIER_LONG
100
AcDbCircle
 10
41.0
 20
1343.0046189376444
 30
0.0
 40
5.0
  0
CIRCLE
  5
84E
330
17
100
AcDbEntity
  8
ACIER_LONG
100
AcDbCircle
 10
41.0
 20
1329.2993071593519
 30
0.0
 40
5.0
  0
CIRCLE
  5
84F
330
17
100
AcDbEntity
  8
ACIER_LONG
100
AcDbCircle
 10
41.0
 20
1315.593995381063
 30
0.0
 40
5.0
  0
CIRCLE
  5
850
330
17
100
AcDbEntity
  8
ACIER_LONG
100
AcDbCircle
 10
41.0
 20
1301.8886836027705
 30
0.0
 40
5.0
  0
CIRCLE
  5
851
330
17
100
AcDbEntity
  8
ACIER_LONG
100
AcDbCircle
 10
41.0
 20
1288.1833718244816
 30
0.0
 40
5.0
  0
CIRCLE
  5
852
330
17
100
AcDbEntity
  8
ACIER_LONG
100
AcDbCircle
 10
41.0
 20
1274.478060046189
 30
0.0
 40
5.0
  0
CIRCLE
  5
853
330
17
100
AcDbEntity
  8
ACIER_LONG
100
AcDbCircle
 10
41.0
 20
1260.7727482679002
 30
0.0
 40
5.0
  0
CIRCLE
  5
854
330
17
100
AcDbEntity
  8
ACIER_LONG
100
AcDbCircle
 10
41.0
 20
1247.0674364896076
 30
0.0
 40
5.0
  0
CIRCLE
  5
855
330
17
100
AcDbEntity
  8
ACIER_LONG
100
AcDbCircle
 10
41.0
 20
1233.3621247113151
 30
0.0
 40
5.0
  0
CIRCLE
  5
856
330
17
100
AcDbEntity
  8
ACIER_LONG
100
AcDbCircle
 10
41.0
 20
1219.6568129330262
 30
0.0
 40
5.0
  0
CIRCLE
  5
857
330
17
100
AcDbEntity
  8
ACIER_LONG
100
AcDbCircle
 10
41.0
 20
1205.9515011547337
 30
0.0
 40
5.0
  0
CIRCLE
  5
858
330
17
100
AcDbEntity
  8
ACIER_LONG
100
AcDbCircle
 10
41.0
 20
1192.2461893764448
 30
0.0
 40
5.0
  0
CIRCLE
  5
859
330
17
100
AcDbEntity
  8
ACIER_LONG
100
AcDbCircle
 10
41.0
 20
1178.5408775981523
 30
0.0
 40
5.0
  0
CIRCLE
  5
85A
330
17
100
AcDbEntity
  8
ACIER_LONG
100
AcDbCircle
 10
41.0
 20
1164.8355658198598
 30
0.0
 40
5.0
  0
CIRCLE
  5
85B
330
17
100
AcDbEntity
  8
ACIER_LONG
100
AcDbCircle
 10
41.0
 20
1151.1302540415709
 30
0.0
 40
5.0
  0
CIRCLE
  5
85C
330
17
100
AcDbEntity
  8
ACIER_LONG
100
AcDbCircle
 10
41.0
 20
1137.4249422632784
 30
0.0
 40
5.0
  0
CIRCLE
  5
85D
330
17
100
AcDbEntity
  8
ACIER_LONG
100
AcDbCircle
 10
41.0
 20
1123.7196304849895
 30
0.0
 40
5.0
  0
CIRCLE
  5
85E
330
17
100
AcDbEntity
  8
ACIER_LONG
100
AcDbCircle
 10
41.0
 20
1110.014318706697
 30
0.0
 40
5.0
  0
CIRCLE
  5
85F
330
17
100
AcDbEntity
  8
ACIER_LONG
100
AcDbCircle
 10
41.0
 20
1096.309006928408
 30
0.0
 40
5.0
  0
CIRCLE
  5
860
330
17
100
AcDbEntity
  8
ACIER_LONG
100
AcDbCircle
 10
41.0
 20
1082.6036951501155
 30
0.0
 40
5.0
  0
CIRCLE
  5
861
330
17
100
AcDbEntity
  8
ACIER_LONG
100
AcDbCircle
 10
41.0
 20
1068.898383371823
 30
0.0
 40
5.0
  0
CIRCLE
  5
862
330
17
100
AcDbEntity
  8
ACIER_LONG
100
AcDbCircle
 10
41.0
 20
1055.1930715935341
 30
0.0
 40
5.0
  0
CIRCLE
  5
863
330
17
100
AcDbEntity
  8
ACIER_LONG
100
AcDbCircle
 10
41.0
 20
1041.4877598152416
 30
0.0
 40
5.0
  0
CIRCLE
  5
864
330
17
100
AcDbEntity
  8
ACIER_LONG
100
AcDbCircle
 10
41.0
 20
1027.7824480369527
 30
0.0
 40
5.0
  0
CIRCLE
  5
865
330
17
100
AcDbEntity
  8
ACIER_LONG
100
AcDbCircle
 10
41.0
 20
1014.0771362586602
 30
0.0
 40
5.0
  0
CIRCLE
  5
866
330
17
100
AcDbEntity
  8
ACIER_LONG
100
AcDbCircle
 10
41.0
 20
1000.3718244803713
 30
0.0
 40
5.0
  0
CIRCLE
  5
867
330
17
100
AcDbEntity
  8
ACIER_LONG
100
AcDbCircle
 10
41.0
 20
986.6665127020788
 30
0.0
 40
5.0
  0
CIRCLE
  5
868
330
17
100
AcDbEntity
  8
ACIER_LONG
100
AcDbCircle
 10
41.0
 20
972.9612009237862
 30
0.0
 40
5.0
  0
CIRCLE
  5
869
330
17
100
AcDbEntity
  8
ACIER_LONG
100
AcDbCircle
 10
41.0
 20
959.2558891454973
 30
0.0
 40
5.0
  0
CIRCLE
  5
86A
330
17
100
AcDbEntity
  8
ACIER_LONG
100
AcDbCircle
 10
41.0
 20
945.5505773672048
 30
0.0
 40
5.0
  0
CIRCLE
  5
86B
330
17
100
AcDbEntity
  8
ACIER_LONG
100
AcDbCircle
 10
41.0
 20
931.8452655889159
 30
0.0
 40
5.0
  0
CIRCLE
  5
86C
330
17
100
AcDbEntity
  8
ACIER_LONG
100
AcDbCircle
 10
41.0
 20
918.1399538106234
 30
0.0
 40
5.0
  0
CIRCLE
  5
86D
330
17
100
AcDbEntity
  8
ACIER_LONG
100
AcDbCircle
 10
41.0
 20
904.4346420323309
 30
0.0
 40
5.0
  0
CIRCLE
  5
86E
330
17
100
AcDbEntity
  8
ACIER_LONG
100
AcDbCircle
 10
41.0
 20
890.729330254042
 30
0.0
 40
5.0
  0
CIRCLE
  5
86F
330
17
100
AcDbEntity
  8
ACIER_LONG
100
AcDbCircle
 10
41.0
 20
877.0240184757495
 30
0.0
 40
5.0
  0
CIRCLE
  5
870
330
17
100
AcDbEntity
  8
ACIER_LONG
100
AcDbCircle
 10
41.0
 20
863.3187066974606
 30
0.0
 40
5.0
  0
CIRCLE
  5
871
330
17
100
AcDbEntity
  8
ACIER_LONG
100
AcDbCircle
 10
41.0
 20
849.6133949191681
 30
0.0
 40
5.0
  0
CIRCLE
  5
872
330
17
100
AcDbEntity
  8
ACIER_LONG
100
AcDbCircle
 10
41.0
 20
835.9080831408792
 30
0.0
 40
5.0
  0
CIRCLE
  5
873
330
17
100
AcDbEntity
  8
ACIER_LONG
100
AcDbCircle
 10
41.0
 20
822.2027713625866
 30
0.0
 40
5.0
  0
CIRCLE
  5
874
330
17
100
AcDbEntity
  8
ACIER_LONG
100
AcDbCircle
 10
41.0
 20
808.4974595842941
 30
0.0
 40
5.0
  0
CIRCLE
  5
875
330
17
100
AcDbEntity
  8
ACIER_LONG
100
AcDbCircle
 10
41.0
 20
794.7921478060052
 30
0.0
 40
5.0
  0
CIRCLE
  5
876
330
17
100
AcDbEntity
  8
ACIER_LONG
100
AcDbCircle
 10
41.0
 20
781.0868360277127
 30
0.0
 40
5.0
  0
CIRCLE
  5
877
330
17
100
AcDbEntity
  8
ACIER_LONG
100
AcDbCircle
 10
41.0
 20
767.3815242494238
 30
0.0
 40
5.0
  0
CIRCLE
  5
878
330
17
100
AcDbEntity
  8
ACIER_LONG
100
AcDbCircle
 10
41.0
 20
753.6762124711313
 30
0.0
 40
5.0
  0
CIRCLE
  5
879
330
17
100
AcDbEntity
  8
ACIER_LONG
100
AcDbCircle
 10
41.0
 20
739.9709006928424
 30
0.0
 40
5.0
  0
CIRCLE
  5
87A
330
17
100
AcDbEntity
  8
ACIER_LONG
100
AcDbCircle
 10
41.0
 20
726.2655889145499
 30
0.0
 40
5.0
  0
CIRCLE
  5
87B
330
17
100
AcDbEntity
  8
ACIER_LONG
100
AcDbCircle
 10
41.0
 20
712.5602771362574
 30
0.0
 40
5.0
  0
CIRCLE
  5
87C
330
17
100
AcDbEntity
  8
ACIER_LONG
100
AcDbCircle
 10
41.0
 20
698.8549653579685
 30
0.0
 40
5.0
  0
CIRCLE
  5
87D
330
17
100
AcDbEntity
  8
ACIER_LONG
100
AcDbCircle
 10
41.0
 20
685.1496535796759
 30
0.0
 40
5.0
  0
CIRCLE
  5
87E
330
17
100
AcDbEntity
  8
ACIER_LONG
100
AcDbCircle
 10
41.0
 20
671.444341801387
 30
0.0
 40
5.0
  0
CIRCLE
  5
87F
330
17
100
AcDbEntity
  8
ACIER_LONG
100
AcDbCircle
 10
41.0
 20
657.7390300230945
 30
0.0
 40
5.0
  0
CIRCLE
  5
880
330
17
100
AcDbEntity
  8
ACIER_LONG
100
AcDbCircle
 10
41.0
 20
644.033718244802
 30
0.0
 40
5.0
  0
CIRCLE
  5
881
330
17
100
AcDbEntity
  8
ACIER_LONG
100
AcDbCircle
 10
41.0
 20
630.3284064665131
 30
0.0
 40
5.0
  0
CIRCLE
  5
882
330
17
100
AcDbEntity
  8
ACIER_LONG
100
AcDbCircle
 10
41.0
 20
616.6230946882206
 30
0.0
 40
5.0
  0
CIRCLE
  5
883
330
17
100
AcDbEntity
  8
ACIER_LONG
100
AcDbCircle
 10
41.0
 20
602.9177829099317
 30
0.0
 40
5.0
  0
CIRCLE
  5
884
330
17
100
AcDbEntity
  8
ACIER_LONG
100
AcDbCircle
 10
41.0
 20
589.2124711316392
 30
0.0
 40
5.0
  0
CIRCLE
  5
885
330
17
100
AcDbEntity
  8
ACIER_LONG
100
AcDbCircle
 10
41.0
 20
575.5071593533503
 30
0.0
 40
5.0
  0
CIRCLE
  5
886
330
17
100
AcDbEntity
  8
ACIER_LONG
100
AcDbCircle
 10
41.0
 20
561.8018475750578
 30
0.0
 40
5.0
  0
CIRCLE
  5
887
330
17
100
AcDbEntity
  8
ACIER_LONG
100
AcDbCircle
 10
41.0
 20
548.0965357967652
 30
0.0
 40
5.0
  0
CIRCLE
  5
888
330
17
100
AcDbEntity
  8
ACIER_LONG
100
AcDbCircle
 10
41.0
 20
534.3912240184764
 30
0.0
 40
5.0
  0
CIRCLE
  5
889
330
17
100
AcDbEntity
  8
ACIER_LONG
100
AcDbCircle
 10
41.0
 20
520.6859122401838
 30
0.0
 40
5.0
  0
CIRCLE
  5
88A
330
17
100
AcDbEntity
  8
ACIER_LONG
100
AcDbCircle
 10
41.0
 20
506.98060046189494
 30
0.0
 40
5.0
  0
CIRCLE
  5
88B
330
17
100
AcDbEntity
  8
ACIER_LONG
100
AcDbCircle
 10
41.0
 20
493.2752886836024
 30
0.0
 40
5.0
  0
CIRCLE
  5
88C
330
17
100
AcDbEntity
  8
ACIER_LONG
100
AcDbCircle
 10
41.0
 20
479.5699769053135
 30
0.0
 40
5.0
  0
CIRCLE
  5
88D
330
17
100
AcDbEntity
  8
ACIER_LONG
100
AcDbCircle
 10
41.0
 20
465.864665127021
 30
0.0
 40
5.0
  0
CIRCLE
  5
88E
330
17
100
AcDbEntity
  8
ACIER_LONG
100
AcDbCircle
 10
41.0
 20
452.1593533487285
 30
0.0
 40
5.0
  0
CIRCLE
  5
88F
330
17
100
AcDbEntity
  8
ACIER_LONG
100
AcDbCircle
 10
41.0
 20
438.4540415704396
 30
0.0
 40
5.0
  0
CIRCLE
  5
890
330
17
100
AcDbEntity
  8
ACIER_LONG
100
AcDbCircle
 10
41.0
 20
424.74872979214706
 30
0.0
 40
5.0
  0
CIRCLE
  5
891
330
17
100
AcDbEntity
  8
ACIER_LONG
100
AcDbCircle
 10
41.0
 20
411.0434180138582
 30
0.0
 40
5.0
  0
CIRCLE
  5
892
330
17
100
AcDbEntity
  8
ACIER_LONG
100
AcDbCircle
 10
41.0
 20
397.33810623556565
 30
0.0
 40
5.0
  0
CIRCLE
  5
893
330
17
100
AcDbEntity
  8
ACIER_LONG
100
AcDbCircle
 10
41.0
 20
383.6327944572731
 30
0.0
 40
5.0
  0
CIRCLE
  5
894
330
17
100
AcDbEntity
  8
ACIER_LONG
100
AcDbCircle
 10
41.0
 20
369.92748267898423
 30
0.0
 40
5.0
  0
CIRCLE
  5
895
330
17
100
AcDbEntity
  8
ACIER_LONG
100
AcDbCircle
 10
41.0
 20
356.2221709006917
 30
0.0
 40
5.0
  0
CIRCLE
  5
896
330
17
100
AcDbEntity
  8
ACIER_LONG
100
AcDbCircle
 10
41.0
 20
342.5168591224028
 30
0.0
 40
5.0
  0
CIRCLE
  5
897
330
17
100
AcDbEntity
  8
ACIER_LONG
100
AcDbCircle
 10
41.0
 20
328.8115473441103
 30
0.0
 40
5.0
  0
CIRCLE
  5
898
330
17
100
AcDbEntity
  8
ACIER_LONG
100
AcDbCircle
 10
41.0
 20
315.1062355658214
 30
0.0
 40
5.0
  0
CIRCLE
  5
899
330
17
100
AcDbEntity
  8
ACIER_LONG
100
AcDbCircle
 10
41.0
 20
301.4009237875289
 30
0.0
 40
5.0
  0
CIRCLE
  5
89A
330
17
100
AcDbEntity
  8
ACIER_LONG
100
AcDbCircle
 10
41.0
 20
287.69561200923636
 30
0.0
 40
5.0
  0
CIRCLE
  5
89B
330
17
100
AcDbEntity
  8
ACIER_LONG
100
AcDbCircle
 10
41.0
 20
273.99030023094747
 30
0.0
 40
5.0
  0
CIRCLE
  5
89C
330
17
100
AcDbEntity
  8
ACIER_LONG
100
AcDbCircle
 10
41.0
 20
260.28498845265494
 30
0.0
 40
5.0
  0
CIRCLE
  5
89D
330
17
100
AcDbEntity
  8
ACIER_LONG
100
AcDbCircle
 10
41.0
 20
246.57967667436606
 30
0.0
 40
5.0
  0
CIRCLE
  5
89E
330
17
100
AcDbEntity
  8
ACIER_LONG
100
AcDbCircle
 10
41.0
 20
232.87436489607353
 30
0.0
 40
5.0
  0
CIRCLE
  5
89F
330
17
100
AcDbEntity
  8
ACIER_LONG
100
AcDbCircle
 10
41.0
 20
219.16905311778464
 30
0.0
 40
5.0
  0
CIRCLE
  5
8A0
330
17
100
AcDbEntity
  8
ACIER_LONG
100
AcDbCircle
 10
41.0
 20
205.46374133949212
 30
0.0
 40
5.0
  0
CIRCLE
  5
8A1
330
17
100
AcDbEntity
  8
ACIER_LONG
100
AcDbCircle
 10
41.0
 20
191.7584295611996
 30
0.0
 40
5.0
  0
CIRCLE
  5
8A2
330
17
100
AcDbEntity
  8
ACIER_LONG
100
AcDbCircle
 10
41.0
 20
178.0531177829107
 30
0.0
 40
5.0
  0
CIRCLE
  5
8A3
330
17
100
AcDbEntity
  8
ACIER_LONG
100
AcDbCircle
 10
41.0
 20
164.34780600461818
 30
0.0
 40
5.0
  0
CIRCLE
  5
8A4
330
17
100
AcDbEntity
  8
ACIER_LONG
100
AcDbCircle
 10
41.0
 20
150.6424942263293
 30
0.0
 40
5.0
  0
CIRCLE
  5
8A5
330
17
100
AcDbEntity
  8
ACIER_LONG
100
AcDbCircle
 10
41.0
 20
136.93718244803676
 30
0.0
 40
5.0
  0
CIRCLE
  5
8A6
330
17
100
AcDbEntity
  8
ACIER_LONG
100
AcDbCircle
 10
41.0
 20
123.23187066974424
 30
0.0
 40
5.0
  0
CIRCLE
  5
8A7
330
17
100
AcDbEntity
  8
ACIER_LONG
100
AcDbCircle
 10
41.0
 20
109.52655889145535
 30
0.0
 40
5.0
  0
CIRCLE
  5
8A8
330
17
100
AcDbEntity
  8
ACIER_LONG
100
AcDbCircle
 10
41.0
 20
95.82124711316283
 30
0.0
 40
5.0
  0
CIRCLE
  5
8A9
330
17
100
AcDbEntity
  8
ACIER_LONG
100
AcDbCircle
 10
41.0
 20
82.11593533487394
 30
0.0
 40
5.0
  0
CIRCLE
  5
8AA
330
17
100
AcDbEntity
  8
ACIER_LONG
100
AcDbCircle
 10
41.0
 20
68.41062355658141
 30
0.0
 40
5.0
  0
CIRCLE
  5
8AB
330
17
100
AcDbEntity
  8
ACIER_LONG
100
AcDbCircle
 10
41.0
 20
54.705311778292526
 30
0.0
 40
5.0
  0
LINE
  5
8AC
330
17
100
AcDbEntity
  8
COTATIONS
100
AcDbLine
 10
0.0
 20
0.0
 30
0.0
 11
0.0
 21
-3250.0
 31
0.0
  0
LINE
  5
8AD
330
17
100
AcDbEntity
  8
COTATIONS
100
AcDbLine
 10
5000.0
 20
0.0
 30
0.0
 11
5000.0
 21
-3250.0
 31
0.0
  0
LINE
  5
8AE
330
17
100
AcDbEntity
  8
COTATIONS
100
AcDbLine
 10
0.0
 20
-3000.0
 30
0.0
 11
5000.0
 21
-3000.0
 31
0.0
  0
LINE
  5
8AF
330
17
100
AcDbEntity
  8
COTATIONS
100
AcDbLine
 10
0.0
 20
-3000.0
 30
0.0
 11
500.0
 21
-2750.0
 31
0.0
  0
LINE
  5
8B0
330
17
100
AcDbEntity
  8
COTATIONS
100
AcDbLine
 10
0.0
 20
-3000.0
 30
0.0
 11
500.0
 21
-3250.0
 31
0.0
  0
LINE
  5
8B1
330
17
100
AcDbEntity
  8
COTATIONS
100
AcDbLine
 10
5000.0
 20
-3000.0
 30
0.0
 11
4500.0
 21
-2750.0
 31
0.0
  0
LINE
  5
8B2
330
17
100
AcDbEntity
  8
COTATIONS
100
AcDbLine
 10
5000.0
 20
-3000.0
 30
0.0
 11
4500.0
 21
-3250.0
 31
0.0
  0
TEXT
  5
8B3
330
17
100
AcDbEntity
  8
COTATIONS
100
AcDbText
 10
2500.0
 20
-3900.0
 30
0.0
 40
500.0
  1
b = 5000 mm
 72
1
 11
2500.0
 21
-3900.0
 31
0.0
100
AcDbText
 73
2
  0
LINE
  5
8B4
330
17
100
AcDbEntity
  8
COTATIONS
100
AcDbLine
 10
5000.0
 20
0.0
 30
0.0
 11
8250.0
 21
0.0
 31
0.0
  0
LINE
  5
8B5
330
17
100
AcDbEntity
  8
COTATIONS
100
AcDbLine
 10
5000.0
 20
10000.0
 30
0.0
 11
8250.0
 21
10000.0
 31
0.0
  0
LINE
  5
8B6
330
17
100
AcDbEntity
  8
COTATIONS
100
AcDbLine
 10
8000.0
 20
0.0
 30
0.0
 11
8000.0
 21
10000.0
 31
0.0
  0
LINE
  5
8B7
330
17
100
AcDbEntity
  8
COTATIONS
100
AcDbLine
 10
8000.0
 20
0.0
 30
0.0
 11
8250.0
 21
500.0
 31
0.0
  0
LINE
  5
8B8
330
17
100
AcDbEntity
  8
COTATIONS
100
AcDbLine
 10
8000.0
 20
0.0
 30
0.0
 11
7750.0
 21
500.0
 31
0.0
  0
LINE
  5
8B9
330
17
100
AcDbEntity
  8
COTATIONS
100
AcDbLine
 10
8000.0
 20
10000.0
 30
0.0
 11
8250.0
 21
9500.0
 31
0.0
  0
LINE
  5
8BA
330
17
100
AcDbEntity
  8
COTATIONS
100
AcDbLine
 10
8000.0
 20
10000.0
 30
0.0
 11
7750.0
 21
9500.0
 31
0.0
  0
TEXT
  5
8BB
330
17
100
AcDbEntity
  8
COTATIONS
100
AcDbText
 10
8900.0
 20
5000.0
 30
0.0
 40
500.0
  1
h = 10000 mm
 50
90.0
 72
1
 11
8900.0
 21
5000.0
 31
0.0
100
AcDbText
 73
2
  0
TEXT
  5
8BC
330
17
100
AcDbEntity
  8
TEXTES
100
AcDbText
 10
2500.0
 20
14750.0
 30
0.0
 40
700.0000000000001
  1
Coupe transversale
 72
1
 11
2500.0
 21
14750.0
 31
0.0
100
AcDbText
 73
2
  0
TEXT
  5
8BD
330
17
100
AcDbEntity
  8
TEXTES
100
AcDbText
 10
2500.0
 20
13700.0
 30
0.0
 40
500.0
  1
b = 5000 mm  |  h = 10000 mm
 72
1
 11
2500.0
 21
13700.0
 31
0.0
100
AcDbText
 73
2
  0
TEXT
  5
8BE
330
17
100
AcDbEntity
  8
TEXTES
100
AcDbText
 10
2500.0
 20
12600.0
 30
0.0
 40
500.0
  1
Arm. long. : 2165 HA10  |  Cadres : HA6 / 200 mm
 72
1
 11
2500.0
 21
12600.0
 31
0.0
100
AcDbText
 73
2
  0
LWPOLYLINE
  5
8BF
330
17
100
AcDbEntity
  8
BETON
100
AcDbPolyline
 90
4
 70
1
 10
17500.0
 20
0.0
 10
22500.0
 20
0.0
 10
22500.0
 20
30000.0
 10
17500.0
 20
30000.0
  0
LINE
  5
8C0
330
17
100
AcDbEntity
  8
ACIER_LONG
100
AcDbLine
 10
17541.0
 20
41.0
 30
0.0
 11
17541.0
 21
29959.0
 31
0.0
  0
LINE
  5
8C1
330
17
100
AcDbEntity
  8
ACIER_LONG
100
AcDbLine
 10
22459.0
 20
41.0
 30
0.0
 11
22459.0
 21
29959.0
 31
0.0
  0
LINE
  5
8C2
330
17
100
AcDbEntity
  8
ETRIERS
100
AcDbLine
 10
17530.0
 20
41.0
 30
0.0
 11
22470.0
 21
41.0
 31
0.0
  0
LINE
  5
8C3
330
17
100
AcDbEntity
  8
ETRIERS
100
AcDbLine
 10
17530.0
 20
241.0
 30
0.0
 11
22470.0
 21
241.0
 31
0.0
  0
LINE
  5
8C4
330
17
100
AcDbEntity
  8
ETRIERS
100
AcDbLine
 10
17530.0
 20
441.0
 30
0.0
 11
22470.0
 21
441.0
 31
0.0
  0
LINE
  5
8C5
330
17
100
AcDbEntity
  8
ETRIERS
100
AcDbLine
 10
17530.0
 20
641.0
 30
0.0
 11
22470.0
 21
641.0
 31
0.0
  0
LINE
  5
8C6
330
17
100
AcDbEntity
  8
ETRIERS
100
AcDbLine
 10
17530.0
 20
841.0
 30
0.0
 11
22470.0
 21
841.0
 31
0.0
  0
LINE
  5
8C7
330
17
100
AcDbEntity
  8
ETRIERS
100
AcDbLine
 10
17530.0
 20
1041.0
 30
0.0
 11
22470.0
 21
1041.0
 31
0.0
  0
LINE
  5
8C8
330
17
100
AcDbEntity
  8
ETRIERS
100
AcDbLine
 10
17530.0
 20
1241.0
 30
0.0
 11
22470.0
 21
1241.0
 31
0.0
  0
LINE
  5
8C9
330
17
100
AcDbEntity
  8
ETRIERS
100
AcDbLine
 10
17530.0
 20
1441.0
 30
0.0
 11
22470.0
 21
1441.0
 31
0.0
  0
LINE
  5
8CA
330
17
100
AcDbEntity
  8
ETRIERS
100
AcDbLine
 10
17530.0
 20
1641.0
 30
0.0
 11
22470.0
 21
1641.0
 31
0.0
  0
LINE
  5
8CB
330
17
100
AcDbEntity
  8
ETRIERS
100
AcDbLine
 10
17530.0
 20
1841.0
 30
0.0
 11
22470.0
 21
1841.0
 31
0.0
  0
LINE
  5
8CC
330
17
100
AcDbEntity
  8
ETRIERS
100
AcDbLine
 10
17530.0
 20
2041.0
 30
0.0
 11
22470.0
 21
2041.0
 31
0.0
  0
LINE
  5
8CD
330
17
100
AcDbEntity
  8
ETRIERS
100
AcDbLine
 10
17530.0
 20
2241.0
 30
0.0
 11
22470.0
 21
2241.0
 31
0.0
  0
LINE
  5
8CE
330
17
100
AcDbEntity
  8
ETRIERS
100
AcDbLine
 10
17530.0
 20
2441.0
 30
0.0
 11
22470.0
 21
2441.0
 31
0.0
  0
LINE
  5
8CF
330
17
100
AcDbEntity
  8
ETRIERS
100
AcDbLine
 10
17530.0
 20
2641.0
 30
0.0
 11
22470.0
 21
2641.0
 31
0.0
  0
LINE
  5
8D0
330
17
100
AcDbEntity
  8
ETRIERS
100
AcDbLine
 10
17530.0
 20
2841.0
 30
0.0
 11
22470.0
 21
2841.0
 31
0.0
  0
LINE
  5
8D1
330
17
100
AcDbEntity
  8
ETRIERS
100
AcDbLine
 10
17530.0
 20
3041.0
 30
0.0
 11
22470.0
 21
3041.0
 31
0.0
  0
LINE
  5
8D2
330
17
100
AcDbEntity
  8
ETRIERS
100
AcDbLine
 10
17530.0
 20
3241.0
 30
0.0
 11
22470.0
 21
3241.0
 31
0.0
  0
LINE
  5
8D3
330
17
100
AcDbEntity
  8
ETRIERS
100
AcDbLine
 10
17530.0
 20
3441.0
 30
0.0
 11
22470.0
 21
3441.0
 31
0.0
  0
LINE
  5
8D4
330
17
100
AcDbEntity
  8
ETRIERS
100
AcDbLine
 10
17530.0
 20
3641.0
 30
0.0
 11
22470.0
 21
3641.0
 31
0.0
  0
LINE
  5
8D5
330
17
100
AcDbEntity
  8
ETRIERS
100
AcDbLine
 10
17530.0
 20
3841.0
 30
0.0
 11
22470.0
 21
3841.0
 31
0.0
  0
LINE
  5
8D6
330
17
100
AcDbEntity
  8
ETRIERS
100
AcDbLine
 10
17530.0
 20
4041.0
 30
0.0
 11
22470.0
 21
4041.0
 31
0.0
  0
LINE
  5
8D7
330
17
100
AcDbEntity
  8
ETRIERS
100
AcDbLine
 10
17530.0
 20
4241.0
 30
0.0
 11
22470.0
 21
4241.0
 31
0.0
  0
LINE
  5
8D8
330
17
100
AcDbEntity
  8
ETRIERS
100
AcDbLine
 10
17530.0
 20
4441.0
 30
0.0
 11
22470.0
 21
4441.0
 31
0.0
  0
LINE
  5
8D9
330
17
100
AcDbEntity
  8
ETRIERS
100
AcDbLine
 10
17530.0
 20
4641.0
 30
0.0
 11
22470.0
 21
4641.0
 31
0.0
  0
LINE
  5
8DA
330
17
100
AcDbEntity
  8
ETRIERS
100
AcDbLine
 10
17530.0
 20
4841.0
 30
0.0
 11
22470.0
 21
4841.0
 31
0.0
  0
LINE
  5
8DB
330
17
100
AcDbEntity
  8
ETRIERS
100
AcDbLine
 10
17530.0
 20
5041.0
 30
0.0
 11
22470.0
 21
5041.0
 31
0.0
  0
LINE
  5
8DC
330
17
100
AcDbEntity
  8
ETRIERS
100
AcDbLine
 10
17530.0
 20
5241.0
 30
0.0
 11
22470.0
 21
5241.0
 31
0.0
  0
LINE
  5
8DD
330
17
100
AcDbEntity
  8
ETRIERS
100
AcDbLine
 10
17530.0
 20
5441.0
 30
0.0
 11
22470.0
 21
5441.0
 31
0.0
  0
LINE
  5
8DE
330
17
100
AcDbEntity
  8
ETRIERS
100
AcDbLine
 10
17530.0
 20
5641.0
 30
0.0
 11
22470.0
 21
5641.0
 31
0.0
  0
LINE
  5
8DF
330
17
100
AcDbEntity
  8
ETRIERS
100
AcDbLine
 10
17530.0
 20
5841.0
 30
0.0
 11
22470.0
 21
5841.0
 31
0.0
  0
LINE
  5
8E0
330
17
100
AcDbEntity
  8
ETRIERS
100
AcDbLine
 10
17530.0
 20
6041.0
 30
0.0
 11
22470.0
 21
6041.0
 31
0.0
  0
LINE
  5
8E1
330
17
100
AcDbEntity
  8
ETRIERS
100
AcDbLine
 10
17530.0
 20
6241.0
 30
0.0
 11
22470.0
 21
6241.0
 31
0.0
  0
LINE
  5
8E2
330
17
100
AcDbEntity
  8
ETRIERS
100
AcDbLine
 10
17530.0
 20
6441.0
 30
0.0
 11
22470.0
 21
6441.0
 31
0.0
  0
LINE
  5
8E3
330
17
100
AcDbEntity
  8
ETRIERS
100
AcDbLine
 10
17530.0
 20
6641.0
 30
0.0
 11
22470.0
 21
6641.0
 31
0.0
  0
LINE
  5
8E4
330
17
100
AcDbEntity
  8
ETRIERS
100
AcDbLine
 10
17530.0
 20
6841.0
 30
0.0
 11
22470.0
 21
6841.0
 31
0.0
  0
LINE
  5
8E5
330
17
100
AcDbEntity
  8
ETRIERS
100
AcDbLine
 10
17530.0
 20
7041.0
 30
0.0
 11
22470.0
 21
7041.0
 31
0.0
  0
LINE
  5
8E6
330
17
100
AcDbEntity
  8
ETRIERS
100
AcDbLine
 10
17530.0
 20
7241.0
 30
0.0
 11
22470.0
 21
7241.0
 31
0.0
  0
LINE
  5
8E7
330
17
100
AcDbEntity
  8
ETRIERS
100
AcDbLine
 10
17530.0
 20
7441.0
 30
0.0
 11
22470.0
 21
7441.0
 31
0.0
  0
LINE
  5
8E8
330
17
100
AcDbEntity
  8
ETRIERS
100
AcDbLine
 10
17530.0
 20
7641.0
 30
0.0
 11
22470.0
 21
7641.0
 31
0.0
  0
LINE
  5
8E9
330
17
100
AcDbEntity
  8
ETRIERS
100
AcDbLine
 10
17530.0
 20
7841.0
 30
0.0
 11
22470.0
 21
7841.0
 31
0.0
  0
LINE
  5
8EA
330
17
100
AcDbEntity
  8
ETRIERS
100
AcDbLine
 10
17530.0
 20
8041.0
 30
0.0
 11
22470.0
 21
8041.0
 31
0.0
  0
LINE
  5
8EB
330
17
100
AcDbEntity
  8
ETRIERS
100
AcDbLine
 10
17530.0
 20
8241.0
 30
0.0
 11
22470.0
 21
8241.0
 31
0.0
  0
LINE
  5
8EC
330
17
100
AcDbEntity
  8
ETRIERS
100
AcDbLine
 10
17530.0
 20
8441.0
 30
0.0
 11
22470.0
 21
8441.0
 31
0.0
  0
LINE
  5
8ED
330
17
100
AcDbEntity
  8
ETRIERS
100
AcDbLine
 10
17530.0
 20
8641.0
 30
0.0
 11
22470.0
 21
8641.0
 31
0.0
  0
LINE
  5
8EE
330
17
100
AcDbEntity
  8
ETRIERS
100
AcDbLine
 10
17530.0
 20
8841.0
 30
0.0
 11
22470.0
 21
8841.0
 31
0.0
  0
LINE
  5
8EF
330
17
100
AcDbEntity
  8
ETRIERS
100
AcDbLine
 10
17530.0
 20
9041.0
 30
0.0
 11
22470.0
 21
9041.0
 31
0.0
  0
LINE
  5
8F0
330
17
100
AcDbEntity
  8
ETRIERS
100
AcDbLine
 10
17530.0
 20
9241.0
 30
0.0
 11
22470.0
 21
9241.0
 31
0.0
  0
LINE
  5
8F1
330
17
100
AcDbEntity
  8
ETRIERS
100
AcDbLine
 10
17530.0
 20
9441.0
 30
0.0
 11
22470.0
 21
9441.0
 31
0.0
  0
LINE
  5
8F2
330
17
100
AcDbEntity
  8
ETRIERS
100
AcDbLine
 10
17530.0
 20
9641.0
 30
0.0
 11
22470.0
 21
9641.0
 31
0.0
  0
LINE
  5
8F3
330
17
100
AcDbEntity
  8
ETRIERS
100
AcDbLine
 10
17530.0
 20
9841.0
 30
0.0
 11
22470.0
 21
9841.0
 31
0.0
  0
LINE
  5
8F4
330
17
100
AcDbEntity
  8
ETRIERS
100
AcDbLine
 10
17530.0
 20
10041.0
 30
0.0
 11
22470.0
 21
10041.0
 31
0.0
  0
LINE
  5
8F5
330
17
100
AcDbEntity
  8
ETRIERS
100
AcDbLine
 10
17530.0
 20
10241.0
 30
0.0
 11
22470.0
 21
10241.0
 31
0.0
  0
LINE
  5
8F6
330
17
100
AcDbEntity
  8
ETRIERS
100
AcDbLine
 10
17530.0
 20
10441.0
 30
0.0
 11
22470.0
 21
10441.0
 31
0.0
  0
LINE
  5
8F7
330
17
100
AcDbEntity
  8
ETRIERS
100
AcDbLine
 10
17530.0
 20
10641.0
 30
0.0
 11
22470.0
 21
10641.0
 31
0.0
  0
LINE
  5
8F8
330
17
100
AcDbEntity
  8
ETRIERS
100
AcDbLine
 10
17530.0
 20
10841.0
 30
0.0
 11
22470.0
 21
10841.0
 31
0.0
  0
LINE
  5
8F9
330
17
100
AcDbEntity
  8
ETRIERS
100
AcDbLine
 10
17530.0
 20
11041.0
 30
0.0
 11
22470.0
 21
11041.0
 31
0.0
  0
LINE
  5
8FA
330
17
100
AcDbEntity
  8
ETRIERS
100
AcDbLine
 10
17530.0
 20
11241.0
 30
0.0
 11
22470.0
 21
11241.0
 31
0.0
  0
LINE
  5
8FB
330
17
100
AcDbEntity
  8
ETRIERS
100
AcDbLine
 10
17530.0
 20
11441.0
 30
0.0
 11
22470.0
 21
11441.0
 31
0.0
  0
LINE
  5
8FC
330
17
100
AcDbEntity
  8
ETRIERS
100
AcDbLine
 10
17530.0
 20
11641.0
 30
0.0
 11
22470.0
 21
11641.0
 31
0.0
  0
LINE
  5
8FD
330
17
100
AcDbEntity
  8
ETRIERS
100
AcDbLine
 10
17530.0
 20
11841.0
 30
0.0
 11
22470.0
 21
11841.0
 31
0.0
  0
LINE
  5
8FE
330
17
100
AcDbEntity
  8
ETRIERS
100
AcDbLine
 10
17530.0
 20
12041.0
 30
0.0
 11
22470.0
 21
12041.0
 31
0.0
  0
LINE
  5
8FF
330
17
100
AcDbEntity
  8
ETRIERS
100
AcDbLine
 10
17530.0
 20
12241.0
 30
0.0
 11
22470.0
 21
12241.0
 31
0.0
  0
LINE
  5
900
330
17
100
AcDbEntity
  8
ETRIERS
100
AcDbLine
 10
17530.0
 20
12441.0
 30
0.0
 11
22470.0
 21
12441.0
 31
0.0
  0
LINE
  5
901
330
17
100
AcDbEntity
  8
ETRIERS
100
AcDbLine
 10
17530.0
 20
12641.0
 30
0.0
 11
22470.0
 21
12641.0
 31
0.0
  0
LINE
  5
902
330
17
100
AcDbEntity
  8
ETRIERS
100
AcDbLine
 10
17530.0
 20
12841.0
 30
0.0
 11
22470.0
 21
12841.0
 31
0.0
  0
LINE
  5
903
330
17
100
AcDbEntity
  8
ETRIERS
100
AcDbLine
 10
17530.0
 20
13041.0
 30
0.0
 11
22470.0
 21
13041.0
 31
0.0
  0
LINE
  5
904
330
17
100
AcDbEntity
  8
ETRIERS
100
AcDbLine
 10
17530.0
 20
13241.0
 30
0.0
 11
22470.0
 21
13241.0
 31
0.0
  0
LINE
  5
905
330
17
100
AcDbEntity
  8
ETRIERS
100
AcDbLine
 10
17530.0
 20
13441.0
 30
0.0
 11
22470.0
 21
13441.0
 31
0.0
  0
LINE
  5
906
330
17
100
AcDbEntity
  8
ETRIERS
100
AcDbLine
 10
17530.0
 20
13641.0
 30
0.0
 11
22470.0
 21
13641.0
 31
0.0
  0
LINE
  5
907
330
17
100
AcDbEntity
  8
ETRIERS
100
AcDbLine
 10
17530.0
 20
13841.0
 30
0.0
 11
22470.0
 21
13841.0
 31
0.0
  0
LINE
  5
908
330
17
100
AcDbEntity
  8
ETRIERS
100
AcDbLine
 10
17530.0
 20
14041.0
 30
0.0
 11
22470.0
 21
14041.0
 31
0.0
  0
LINE
  5
909
330
17
100
AcDbEntity
  8
ETRIERS
100
AcDbLine
 10
17530.0
 20
14241.0
 30
0.0
 11
22470.0
 21
14241.0
 31
0.0
  0
LINE
  5
90A
330
17
100
AcDbEntity
  8
ETRIERS
100
AcDbLine
 10
17530.0
 20
14441.0
 30
0.0
 11
22470.0
 21
14441.0
 31
0.0
  0
LINE
  5
90B
330
17
100
AcDbEntity
  8
ETRIERS
100
AcDbLine
 10
17530.0
 20
14641.0
 30
0.0
 11
22470.0
 21
14641.0
 31
0.0
  0
LINE
  5
90C
330
17
100
AcDbEntity
  8
ETRIERS
100
AcDbLine
 10
17530.0
 20
14841.0
 30
0.0
 11
22470.0
 21
14841.0
 31
0.0
  0
LINE
  5
90D
330
17
100
AcDbEntity
  8
ETRIERS
100
AcDbLine
 10
17530.0
 20
15041.0
 30
0.0
 11
22470.0
 21
15041.0
 31
0.0
  0
LINE
  5
90E
330
17
100
AcDbEntity
  8
ETRIERS
100
AcDbLine
 10
17530.0
 20
15241.0
 30
0.0
 11
22470.0
 21
15241.0
 31
0.0
  0
LINE
  5
90F
330
17
100
AcDbEntity
  8
ETRIERS
100
AcDbLine
 10
17530.0
 20
15441.0
 30
0.0
 11
22470.0
 21
15441.0
 31
0.0
  0
LINE
  5
910
330
17
100
AcDbEntity
  8
ETRIERS
100
AcDbLine
 10
17530.0
 20
15641.0
 30
0.0
 11
22470.0
 21
15641.0
 31
0.0
  0
LINE
  5
911
330
17
100
AcDbEntity
  8
ETRIERS
100
AcDbLine
 10
17530.0
 20
15841.0
 30
0.0
 11
22470.0
 21
15841.0
 31
0.0
  0
LINE
  5
912
330
17
100
AcDbEntity
  8
ETRIERS
100
AcDbLine
 10
17530.0
 20
16041.0
 30
0.0
 11
22470.0
 21
16041.0
 31
0.0
  0
LINE
  5
913
330
17
100
AcDbEntity
  8
ETRIERS
100
AcDbLine
 10
17530.0
 20
16241.0
 30
0.0
 11
22470.0
 21
16241.0
 31
0.0
  0
LINE
  5
914
330
17
100
AcDbEntity
  8
ETRIERS
100
AcDbLine
 10
17530.0
 20
16441.0
 30
0.0
 11
22470.0
 21
16441.0
 31
0.0
  0
LINE
  5
915
330
17
100
AcDbEntity
  8
ETRIERS
100
AcDbLine
 10
17530.0
 20
16641.0
 30
0.0
 11
22470.0
 21
16641.0
 31
0.0
  0
LINE
  5
916
330
17
100
AcDbEntity
  8
ETRIERS
100
AcDbLine
 10
17530.0
 20
16841.0
 30
0.0
 11
22470.0
 21
16841.0
 31
0.0
  0
LINE
  5
917
330
17
100
AcDbEntity
  8
ETRIERS
100
AcDbLine
 10
17530.0
 20
17041.0
 30
0.0
 11
22470.0
 21
17041.0
 31
0.0
  0
LINE
  5
918
330
17
100
AcDbEntity
  8
ETRIERS
100
AcDbLine
 10
17530.0
 20
17241.0
 30
0.0
 11
22470.0
 21
17241.0
 31
0.0
  0
LINE
  5
919
330
17
100
AcDbEntity
  8
ETRIERS
100
AcDbLine
 10
17530.0
 20
17441.0
 30
0.0
 11
22470.0
 21
17441.0
 31
0.0
  0
LINE
  5
91A
330
17
100
AcDbEntity
  8
ETRIERS
100
AcDbLine
 10
17530.0
 20
17641.0
 30
0.0
 11
22470.0
 21
17641.0
 31
0.0
  0
LINE
  5
91B
330
17
100
AcDbEntity
  8
ETRIERS
100
AcDbLine
 10
17530.0
 20
17841.0
 30
0.0
 11
22470.0
 21
17841.0
 31
0.0
  0
LINE
  5
91C
330
17
100
AcDbEntity
  8
ETRIERS
100
AcDbLine
 10
17530.0
 20
18041.0
 30
0.0
 11
22470.0
 21
18041.0
 31
0.0
  0
LINE
  5
91D
330
17
100
AcDbEntity
  8
ETRIERS
100
AcDbLine
 10
17530.0
 20
18241.0
 30
0.0
 11
22470.0
 21
18241.0
 31
0.0
  0
LINE
  5
91E
330
17
100
AcDbEntity
  8
ETRIERS
100
AcDbLine
 10
17530.0
 20
18441.0
 30
0.0
 11
22470.0
 21
18441.0
 31
0.0
  0
LINE
  5
91F
330
17
100
AcDbEntity
  8
ETRIERS
100
AcDbLine
 10
17530.0
 20
18641.0
 30
0.0
 11
22470.0
 21
18641.0
 31
0.0
  0
LINE
  5
920
330
17
100
AcDbEntity
  8
ETRIERS
100
AcDbLine
 10
17530.0
 20
18841.0
 30
0.0
 11
22470.0
 21
18841.0
 31
0.0
  0
LINE
  5
921
330
17
100
AcDbEntity
  8
ETRIERS
100
AcDbLine
 10
17530.0
 20
19041.0
 30
0.0
 11
22470.0
 21
19041.0
 31
0.0
  0
LINE
  5
922
330
17
100
AcDbEntity
  8
ETRIERS
100
AcDbLine
 10
17530.0
 20
19241.0
 30
0.0
 11
22470.0
 21
19241.0
 31
0.0
  0
LINE
  5
923
330
17
100
AcDbEntity
  8
ETRIERS
100
AcDbLine
 10
17530.0
 20
19441.0
 30
0.0
 11
22470.0
 21
19441.0
 31
0.0
  0
LINE
  5
924
330
17
100
AcDbEntity
  8
ETRIERS
100
AcDbLine
 10
17530.0
 20
19641.0
 30
0.0
 11
22470.0
 21
19641.0
 31
0.0
  0
LINE
  5
925
330
17
100
AcDbEntity
  8
ETRIERS
100
AcDbLine
 10
17530.0
 20
19841.0
 30
0.0
 11
22470.0
 21
19841.0
 31
0.0
  0
LINE
  5
926
330
17
100
AcDbEntity
  8
ETRIERS
100
AcDbLine
 10
17530.0
 20
20041.0
 30
0.0
 11
22470.0
 21
20041.0
 31
0.0
  0
LINE
  5
927
330
17
100
AcDbEntity
  8
ETRIERS
100
AcDbLine
 10
17530.0
 20
20241.0
 30
0.0
 11
22470.0
 21
20241.0
 31
0.0
  0
LINE
  5
928
330
17
100
AcDbEntity
  8
ETRIERS
100
AcDbLine
 10
17530.0
 20
20441.0
 30
0.0
 11
22470.0
 21
20441.0
 31
0.0
  0
LINE
  5
929
330
17
100
AcDbEntity
  8
ETRIERS
100
AcDbLine
 10
17530.0
 20
20641.0
 30
0.0
 11
22470.0
 21
20641.0
 31
0.0
  0
LINE
  5
92A
330
17
100
AcDbEntity
  8
ETRIERS
100
AcDbLine
 10
17530.0
 20
20841.0
 30
0.0
 11
22470.0
 21
20841.0
 31
0.0
  0
LINE
  5
92B
330
17
100
AcDbEntity
  8
ETRIERS
100
AcDbLine
 10
17530.0
 20
21041.0
 30
0.0
 11
22470.0
 21
21041.0
 31
0.0
  0
LINE
  5
92C
330
17
100
AcDbEntity
  8
ETRIERS
100
AcDbLine
 10
17530.0
 20
21241.0
 30
0.0
 11
22470.0
 21
21241.0
 31
0.0
  0
LINE
  5
92D
330
17
100
AcDbEntity
  8
ETRIERS
100
AcDbLine
 10
17530.0
 20
21441.0
 30
0.0
 11
22470.0
 21
21441.0
 31
0.0
  0
LINE
  5
92E
330
17
100
AcDbEntity
  8
ETRIERS
100
AcDbLine
 10
17530.0
 20
21641.0
 30
0.0
 11
22470.0
 21
21641.0
 31
0.0
  0
LINE
  5
92F
330
17
100
AcDbEntity
  8
ETRIERS
100
AcDbLine
 10
17530.0
 20
21841.0
 30
0.0
 11
22470.0
 21
21841.0
 31
0.0
  0
LINE
  5
930
330
17
100
AcDbEntity
  8
ETRIERS
100
AcDbLine
 10
17530.0
 20
22041.0
 30
0.0
 11
22470.0
 21
22041.0
 31
0.0
  0
LINE
  5
931
330
17
100
AcDbEntity
  8
ETRIERS
100
AcDbLine
 10
17530.0
 20
22241.0
 30
0.0
 11
22470.0
 21
22241.0
 31
0.0
  0
LINE
  5
932
330
17
100
AcDbEntity
  8
ETRIERS
100
AcDbLine
 10
17530.0
 20
22441.0
 30
0.0
 11
22470.0
 21
22441.0
 31
0.0
  0
LINE
  5
933
330
17
100
AcDbEntity
  8
ETRIERS
100
AcDbLine
 10
17530.0
 20
22641.0
 30
0.0
 11
22470.0
 21
22641.0
 31
0.0
  0
LINE
  5
934
330
17
100
AcDbEntity
  8
ETRIERS
100
AcDbLine
 10
17530.0
 20
22841.0
 30
0.0
 11
22470.0
 21
22841.0
 31
0.0
  0
LINE
  5
935
330
17
100
AcDbEntity
  8
ETRIERS
100
AcDbLine
 10
17530.0
 20
23041.0
 30
0.0
 11
22470.0
 21
23041.0
 31
0.0
  0
LINE
  5
936
330
17
100
AcDbEntity
  8
ETRIERS
100
AcDbLine
 10
17530.0
 20
23241.0
 30
0.0
 11
22470.0
 21
23241.0
 31
0.0
  0
LINE
  5
937
330
17
100
AcDbEntity
  8
ETRIERS
100
AcDbLine
 10
17530.0
 20
23441.0
 30
0.0
 11
22470.0
 21
23441.0
 31
0.0
  0
LINE
  5
938
330
17
100
AcDbEntity
  8
ETRIERS
100
AcDbLine
 10
17530.0
 20
23641.0
 30
0.0
 11
22470.0
 21
23641.0
 31
0.0
  0
LINE
  5
939
330
17
100
AcDbEntity
  8
ETRIERS
100
AcDbLine
 10
17530.0
 20
23841.0
 30
0.0
 11
22470.0
 21
23841.0
 31
0.0
  0
LINE
  5
93A
330
17
100
AcDbEntity
  8
ETRIERS
100
AcDbLine
 10
17530.0
 20
24041.0
 30
0.0
 11
22470.0
 21
24041.0
 31
0.0
  0
LINE
  5
93B
330
17
100
AcDbEntity
  8
ETRIERS
100
AcDbLine
 10
17530.0
 20
24241.0
 30
0.0
 11
22470.0
 21
24241.0
 31
0.0
  0
LINE
  5
93C
330
17
100
AcDbEntity
  8
ETRIERS
100
AcDbLine
 10
17530.0
 20
24441.0
 30
0.0
 11
22470.0
 21
24441.0
 31
0.0
  0
LINE
  5
93D
330
17
100
AcDbEntity
  8
ETRIERS
100
AcDbLine
 10
17530.0
 20
24641.0
 30
0.0
 11
22470.0
 21
24641.0
 31
0.0
  0
LINE
  5
93E
330
17
100
AcDbEntity
  8
ETRIERS
100
AcDbLine
 10
17530.0
 20
24841.0
 30
0.0
 11
22470.0
 21
24841.0
 31
0.0
  0
LINE
  5
93F
330
17
100
AcDbEntity
  8
ETRIERS
100
AcDbLine
 10
17530.0
 20
25041.0
 30
0.0
 11
22470.0
 21
25041.0
 31
0.0
  0
LINE
  5
940
330
17
100
AcDbEntity
  8
ETRIERS
100
AcDbLine
 10
17530.0
 20
25241.0
 30
0.0
 11
22470.0
 21
25241.0
 31
0.0
  0
LINE
  5
941
330
17
100
AcDbEntity
  8
ETRIERS
100
AcDbLine
 10
17530.0
 20
25441.0
 30
0.0
 11
22470.0
 21
25441.0
 31
0.0
  0
LINE
  5
942
330
17
100
AcDbEntity
  8
ETRIERS
100
AcDbLine
 10
17530.0
 20
25641.0
 30
0.0
 11
22470.0
 21
25641.0
 31
0.0
  0
LINE
  5
943
330
17
100
AcDbEntity
  8
ETRIERS
100
AcDbLine
 10
17530.0
 20
25841.0
 30
0.0
 11
22470.0
 21
25841.0
 31
0.0
  0
LINE
  5
944
330
17
100
AcDbEntity
  8
ETRIERS
100
AcDbLine
 10
17530.0
 20
26041.0
 30
0.0
 11
22470.0
 21
26041.0
 31
0.0
  0
LINE
  5
945
330
17
100
AcDbEntity
  8
ETRIERS
100
AcDbLine
 10
17530.0
 20
26241.0
 30
0.0
 11
22470.0
 21
26241.0
 31
0.0
  0
LINE
  5
946
330
17
100
AcDbEntity
  8
ETRIERS
100
AcDbLine
 10
17530.0
 20
26441.0
 30
0.0
 11
22470.0
 21
26441.0
 31
0.0
  0
LINE
  5
947
330
17
100
AcDbEntity
  8
ETRIERS
100
AcDbLine
 10
17530.0
 20
26641.0
 30
0.0
 11
22470.0
 21
26641.0
 31
0.0
  0
LINE
  5
948
330
17
100
AcDbEntity
  8
ETRIERS
100
AcDbLine
 10
17530.0
 20
26841.0
 30
0.0
 11
22470.0
 21
26841.0
 31
0.0
  0
LINE
  5
949
330
17
100
AcDbEntity
  8
ETRIERS
100
AcDbLine
 10
17530.0
 20
27041.0
 30
0.0
 11
22470.0
 21
27041.0
 31
0.0
  0
LINE
  5
94A
330
17
100
AcDbEntity
  8
ETRIERS
100
AcDbLine
 10
17530.0
 20
27241.0
 30
0.0
 11
22470.0
 21
27241.0
 31
0.0
  0
LINE
  5
94B
330
17
100
AcDbEntity
  8
ETRIERS
100
AcDbLine
 10
17530.0
 20
27441.0
 30
0.0
 11
22470.0
 21
27441.0
 31
0.0
  0
LINE
  5
94C
330
17
100
AcDbEntity
  8
ETRIERS
100
AcDbLine
 10
17530.0
 20
27641.0
 30
0.0
 11
22470.0
 21
27641.0
 31
0.0
  0
LINE
  5
94D
330
17
100
AcDbEntity
  8
ETRIERS
100
AcDbLine
 10
17530.0
 20
27841.0
 30
0.0
 11
22470.0
 21
27841.0
 31
0.0
  0
LINE
  5
94E
330
17
100
AcDbEntity
  8
ETRIERS
100
AcDbLine
 10
17530.0
 20
28041.0
 30
0.0
 11
22470.0
 21
28041.0
 31
0.0
  0
LINE
  5
94F
330
17
100
AcDbEntity
  8
ETRIERS
100
AcDbLine
 10
17530.0
 20
28241.0
 30
0.0
 11
22470.0
 21
28241.0
 31
0.0
  0
LINE
  5
950
330
17
100
AcDbEntity
  8
ETRIERS
100
AcDbLine
 10
17530.0
 20
28441.0
 30
0.0
 11
22470.0
 21
28441.0
 31
0.0
  0
LINE
  5
951
330
17
100
AcDbEntity
  8
ETRIERS
100
AcDbLine
 10
17530.0
 20
28641.0
 30
0.0
 11
22470.0
 21
28641.0
 31
0.0
  0
LINE
  5
952
330
17
100
AcDbEntity
  8
ETRIERS
100
AcDbLine
 10
17530.0
 20
28841.0
 30
0.0
 11
22470.0
 21
28841.0
 31
0.0
  0
LINE
  5
953
330
17
100
AcDbEntity
  8
ETRIERS
100
AcDbLine
 10
17530.0
 20
29041.0
 30
0.0
 11
22470.0
 21
29041.0
 31
0.0
  0
LINE
  5
954
330
17
100
AcDbEntity
  8
ETRIERS
100
AcDbLine
 10
17530.0
 20
29241.0
 30
0.0
 11
22470.0
 21
29241.0
 31
0.0
  0
LINE
  5
955
330
17
100
AcDbEntity
  8
ETRIERS
100
AcDbLine
 10
17530.0
 20
29441.0
 30
0.0
 11
22470.0
 21
29441.0
 31
0.0
  0
LINE
  5
956
330
17
100
AcDbEntity
  8
ETRIERS
100
AcDbLine
 10
17530.0
 20
29641.0
 30
0.0
 11
22470.0
 21
29641.0
 31
0.0
  0
LINE
  5
957
330
17
100
AcDbEntity
  8
ETRIERS
100
AcDbLine
 10
17530.0
 20
29841.0
 30
0.0
 11
22470.0
 21
29841.0
 31
0.0
  0
LINE
  5
958
330
17
100
AcDbEntity
  8
ETRIERS
100
AcDbLine
 10
17530.0
 20
29959.0
 30
0.0
 11
22470.0
 21
29959.0
 31
0.0
  0
LINE
  5
959
330
17
100
AcDbEntity
  8
COTATIONS
100
AcDbLine
 10
22500.0
 20
0.0
 30
0.0
 11
25750.0
 21
0.0
 31
0.0
  0
LINE
  5
95A
330
17
100
AcDbEntity
  8
COTATIONS
100
AcDbLine
 10
22500.0
 20
30000.0
 30
0.0
 11
25750.0
 21
30000.0
 31
0.0
  0
LINE
  5
95B
330
17
100
AcDbEntity
  8
COTATIONS
100
AcDbLine
 10
25500.0
 20
0.0
 30
0.0
 11
25500.0
 21
30000.0
 31
0.0
  0
LINE
  5
95C
330
17
100
AcDbEntity
  8
COTATIONS
100
AcDbLine
 10
25500.0
 20
0.0
 30
0.0
 11
25750.0
 21
500.0
 31
0.0
  0
LINE
  5
95D
330
17
100
AcDbEntity
  8
COTATIONS
100
AcDbLine
 10
25500.0
 20
0.0
 30
0.0
 11
25250.0
 21
500.0
 31
0.0
  0
LINE
  5
95E
330
17
100
AcDbEntity
  8
COTATIONS
100
AcDbLine
 10
25500.0
 20
30000.0
 30
0.0
 11
25750.0
 21
29500.0
 31
0.0
  0
LINE
  5
95F
330
17
100
AcDbEntity
  8
COTATIONS
100
AcDbLine
 10
25500.0
 20
30000.0
 30
0.0
 11
25250.0
 21
29500.0
 31
0.0
  0
TEXT
  5
960
330
17
100
AcDbEntity
  8
COTATIONS
100
AcDbText
 10
26400.0
 20
15000.0
 30
0.0
 40
500.0
  1
H = 30.00 m
 50
90.0
 72
1
 11
26400.0
 21
15000.0
 31
0.0
100
AcDbText
 73
2
  0
LINE
  5
961
330
17
100
AcDbEntity
  8
COTATIONS
100
AcDbLine
 10
17500.0
 20
0.0
 30
0.0
 11
17500.0
 21
-3250.0
 31
0.0
  0
LINE
  5
962
330
17
100
AcDbEntity
  8
COTATIONS
100
AcDbLine
 10
22500.0
 20
0.0
 30
0.0
 11
22500.0
 21
-3250.0
 31
0.0
  0
LINE
  5
963
330
17
100
AcDbEntity
  8
COTATIONS
100
AcDbLine
 10
17500.0
 20
-3000.0
 30
0.0
 11
22500.0
 21
-3000.0
 31
0.0
  0
LINE
  5
964
330
17
100
AcDbEntity
  8
COTATIONS
100
AcDbLine
 10
17500.0
 20
-3000.0
 30
0.0
 11
18000.0
 21
-2750.0
 31
0.0
  0
LINE
  5
965
330
17
100
AcDbEntity
  8
COTATIONS
100
AcDbLine
 10
17500.0
 20
-3000.0
 30
0.0
 11
18000.0
 21
-3250.0
 31
0.0
  0
LINE
  5
966
330
17
100
AcDbEntity
  8
COTATIONS
100
AcDbLine
 10
22500.0
 20
-3000.0
 30
0.0
 11
22000.0
 21
-2750.0
 31
0.0
  0
LINE
  5
967
330
17
100
AcDbEntity
  8
COTATIONS
100
AcDbLine
 10
22500.0
 20
-3000.0
 30
0.0
 11
22000.0
 21
-3250.0
 31
0.0
  0
TEXT
  5
968
330
17
100
AcDbEntity
  8
COTATIONS
100
AcDbText
 10
20000.0
 20
-3900.0
 30
0.0
 40
500.0
  1
b = 5000 mm
 72
1
 11
20000.0
 21
-3900.0
 31
0.0
100
AcDbText
 73
2
  0
TEXT
  5
969
330
17
100
AcDbEntity
  8
TEXTES
100
AcDbText
 10
20000.0
 20
35450.0
 30
0.0
 40
700.0000000000001
  1
Poteau BA - Groupe 1
 72
1
 11
20000.0
 21
35450.0
 31
0.0
100
AcDbText
 73
2
  0
TEXT
  5
96A
330
17
100
AcDbEntity
  8
TEXTES
100
AcDbText
 10
20000.0
 20
34400.0
 30
0.0
 40
500.0
  1
b = 5000 mm  |  h = 10000 mm  |  H = 30.00 m
 72
1
 11
20000.0
 21
34400.0
 31
0.0
100
AcDbText
 73
2
  0
TEXT
  5
96B
330
17
100
AcDbEntity
  8
TEXTES
100
AcDbText
 10
20000.0
 20
33300.0
 30
0.0
 40
500.0
  1
Arm. long. : 2165 HA10  |  Cadres : HA6 / 200 mm
 72
1
 11
20000.0
 21
33300.0
 31
0.0
100
AcDbText
 73
2
  0
TEXT
  5
96C
330
17
100
AcDbEntity
  8
TEXTES
100
AcDbText
 10
20000.0
 20
32200.0
 30
0.0
 40
500.0
  1
NEd = 609.0 kN  |  As,req = 170000 mm2  |  As,adoptee = 170039 mm2
 72
1
 11
20000.0
 21
32200.0
 31
0.0
100
AcDbText
 73
2
  0
ENDSEC
  0
SECTION
  2
OBJECTS
  0
DICTIONARY
  5
A
330
0
100
AcDbDictionary
281
1
  3
ACAD_COLOR
350
B
  3
ACAD_GROUP
350
C
  3
ACAD_LAYOUT
350
D
  3
ACAD_MATERIAL
350
E
  3
ACAD_MLEADERSTYLE
350
F
  3
ACAD_MLINESTYLE
350
10
  3
ACAD_PLOTSETTINGS
350
11
  3
ACAD_PLOTSTYLENAME
350
12
  3
ACAD_SCALELIST
350
14
  3
ACAD_TABLESTYLE
350
15
  3
ACAD_VISUALSTYLE
350
16
  3
EZDXF_META
350
2D
  0
DICTIONARY
  5
B
330
A
100
AcDbDictionary
281
1
  0
DICTIONARY
  5
C
330
A
100
AcDbDictionary
281
1
  0
DICTIONARY
  5
D
330
A
100
AcDbDictionary
281
1
  3
Model
350
1A
  3
Layout1
350
1E
  0
DICTIONARY
  5
E
330
A
100
AcDbDictionary
281
1
  3
ByBlock
350
1F
  3
ByLayer
350
20
  3
Global
350
21
  0
DICTIONARY
  5
F
330
A
100
AcDbDictionary
281
1
  3
Standard
350
2C
  0
DICTIONARY
  5
10
330
A
100
AcDbDictionary
281
1
  3
Standard
350
22
  0
DICTIONARY
  5
11
330
A
100
AcDbDictionary
281
1
  0
ACDBDICTIONARYWDFLT
  5
12
330
A
100
AcDbDictionary
281
1
  3
Normal
350
13
100
AcDbDictionaryWithDefault
340
13
  0
ACDBPLACEHOLDER
  5
13
330
12
  0
DICTIONARY
  5
14
330
A
100
AcDbDictionary
281
1
  0
DICTIONARY
  5
15
330
A
100
AcDbDictionary
281
1
  0
DICTIONARY
  5
16
330
A
100
AcDbDictionary
281
1
  0
LAYOUT
  5
1A
330
D
100
AcDbPlotSettings
  1

  4
A3
  6

 40
7.5
 41
20.0
 42
7.5
 43
20.0
 44
420.0
 45
297.0
 46
0.0
 47
0.0
 48
0.0
 49
0.0
140
0.0
141
0.0
142
1.0
143
1.0
 70
1024
 72
1
 73
0
 74
5
  7

 75
16
 76
0
 77
2
 78
300
147
1.0
148
0.0
149
0.0
100
AcDbLayout
  1
Model
 70
1
 71
0
 10
0.0
 20
0.0
 11
420.0
 21
297.0
 12
0.0
 22
0.0
 32
0.0
 14
1e+20
 24
1e+20
 34
1e+20
 15
-1e+20
 25
-1e+20
 35
-1e+20
146
0.0
 13
0.0
 23
0.0
 33
0.0
 16
1.0
 26
0.0
 36
0.0
 17
0.0
 27
1.0
 37
0.0
 76
1
330
17
  0
LAYOUT
  5
1E
330
D
100
AcDbPlotSettings
  1

  4
A3
  6

 40
7.5
 41
20.0
 42
7.5
 43
20.0
 44
420.0
 45
297.0
 46
0.0
 47
0.0
 48
0.0
 49
0.0
140
0.0
141
0.0
142
1.0
143
1.0
 70
0
 72
1
 73
0
 74
5
  7

 75
16
 76
0
 77
2
 78
300
147
1.0
148
0.0
149
0.0
100
AcDbLayout
  1
Layout1
 70
1
 71
1
 10
0.0
 20
0.0
 11
420.0
 21
297.0
 12
0.0
 22
0.0
 32
0.0
 14
1e+20
 24
1e+20
 34
1e+20
 15
-1e+20
 25
-1e+20
 35
-1e+20
146
0.0
 13
0.0
 23
0.0
 33
0.0
 16
1.0
 26
0.0
 36
0.0
 17
0.0
 27
1.0
 37
0.0
 76
1
330
1B
  0
MATERIAL
  5
1F
102
{ACAD_REACTORS
330
E
102
}
330
E
100
AcDbMaterial
  1
ByBlock
  2

 70
0
 40
1.0
 71
1
 41
1.0
 91
-1023410177
 42
1.0
 72
1
  3

 73
1
 74
1
 75
1
 44
0.5
 73
0
 45
1.0
 46
1.0
 77
1
  4

 78
1
 79
1
170
1
 48
1.0
171
1
  6

172
1
173
1
174
1
140
1.0
141
1.0
175
1
  7

176
1
177
1
178
1
143
1.0
179
1
  8

270
1
271
1
272
1
145
1.0
146
1.0
273
1
  9

274
1
275
1
276
1
 42
1.0
 72
1
  3

 73
1
 74
1
 75
1
 94
63
  0
MATERIAL
  5
20
102
{ACAD_REACTORS
330
E
102
}
330
E
100
AcDbMaterial
  1
ByLayer
  2

 70
0
 40
1.0
 71
1
 41
1.0
 91
-1023410177
 42
1.0
 72
1
  3

 73
1
 74
1
 75
1
 44
0.5
 73
0
 45
1.0
 46
1.0
 77
1
  4

 78
1
 79
1
170
1
 48
1.0
171
1
  6

172
1
173
1
174
1
140
1.0
141
1.0
175
1
  7

176
1
177
1
178
1
143
1.0
179
1
  8

270
1
271
1
272
1
145
1.0
146
1.0
273
1
  9

274
1
275
1
276
1
 42
1.0
 72
1
  3

 73
1
 74
1
 75
1
 94
63
  0
MATERIAL
  5
21
102
{ACAD_REACTORS
330
E
102
}
330
E
100
AcDbMaterial
  1
Global
  2

 70
0
 40
1.0
 71
1
 41
1.0
 91
-1023410177
 42
1.0
 72
1
  3

 73
1
 74
1
 75
1
 44
0.5
 73
0
 45
1.0
 46
1.0
 77
1
  4

 78
1
 79
1
170
1
 48
1.0
171
1
  6

172
1
173
1
174
1
140
1.0
141
1.0
175
1
  7

176
1
177
1
178
1
143
1.0
179
1
  8

270
1
271
1
272
1
145
1.0
146
1.0
273
1
  9

274
1
275
1
276
1
 42
1.0
 72
1
  3

 73
1
 74
1
 75
1
 94
63
  0
MLINESTYLE
  5
22
102
{ACAD_REACTORS
330
10
102
}
330
10
100
AcDbMlineStyle
  2
Standard
 70
0
  3

 62
256
 51
90.0
 52
90.0
 71
2
 49
0.5
 62
256
  6
BYLAYER
 49
-0.5
 62
256
  6
BYLAYER
  0
MLEADERSTYLE
  5
2C
102
{ACAD_REACTORS
330
F
102
}
330
F
100
AcDbMLeaderStyle
179
2
170
2
171
1
172
0
 90
2
 40
0.0
 41
0.0
173
1
 91
-1056964608
 92
-2
290
1
 42
2.0
291
1
 43
8.0
  3
Standard
 44
4.0
300

342
29
174
1
175
1
176
0
178
1
 93
-1056964608
 45
4.0
292
0
297
0
 46
4.0
 94
-1056964608
 47
1.0
 49
1.0
140
1.0
294
1
141
0.0
177
0
142
1.0
295
0
296
0
143
3.75
271
0
272
9
273
9
  0
DICTIONARY
  5
2D
330
A
100
AcDbDictionary
280
1
281
1
  3
CREATED_BY_EZDXF
350
2E
  3
WRITTEN_BY_EZDXF
350
96F
  0
DICTIONARYVAR
  5
2E
330
2D
100
DictionaryVariables
280
0
  1
1.4.4 @ 2026-06-11T13:18:53.867286+00:00
  0
DICTIONARYVAR
  5
96F
330
2D
100
DictionaryVariables
280
0
  1
1.4.4 @ 2026-06-11T13:18:53.888271+00:00
  0
ENDSEC
  0
EOF
